{"type":"FeatureCollection","name":"Major Culverts","features":[{"type":"Feature","id":"culvert-1","geometry":{"type":"Point","coordinates":[32.62708,0.41367]},"properties":{"structure_type":"Major Culverts","culvert_n":"C001","link_no":"C194_Link02","link_name":"Kasangati - Kyaliwajala","road_no":"C194","road_class":"C","district":"?","region":"Central","station":"Kampala","surface_ty":"Unpaved","river":"","chainage_km":13.574,"type":"26","span_or_diameter":1.2,"culvert_length":30.5,"overall_rating":7,"condition":"Good","status":"Operational","recommended_intervention":"Routine Maintenance","priority_score":37,"inspection_date":"2020-11-10"}},{"type":"Feature","id":"culvert-2","geometry":{"type":"Point","coordinates":[32.25176,0.407347]},"properties":{"structure_type":"Major Culverts","culvert_n":"C002","link_no":"C187_Link01","link_name":"Namayumba - Kitalya Prison - Kamuli","road_no":"C187","road_class":"C","district":"?","region":"Central","station":"Kampala","surface_ty":"Unpaved","river":"","chainage_km":15.7299995422363,"type":"24","span_or_diameter":2.5,"culvert_length":6.5,"overall_rating":7,"condition":"Good","status":"Operational","recommended_intervention":"Routine Maintenance","priority_score":37,"inspection_date":"2020-11-10"}},{"type":"Feature","id":"culvert-3","geometry":{"type":"Point","coordinates":[32.25165,0.407257]},"properties":{"structure_type":"Major Culverts","culvert_n":"C003","link_no":"C187_Link01","link_name":"Namayumba - Kitalya Prison - Kamuli","road_no":"C187","road_class":"C","district":"?","region":"Central","station":"Kampala","surface_ty":"Unpaved","river":"","chainage_km":15.75,"type":"24","span_or_diameter":2.5,"culvert_length":6.5,"overall_rating":7,"condition":"Good","status":"Operational","recommended_intervention":"Routine Maintenance","priority_score":37,"inspection_date":"2020-11-10"}},{"type":"Feature","id":"culvert-4","geometry":{"type":"Point","coordinates":[32.88606,0.787123]},"properties":{"structure_type":"Major Culverts","culvert_n":"C004","link_no":"C300_Link01","link_name":"Kayunga-Bale-Galiraya-Lake Kyoga","road_no":"C300","road_class":"C","district":"?","region":"Central","station":"Kampala","surface_ty":"Unpaved","river":"","chainage_km":10.1999998092651,"type":"27","span_or_diameter":1.60000002384186,"culvert_length":12.3999996185303,"overall_rating":7,"condition":"Good","status":"Operational","recommended_intervention":"Routine Maintenance","priority_score":28,"inspection_date":"2020-11-10"}},{"type":"Feature","id":"culvert-5","geometry":{"type":"Point","coordinates":[32.93518,0.631809]},"properties":{"structure_type":"Major Culverts","culvert_n":"C005","link_no":"C041_Link01","link_name":"Namataba - Kyampisi","road_no":"C041","road_class":"C","district":"?","region":"Central","station":"Kampala","surface_ty":"Unpaved","river":"","chainage_km":6,"type":"27","span_or_diameter":1.79999995231628,"culvert_length":5.80000019073486,"overall_rating":7,"condition":"Good","status":"Operational","recommended_intervention":"Routine Maintenance","priority_score":37,"inspection_date":"2020-11-10"}},{"type":"Feature","id":"culvert-6","geometry":{"type":"Point","coordinates":[32.27901,0.541882]},"properties":{"structure_type":"Major Culverts","culvert_n":"C006","link_no":"C186_Link01","link_name":"Namyumba-Kakonda-Wabikokoma-Semuto","road_no":"C186","road_class":"C","district":"?","region":"Central","station":"Luwero","surface_ty":"Unpaved","river":"","chainage_km":2.70000004768372,"type":"27","span_or_diameter":2.79999995231628,"culvert_length":10,"overall_rating":7,"condition":"Good","status":"Operational","recommended_intervention":"Routine Maintenance","priority_score":28,"inspection_date":"2020-11-10"}},{"type":"Feature","id":"culvert-7","geometry":{"type":"Point","coordinates":[32.27941,0.542171]},"properties":{"structure_type":"Major Culverts","culvert_n":"C007","link_no":"C186_Link01","link_name":"Namyumba-Kakonda-Wabikokoma-Semuto","road_no":"C186","road_class":"C","district":"?","region":"Central","station":"Luwero","surface_ty":"Unpaved","river":"","chainage_km":2.79999995231628,"type":"27","span_or_diameter":2.79999995231628,"culvert_length":10,"overall_rating":7,"condition":"Good","status":"Operational","recommended_intervention":"Routine Maintenance","priority_score":28,"inspection_date":"2020-11-10"}},{"type":"Feature","id":"culvert-8","geometry":{"type":"Point","coordinates":[32.27972,0.542406]},"properties":{"structure_type":"Major Culverts","culvert_n":"C008","link_no":"C186_Link01","link_name":"Namyumba-Kakonda-Wabikokoma-Semuto","road_no":"C186","road_class":"C","district":"?","region":"Central","station":"Luwero","surface_ty":"Unpaved","river":"","chainage_km":2.79999995231628,"type":"27","span_or_diameter":2.79999995231628,"culvert_length":10,"overall_rating":7,"condition":"Good","status":"Operational","recommended_intervention":"Routine Maintenance","priority_score":28,"inspection_date":"2020-11-10"}},{"type":"Feature","id":"culvert-9","geometry":{"type":"Point","coordinates":[32.28021,0.542841]},"properties":{"structure_type":"Major Culverts","culvert_n":"C009","link_no":"C186_Link01","link_name":"Namyumba-Kakonda-Wabikokoma-Semuto","road_no":"C186","road_class":"C","district":"?","region":"Central","station":"Luwero","surface_ty":"Unpaved","river":"","chainage_km":2.90000009536743,"type":"27","span_or_diameter":2.79999995231628,"culvert_length":10,"overall_rating":7,"condition":"Good","status":"Operational","recommended_intervention":"Routine Maintenance","priority_score":28,"inspection_date":"2020-11-12"}},{"type":"Feature","id":"culvert-10","geometry":{"type":"Point","coordinates":[32.28108,0.543501]},"properties":{"structure_type":"Major Culverts","culvert_n":"C010","link_no":"C186_Link01","link_name":"Namyumba-Kakonda-Wabikokoma-Semuto","road_no":"C186","road_class":"C","district":"?","region":"Central","station":"Luwero","surface_ty":"Unpaved","river":"","chainage_km":3.20000004768372,"type":"27","span_or_diameter":2.79999995231628,"culvert_length":2.79999995231628,"overall_rating":7,"condition":"Good","status":"Operational","recommended_intervention":"Routine Maintenance","priority_score":28,"inspection_date":"2020-11-13"}},{"type":"Feature","id":"culvert-11","geometry":{"type":"Point","coordinates":[32.37392,1.139439]},"properties":{"structure_type":"Major Culverts","culvert_n":"C011","link_no":"C317_Link01","link_name":"Katuugo-Kinyogogga","road_no":"C317","road_class":"C","district":"?","region":"Central","station":"Luwero","surface_ty":"Unpaved","river":"","chainage_km":12,"type":"27","span_or_diameter":2.79999995231628,"culvert_length":10,"overall_rating":1,"condition":"Critical","status":"Operational","recommended_intervention":"Culvert Replacement","priority_score":250,"inspection_date":"2020-11-10"}},{"type":"Feature","id":"culvert-12","geometry":{"type":"Point","coordinates":[31.92074,0.249507]},"properties":{"structure_type":"Major Culverts","culvert_n":"C012","link_no":"C262_Link01","link_name":"Mityana-Misigi-Kanoni","road_no":"C262","road_class":"C","district":"?","region":"Central","station":"Mpigi","surface_ty":"Unpaved","river":"","chainage_km":24.1000003814697,"type":"26","span_or_diameter":1.20000004768372,"culvert_length":7.80000019073486,"overall_rating":7,"condition":"Good","status":"Operational","recommended_intervention":"Routine Maintenance","priority_score":37,"inspection_date":"2020-11-10"}},{"type":"Feature","id":"culvert-13","geometry":{"type":"Point","coordinates":[31.9199,0.24929]},"properties":{"structure_type":"Major Culverts","culvert_n":"C013","link_no":"C262_Link01","link_name":"Mityana-Misigi-Kanoni","road_no":"C262","road_class":"C","district":"?","region":"Central","station":"Mpigi","surface_ty":"Unpaved","river":"","chainage_km":24.2000007629395,"type":"26","span_or_diameter":1.20000004768372,"culvert_length":7.90000009536743,"overall_rating":5,"condition":"Good","status":"Operational","recommended_intervention":"Preventive Repair","priority_score":70,"inspection_date":"2020-11-10"}},{"type":"Feature","id":"culvert-14","geometry":{"type":"Point","coordinates":[31.91851,0.248906]},"properties":{"structure_type":"Major Culverts","culvert_n":"C014","link_no":"C262_Link01","link_name":"Mityana-Misigi-Kanoni","road_no":"C262","road_class":"C","district":"?","region":"Central","station":"Mpigi","surface_ty":"Unpaved","river":"","chainage_km":24.2999992370605,"type":"26","span_or_diameter":1.20000004768372,"culvert_length":7.90000009536743,"overall_rating":7,"condition":"Good","status":"Operational","recommended_intervention":"Routine Maintenance","priority_score":37,"inspection_date":"2020-11-10"}},{"type":"Feature","id":"culvert-15","geometry":{"type":"Point","coordinates":[32.8488,0.3889]},"properties":{"structure_type":"Major Culverts","culvert_n":"C015","link_no":"A001_Link02","link_name":"Mukono - Lugazi","road_no":"A001","road_class":"A","district":"?","region":"Central","station":"Kampala","surface_ty":"Paved","river":"","chainage_km":0,"type":"24","span_or_diameter":8,"culvert_length":12,"overall_rating":7,"condition":"Good","status":"Operational","recommended_intervention":"Routine Maintenance","priority_score":33.4,"inspection_date":"2020-11-10"}},{"type":"Feature","id":"culvert-16","geometry":{"type":"Point","coordinates":[32.42356,0.32843]},"properties":{"structure_type":"Major Culverts","culvert_n":"C016","link_no":"A005_Link01","link_name":"Busega - Bujuuko","road_no":"A005","road_class":"A","district":"?","region":"Central","station":"Mpigi","surface_ty":"Paved","river":"","chainage_km":12,"type":"24","span_or_diameter":2.5,"culvert_length":11.5,"overall_rating":1,"condition":"Critical","status":"Operational","recommended_intervention":"Culvert Replacement","priority_score":400,"inspection_date":"2020-11-10"}},{"type":"Feature","id":"culvert-17","geometry":{"type":"Point","coordinates":[32.42271,0.32857]},"properties":{"structure_type":"Major Culverts","culvert_n":"C017","link_no":"A005_Link01","link_name":"Busega - Bujuuko","road_no":"A005","road_class":"A","district":"?","region":"Central","station":"Mpigi","surface_ty":"Paved","river":"","chainage_km":12.1000003814697,"type":"24","span_or_diameter":2.5,"culvert_length":12.1000003814697,"overall_rating":1,"condition":"Critical","status":"Operational","recommended_intervention":"Culvert Replacement","priority_score":400,"inspection_date":"2022-05-30"}},{"type":"Feature","id":"culvert-18","geometry":{"type":"Point","coordinates":[32.51326,0.31335]},"properties":{"structure_type":"Major Culverts","culvert_n":"C018","link_no":"A005_Link01","link_name":"Busega - Bujuuko","road_no":"A005","road_class":"A","district":"?","region":"Central","station":"Mpigi","surface_ty":"Paved","river":"","chainage_km":0.5,"type":"24","span_or_diameter":2,"culvert_length":17,"overall_rating":1,"condition":"Critical","status":"Operational","recommended_intervention":"Culvert Replacement","priority_score":400,"inspection_date":"2020-11-10"}},{"type":"Feature","id":"culvert-19","geometry":{"type":"Point","coordinates":[31.17411,0.22277]},"properties":{"structure_type":"Major Culverts","culvert_n":"C019","link_no":"B103_Link03","link_name":"Nkonge - Kibula - Magege - Kasambya","road_no":"B103","road_class":"B","district":"?","region":"Central","station":"Mubende","surface_ty":"Unpaved","river":"","chainage_km":0,"type":"27","span_or_diameter":1.79999995231628,"culvert_length":8.89999961853027,"overall_rating":7,"condition":"Good","status":"Operational","recommended_intervention":"Routine Maintenance","priority_score":41.1,"inspection_date":"2020-11-10"}},{"type":"Feature","id":"culvert-20","geometry":{"type":"Point","coordinates":[31.17382,0.22252]},"properties":{"structure_type":"Major Culverts","culvert_n":"C020","link_no":"B103_Link03","link_name":"Nkonge - Kibula - Magege - Kasambya","road_no":"B103","road_class":"B","district":"?","region":"Central","station":"Mubende","surface_ty":"Unpaved","river":"","chainage_km":0,"type":"27","span_or_diameter":1.79999995231628,"culvert_length":9.5,"overall_rating":5,"condition":"Good","status":"Operational","recommended_intervention":"Preventive Repair","priority_score":79,"inspection_date":"2020-11-12"}},{"type":"Feature","id":"culvert-21","geometry":{"type":"Point","coordinates":[31.17344,0.22225]},"properties":{"structure_type":"Major Culverts","culvert_n":"C021","link_no":"B103_Link03","link_name":"Nkonge - Kibula - Magege - Kasambya","road_no":"B103","road_class":"B","district":"?","region":"Central","station":"Mubende","surface_ty":"Unpaved","river":"","chainage_km":0,"type":"27","span_or_diameter":1.79999995231628,"culvert_length":9.5,"overall_rating":5,"condition":"Good","status":"Operational","recommended_intervention":"Preventive Repair","priority_score":79,"inspection_date":"2020-11-10"}},{"type":"Feature","id":"culvert-22","geometry":{"type":"Point","coordinates":[30.50475,-0.9826]},"properties":{"structure_type":"Major Culverts","culvert_n":"C150","link_no":"C419_Link01","link_name":"Kafunzo-Kikagati","road_no":"C419","road_class":"C","district":"06","region":"Southern","station":"Mbarara","surface_ty":"Unpaved","river":"","chainage_km":19.6110000610352,"type":"27","span_or_diameter":1.79999995231628,"culvert_length":12,"overall_rating":1,"condition":"Critical","status":"Operational","recommended_intervention":"Culvert Replacement","priority_score":310,"inspection_date":"2020-11-10"}},{"type":"Feature","id":"culvert-23","geometry":{"type":"Point","coordinates":[30.2334,0.11634]},"properties":{"structure_type":"Major Culverts","culvert_n":"C151","link_no":"C450_Link03","link_name":"Buhindagye - Mahyoro","road_no":"C450","road_class":"C","district":"06","region":"Southern","station":"Ibanda","surface_ty":"Unpaved","river":"","chainage_km":35.7000007629395,"type":"27","span_or_diameter":2.5,"culvert_length":9,"overall_rating":7,"condition":"Good","status":"Operational","recommended_intervention":"Routine Maintenance","priority_score":28,"inspection_date":"2020-11-13"}},{"type":"Feature","id":"culvert-24","geometry":{"type":"Point","coordinates":[30.14223,-0.67465]},"properties":{"structure_type":"Major Culverts","culvert_n":"C152","link_no":"C447_Link02","link_name":"Kabira - Rukungiri","road_no":"C447","road_class":"C","district":"07","region":"Southern","station":"Kabale","surface_ty":"Unpaved","river":"","chainage_km":51.9799995422363,"type":"24","span_or_diameter":2,"culvert_length":4.19999980926514,"overall_rating":1,"condition":"Critical","status":"Operational","recommended_intervention":"Culvert Replacement","priority_score":310,"inspection_date":"2020-11-10"}},{"type":"Feature","id":"culvert-25","geometry":{"type":"Point","coordinates":[30.74124,-0.73138]},"properties":{"structure_type":"Major Culverts","culvert_n":"C153","link_no":"C520_Link01","link_name":"Bwera - Kithoma","road_no":"C520","road_class":"C","district":"06","region":"Southern","station":"Kasese","surface_ty":"Unpaved","river":"","chainage_km":5,"type":"26","span_or_diameter":3.59999990463257,"culvert_length":21.2999992370605,"overall_rating":1,"condition":"Critical","status":"Operational","recommended_intervention":"Culvert Replacement","priority_score":310,"inspection_date":"2020-11-10"}},{"type":"Feature","id":"culvert-26","geometry":{"type":"Point","coordinates":[30.73161,-0.99574]},"properties":{"structure_type":"Major Culverts","culvert_n":"C154","link_no":"C419_Link02","link_name":"Kikagati-Nsongezi","road_no":"C419","road_class":"C","district":"06","region":"Southern","station":"Mbarara","surface_ty":"Paved","river":"","chainage_km":13,"type":"27","span_or_diameter":3.59999990463257,"culvert_length":22.2999992370605,"overall_rating":1,"condition":"Critical","status":"Operational","recommended_intervention":"Culvert Replacement","priority_score":310,"inspection_date":"2020-11-10"}},{"type":"Feature","id":"culvert-27","geometry":{"type":"Point","coordinates":[30.74732,-0.73699]},"properties":{"structure_type":"Major Culverts","culvert_n":"C155","link_no":"C364_Link01","link_name":"Ruti - Mwizi - Kabuyanda - Kikagati","road_no":"C364","road_class":"C","district":"06","region":"Southern","station":"Mbarara","surface_ty":"Unpaved","river":"","chainage_km":63.6300010681152,"type":"27","span_or_diameter":1.39999997615814,"culvert_length":13.3999996185303,"overall_rating":7,"condition":"Good","status":"Operational","recommended_intervention":"Routine Maintenance","priority_score":28,"inspection_date":"2020-11-10"}},{"type":"Feature","id":"culvert-28","geometry":{"type":"Point","coordinates":[30.35701,0.0961]},"properties":{"structure_type":"Major Culverts","culvert_n":"C158","link_no":"C373_Link02","link_name":"Kabujogera - Mahyoro Junction","road_no":"C373","road_class":"C","district":"06","region":"Southern","station":"Ibanda","surface_ty":"Unpaved","river":"","chainage_km":20.6100006103516,"type":"24","span_or_diameter":2.02999997138977,"culvert_length":4.80000019073486,"overall_rating":5,"condition":"Good","status":"Operational","recommended_intervention":"Preventive Repair","priority_score":85,"inspection_date":"2020-11-10"}},{"type":"Feature","id":"culvert-29","geometry":{"type":"Point","coordinates":[30.62585,-0.08123]},"properties":{"structure_type":"Major Culverts","culvert_n":"C159","link_no":"C357_Link01","link_name":"Muzizi-Buremba","road_no":"C357","road_class":"C","district":"06","region":"Southern","station":"Ibanda","surface_ty":"Unpaved","river":"","chainage_km":16.2000007629395,"type":"27","span_or_diameter":2.40000009536743,"culvert_length":8.80000019073486,"overall_rating":5,"condition":"Good","status":"Operational","recommended_intervention":"Preventive Repair","priority_score":70,"inspection_date":"2020-11-10"}},{"type":"Feature","id":"culvert-30","geometry":{"type":"Point","coordinates":[30.65799,-0.0954]},"properties":{"structure_type":"Major Culverts","culvert_n":"C160","link_no":"C357_Link01","link_name":"Muzizi-Buremba","road_no":"C357","road_class":"C","district":"06","region":"Southern","station":"Ibanda","surface_ty":"Unpaved","river":"","chainage_km":20.2999992370605,"type":"28","span_or_diameter":3.5,"culvert_length":8.80000019073486,"overall_rating":5,"condition":"Good","status":"Operational","recommended_intervention":"Preventive Repair","priority_score":70,"inspection_date":"2020-11-12"}},{"type":"Feature","id":"culvert-31","geometry":{"type":"Point","coordinates":[30.91481,-0.13248]},"properties":{"structure_type":"Major Culverts","culvert_n":"C161","link_no":"C357_Link02","link_name":"Buremba-Remiyaga","road_no":"C357","road_class":"C","district":"06","region":"Southern","station":"Ibanda","surface_ty":"Unpaved","river":"","chainage_km":53.5,"type":"27","span_or_diameter":2.09999990463257,"culvert_length":12.8000001907349,"overall_rating":7,"condition":"Good","status":"Operational","recommended_intervention":"Routine Maintenance","priority_score":37,"inspection_date":"2020-11-10"}},{"type":"Feature","id":"culvert-32","geometry":{"type":"Point","coordinates":[30.89302,0.09238]},"properties":{"structure_type":"Major Culverts","culvert_n":"C162","link_no":"C356_Link02","link_name":"Kazo-Buremba","road_no":"C356","road_class":"C","district":"06","region":"Southern","station":"Ibanda","surface_ty":"Unpaved","river":"","chainage_km":56.2999992370605,"type":"24","span_or_diameter":2.70000004768372,"culvert_length":6.5,"overall_rating":5,"condition":"Good","status":"Operational","recommended_intervention":"Preventive Repair","priority_score":85,"inspection_date":"2020-11-12"}},{"type":"Feature","id":"culvert-33","geometry":{"type":"Point","coordinates":[31.05374,-0.11781]},"properties":{"structure_type":"Major Culverts","culvert_n":"C163","link_no":"C357_Link02","link_name":"Buremba-Remiyaga","road_no":"C357","road_class":"C","district":"06","region":"Southern","station":"Ibanda","surface_ty":"Unpaved","river":"","chainage_km":68.5999984741211,"type":"24","span_or_diameter":2.20000004768372,"culvert_length":7.80000019073486,"overall_rating":1,"condition":"Critical","status":"Operational","recommended_intervention":"Culvert Replacement","priority_score":310,"inspection_date":"2020-11-10"}},{"type":"Feature","id":"culvert-34","geometry":{"type":"Point","coordinates":[30.78272,-0.00574]},"properties":{"structure_type":"Major Culverts","culvert_n":"C164","link_no":"C356_Link02","link_name":"Kazo-Buremba","road_no":"C356","road_class":"C","district":"06","region":"Southern","station":"Ibanda","surface_ty":"Unpaved","river":"","chainage_km":54,"type":"27","span_or_diameter":1.79999995231628,"culvert_length":10.5,"overall_rating":7,"condition":"Good","status":"Operational","recommended_intervention":"Routine Maintenance","priority_score":28,"inspection_date":"2020-11-10"}},{"type":"Feature","id":"culvert-35","geometry":{"type":"Point","coordinates":[30.74426,0.06921]},"properties":{"structure_type":"Major Culverts","culvert_n":"C165","link_no":"C356_Link01","link_name":"Ibanda-Kanoni-Kazo","road_no":"C356","road_class":"C","district":"06","region":"Southern","station":"Ibanda","surface_ty":"Paved","river":"","chainage_km":30.2999992370605,"type":"24","span_or_diameter":2.97000002861023,"culvert_length":10.1000003814697,"overall_rating":1,"condition":"Critical","status":"Operational","recommended_intervention":"Culvert Replacement","priority_score":310,"inspection_date":"2020-11-12"}},{"type":"Feature","id":"culvert-36","geometry":{"type":"Point","coordinates":[29.99937,-1.30196]},"properties":{"structure_type":"Major Culverts","culvert_n":"C166","link_no":"A002_Link11","link_name":"Kabale - Katuna","road_no":"A002","road_class":"A","district":"07","region":"Southern","station":"Kabale","surface_ty":"Paved","river":"","chainage_km":404.799987792969,"type":"24","span_or_diameter":2.20000004768372,"culvert_length":4.80000019073486,"overall_rating":7,"condition":"Good","status":"Operational","recommended_intervention":"Routine Maintenance","priority_score":45.1,"inspection_date":"2020-11-10"}},{"type":"Feature","id":"culvert-37","geometry":{"type":"Point","coordinates":[29.99759,-1.29084]},"properties":{"structure_type":"Major Culverts","culvert_n":"C167","link_no":"A002_Link11","link_name":"Kabale - Katuna","road_no":"A002","road_class":"A","district":"07","region":"Southern","station":"Kabale","surface_ty":"Paved","river":"","chainage_km":403.600006103516,"type":"24","span_or_diameter":2,"culvert_length":22,"overall_rating":7,"condition":"Good","status":"Operational","recommended_intervention":"Routine Maintenance","priority_score":45.1,"inspection_date":"2020-11-10"}},{"type":"Feature","id":"culvert-38","geometry":{"type":"Point","coordinates":[30.011749999000074,-1.424770013999932]},"properties":{"structure_type":"Major Culverts","culvert_n":"C168","link_no":"A002_Link11","link_name":"Kabale - Katuna","road_no":"A002","road_class":"A","district":"07","region":"Southern","station":"Kabale","surface_ty":"Paved","river":"","chainage_km":421,"type":"24","span_or_diameter":2.20000004768372,"culvert_length":12.5,"overall_rating":7,"condition":"Good","status":"Operational","recommended_intervention":"Routine Maintenance","priority_score":45.1,"inspection_date":"2020-11-10"}},{"type":"Feature","id":"culvert-39","geometry":{"type":"Point","coordinates":[29.982,-1.24794]},"properties":{"structure_type":"Major Culverts","culvert_n":"C169","link_no":"B153_Link01","link_name":"Kabale - Ikumba - Muko","road_no":"B153","road_class":"B","district":"07","region":"Southern","station":"Kabale","surface_ty":"Paved","river":"","chainage_km":1.89999997615814,"type":"24","span_or_diameter":2,"culvert_length":18.7000007629395,"overall_rating":7,"condition":"Good","status":"Operational","recommended_intervention":"Routine Maintenance","priority_score":30.7,"inspection_date":"2020-11-10"}},{"type":"Feature","id":"culvert-40","geometry":{"type":"Point","coordinates":[30.18574,-1.03003]},"properties":{"structure_type":"Major Culverts","culvert_n":"C170","link_no":"A002_Link10","link_name":"Rubaale - Muhanga - Kabale","road_no":"A002","road_class":"A","district":"07","region":"Southern","station":"Kabale","surface_ty":"Paved","river":"","chainage_km":341.399993896484,"type":"27","span_or_diameter":1.79999995231628,"culvert_length":14.3000001907349,"overall_rating":7,"condition":"Good","status":"Operational","recommended_intervention":"Routine Maintenance","priority_score":33.4,"inspection_date":"2020-11-10"}},{"type":"Feature","id":"culvert-41","geometry":{"type":"Point","coordinates":[30.16077,-0.67818]},"properties":{"structure_type":"Major Culverts","culvert_n":"C171","link_no":"B152_Link02","link_name":"Kagamba - Ishaka","road_no":"B152","road_class":"B","district":"07","region":"Southern","station":"Kabale","surface_ty":"Paved","river":"","chainage_km":32.7000007629395,"type":"24","span_or_diameter":2.40000009536743,"culvert_length":13.3000001907349,"overall_rating":7,"condition":"Good","status":"Operational","recommended_intervention":"Routine Maintenance","priority_score":30.7,"inspection_date":"2020-11-10"}},{"type":"Feature","id":"culvert-42","geometry":{"type":"Point","coordinates":[29.948,-0.99941]},"properties":{"structure_type":"Major Culverts","culvert_n":"C172","link_no":"C411_Link01","link_name":"Muhanga-Kisiizi-Kebisoni","road_no":"C411","road_class":"C","district":"07","region":"Southern","station":"Kabale","surface_ty":"Unpaved","river":"","chainage_km":33.4000015258789,"type":"27","span_or_diameter":2.79999995231628,"culvert_length":8.30000019073486,"overall_rating":7,"condition":"Good","status":"Operational","recommended_intervention":"Routine Maintenance","priority_score":28,"inspection_date":"2020-11-10"}},{"type":"Feature","id":"culvert-43","geometry":{"type":"Point","coordinates":[29.75134,-0.69844]},"properties":{"structure_type":"Major Culverts","culvert_n":"C173","link_no":"C446_Link01","link_name":"Bukurungu - Nyamirama","road_no":"C446","road_class":"C","district":"07","region":"Southern","station":"Kabale","surface_ty":"Paved","river":"","chainage_km":8.69999980926514,"type":"24","span_or_diameter":5,"culvert_length":6.30000019073486,"overall_rating":7,"condition":"Good","status":"Operational","recommended_intervention":"Routine Maintenance","priority_score":37,"inspection_date":"2020-11-13"}},{"type":"Feature","id":"culvert-44","geometry":{"type":"Point","coordinates":[29.94822,-0.65434]},"properties":{"structure_type":"Major Culverts","culvert_n":"C174","link_no":"C452_Link01","link_name":"Rukungiri - Station Boundary","road_no":"C452","road_class":"C","district":"07","region":"Southern","station":"Kabale","surface_ty":"Unpaved","river":"","chainage_km":18.1000003814697,"type":"27","span_or_diameter":1.5,"culvert_length":14.3000001907349,"overall_rating":5,"condition":"Good","status":"Operational","recommended_intervention":"Preventive Repair","priority_score":85,"inspection_date":"2020-11-10"}},{"type":"Feature","id":"culvert-45","geometry":{"type":"Point","coordinates":[29.99347,-1.26131]},"properties":{"structure_type":"Major Culverts","culvert_n":"C175","link_no":"A002_Link11","link_name":"Kabale - Katuna","road_no":"A002","road_class":"A","district":"07","region":"Southern","station":"Kabale","surface_ty":"Paved","river":"","chainage_km":400.200012207031,"type":"24","span_or_diameter":3,"culvert_length":22.1000003814697,"overall_rating":7,"condition":"Good","status":"Operational","recommended_intervention":"Routine Maintenance","priority_score":33.4,"inspection_date":"2020-11-10"}},{"type":"Feature","id":"culvert-46","geometry":{"type":"Point","coordinates":[30.00667,-1.25661]},"properties":{"structure_type":"Major Culverts","culvert_n":"C176","link_no":"A002_Link10","link_name":"Rubaale - Muhanga - Kabale","road_no":"A002","road_class":"A","district":"07","region":"Southern","station":"Kabale","surface_ty":"Paved","river":"","chainage_km":393.799987792969,"type":"24","span_or_diameter":2.5,"culvert_length":0,"overall_rating":7,"condition":"Good","status":"Operational","recommended_intervention":"Routine Maintenance","priority_score":33.4,"inspection_date":"2020-11-10"}},{"type":"Feature","id":"culvert-47","geometry":{"type":"Point","coordinates":[29.93023,-0.7974]},"properties":{"structure_type":"Major Culverts","culvert_n":"C177","link_no":"C410_Link02","link_name":"Kebisoni-Rukungiri","road_no":"C410","road_class":"C","district":"?","region":"Southern","station":"Kabale","surface_ty":"Paved","river":"","chainage_km":34,"type":"24","span_or_diameter":3,"culvert_length":11,"overall_rating":7,"condition":"Good","status":"Operational","recommended_intervention":"Routine Maintenance","priority_score":28,"inspection_date":"2020-11-10"}},{"type":"Feature","id":"culvert-48","geometry":{"type":"Point","coordinates":[30.09326,-0.322]},"properties":{"structure_type":"Major Culverts","culvert_n":"C178","link_no":"C510_Link01","link_name":"Mubuku-Maliba-Nyakalingijo","road_no":"C510","road_class":"C","district":"08","region":"Southern","station":"Kasese","surface_ty":"Unpaved","river":"","chainage_km":8.30000019073486,"type":"24","span_or_diameter":2.59999990463257,"culvert_length":18.3999996185303,"overall_rating":7,"condition":"Good","status":"Operational","recommended_intervention":"Routine Maintenance","priority_score":37,"inspection_date":"2020-11-10"}},{"type":"Feature","id":"culvert-49","geometry":{"type":"Point","coordinates":[30.06544,-0.18736]},"properties":{"structure_type":"Major Culverts","culvert_n":"C179","link_no":"C511_Link01","link_name":"Kasese - Kilembe mines","road_no":"C511","road_class":"C","district":"08","region":"Southern","station":"Kasese","surface_ty":"Paved","river":"","chainage_km":2.90000009536743,"type":"24","span_or_diameter":3,"culvert_length":12.5,"overall_rating":7,"condition":"Good","status":"Operational","recommended_intervention":"Routine Maintenance","priority_score":37,"inspection_date":"2020-11-10"}},{"type":"Feature","id":"culvert-50","geometry":{"type":"Point","coordinates":[30.01059,-0.2014]},"properties":{"structure_type":"Major Culverts","culvert_n":"C180","link_no":"C511_Link01","link_name":"Kasese - Kilembe mines","road_no":"C511","road_class":"C","district":"08","region":"Southern","station":"Kasese","surface_ty":"Paved","river":"","chainage_km":10.6499996185303,"type":"24","span_or_diameter":2.65000009536743,"culvert_length":10.8000001907349,"overall_rating":5,"condition":"Good","status":"Operational","recommended_intervention":"Preventive Repair","priority_score":85,"inspection_date":"2020-11-10"}},{"type":"Feature","id":"culvert-51","geometry":{"type":"Point","coordinates":[30.01832,-0.18567]},"properties":{"structure_type":"Major Culverts","culvert_n":"C181","link_no":"C511_Link01","link_name":"Kasese - Kilembe mines","road_no":"C511","road_class":"C","district":"08","region":"Southern","station":"Kasese","surface_ty":"Paved","river":"","chainage_km":8.60000038146973,"type":"24","span_or_diameter":3.09999990463257,"culvert_length":3.90000009536743,"overall_rating":7,"condition":"Good","status":"Operational","recommended_intervention":"Routine Maintenance","priority_score":37,"inspection_date":"2020-11-10"}},{"type":"Feature","id":"culvert-52","geometry":{"type":"Point","coordinates":[30.01857,-0.18518]},"properties":{"structure_type":"Major Culverts","culvert_n":"C182","link_no":"C511_Link01","link_name":"Kasese - Kilembe mines","road_no":"C511","road_class":"C","district":"08","region":"Southern","station":"Kasese","surface_ty":"Paved","river":"","chainage_km":8.5,"type":"24","span_or_diameter":3,"culvert_length":12.5,"overall_rating":7,"condition":"Good","status":"Operational","recommended_intervention":"Routine Maintenance","priority_score":37,"inspection_date":"2020-11-10"}},{"type":"Feature","id":"culvert-53","geometry":{"type":"Point","coordinates":[30.02612,-0.18329]},"properties":{"structure_type":"Major Culverts","culvert_n":"C183","link_no":"C511_Link01","link_name":"Kasese - Kilembe mines","road_no":"C511","road_class":"C","district":"08","region":"Southern","station":"Kasese","surface_ty":"Paved","river":"","chainage_km":7.69999980926514,"type":"24","span_or_diameter":2,"culvert_length":16,"overall_rating":7,"condition":"Good","status":"Operational","recommended_intervention":"Routine Maintenance","priority_score":28,"inspection_date":"2020-11-10"}},{"type":"Feature","id":"culvert-54","geometry":{"type":"Point","coordinates":[30.04919,-0.1873]},"properties":{"structure_type":"Major Culverts","culvert_n":"C184","link_no":"C511_Link01","link_name":"Kasese - Kilembe mines","road_no":"C511","road_class":"C","district":"08","region":"Southern","station":"Kasese","surface_ty":"Paved","river":"","chainage_km":6.90000009536743,"type":"24","span_or_diameter":3,"culvert_length":13.6000003814697,"overall_rating":7,"condition":"Good","status":"Operational","recommended_intervention":"Routine Maintenance","priority_score":37,"inspection_date":"2020-11-10"}},{"type":"Feature","id":"culvert-55","geometry":{"type":"Point","coordinates":[29.75551,-0.03405]},"properties":{"structure_type":"Major Culverts","culvert_n":"C185","link_no":"A005_Link15","link_name":"Kikorongo - Bwera - Mpondwe","road_no":"A005","road_class":"A","district":"08","region":"Southern","station":"Kasese","surface_ty":"Paved","river":"","chainage_km":410.399993896484,"type":"27","span_or_diameter":1.70000004768372,"culvert_length":13.5,"overall_rating":7,"condition":"Good","status":"Operational","recommended_intervention":"Routine Maintenance","priority_score":45.1,"inspection_date":"2020-11-10"}},{"type":"Feature","id":"culvert-56","geometry":{"type":"Point","coordinates":[29.96401,-0.00667]},"properties":{"structure_type":"Major Culverts","culvert_n":"C186","link_no":"A005_Link15","link_name":"Kikorongo - Bwera - Mpondwe","road_no":"A005","road_class":"A","district":"08","region":"Southern","station":"Kasese","surface_ty":"Paved","river":"","chainage_km":385,"type":"24","span_or_diameter":2,"culvert_length":14.3000001907349,"overall_rating":7,"condition":"Good","status":"Operational","recommended_intervention":"Routine Maintenance","priority_score":45.1,"inspection_date":"2020-11-10"}},{"type":"Feature","id":"culvert-57","geometry":{"type":"Point","coordinates":[29.8992,-0.00909]},"properties":{"structure_type":"Major Culverts","culvert_n":"C187","link_no":"A005_Link15","link_name":"Kikorongo - Bwera - Mpondwe","road_no":"A005","road_class":"A","district":"08","region":"Southern","station":"Kasese","surface_ty":"Paved","river":"","chainage_km":392.459991455078,"type":"24","span_or_diameter":4,"culvert_length":22,"overall_rating":7,"condition":"Good","status":"Operational","recommended_intervention":"Routine Maintenance","priority_score":33.4,"inspection_date":"2020-11-10"}},{"type":"Feature","id":"culvert-58","geometry":{"type":"Point","coordinates":[29.87049,-0.00357]},"properties":{"structure_type":"Major Culverts","culvert_n":"C188","link_no":"A005_Link15","link_name":"Kikorongo - Bwera - Mpondwe","road_no":"A005","road_class":"A","district":"08","region":"Southern","station":"Kasese","surface_ty":"Paved","river":"","chainage_km":395.5,"type":"24","span_or_diameter":4,"culvert_length":0,"overall_rating":1,"condition":"Critical","status":"Operational","recommended_intervention":"Culvert Replacement","priority_score":400,"inspection_date":"2020-11-10"}},{"type":"Feature","id":"culvert-59","geometry":{"type":"Point","coordinates":[29.81556,0.00964]},"properties":{"structure_type":"Major Culverts","culvert_n":"C189","link_no":"A005_Link15","link_name":"Kikorongo - Bwera - Mpondwe","road_no":"A005","road_class":"A","district":"08","region":"Southern","station":"Kasese","surface_ty":"Paved","river":"","chainage_km":401.799987792969,"type":"24","span_or_diameter":2.5,"culvert_length":14.8000001907349,"overall_rating":7,"condition":"Good","status":"Operational","recommended_intervention":"Routine Maintenance","priority_score":33.4,"inspection_date":"2020-11-10"}},{"type":"Feature","id":"culvert-60","geometry":{"type":"Point","coordinates":[29.76342,0.01166]},"properties":{"structure_type":"Major Culverts","culvert_n":"C190","link_no":"A005_Link15","link_name":"Kikorongo - Bwera - Mpondwe","road_no":"A005","road_class":"A","district":"08","region":"Southern","station":"Kasese","surface_ty":"Paved","river":"","chainage_km":408,"type":"24","span_or_diameter":2,"culvert_length":15.5,"overall_rating":7,"condition":"Good","status":"Operational","recommended_intervention":"Routine Maintenance","priority_score":33.4,"inspection_date":"2020-11-10"}},{"type":"Feature","id":"culvert-61","geometry":{"type":"Point","coordinates":[29.8312,0.0053]},"properties":{"structure_type":"Major Culverts","culvert_n":"C191","link_no":"A005_Link15","link_name":"Kikorongo - Bwera - Mpondwe","road_no":"A005","road_class":"A","district":"08","region":"Southern","station":"Kasese","surface_ty":"Paved","river":"","chainage_km":410,"type":"24","span_or_diameter":3.09999990463257,"culvert_length":15.3000001907349,"overall_rating":7,"condition":"Good","status":"Operational","recommended_intervention":"Routine Maintenance","priority_score":33.4,"inspection_date":"2020-11-10"}},{"type":"Feature","id":"culvert-62","geometry":{"type":"Point","coordinates":[29.75916,-0.02625]},"properties":{"structure_type":"Major Culverts","culvert_n":"C192","link_no":"A005_Link15","link_name":"Kikorongo - Bwera - Mpondwe","road_no":"A005","road_class":"A","district":"08","region":"Southern","station":"Kasese","surface_ty":"Paved","river":"","chainage_km":412.200012207031,"type":"24","span_or_diameter":3,"culvert_length":13.1000003814697,"overall_rating":7,"condition":"Good","status":"Operational","recommended_intervention":"Routine Maintenance","priority_score":33.4,"inspection_date":"2020-11-10"}},{"type":"Feature","id":"culvert-63","geometry":{"type":"Point","coordinates":[29.94994,-0.12289]},"properties":{"structure_type":"Major Culverts","culvert_n":"C193","link_no":"C513_Link02","link_name":"Kisinga-Kyarumba-Kibirizi","road_no":"C513","road_class":"C","district":"08","region":"Southern","station":"Kasese","surface_ty":"Unpaved","river":"","chainage_km":21.3999996185303,"type":"24","span_or_diameter":5.69999980926514,"culvert_length":22.6000003814697,"overall_rating":7,"condition":"Good","status":"Operational","recommended_intervention":"Routine Maintenance","priority_score":37,"inspection_date":"2020-11-10"}},{"type":"Feature","id":"culvert-64","geometry":{"type":"Point","coordinates":[29.91976,-0.09043]},"properties":{"structure_type":"Major Culverts","culvert_n":"C194","link_no":"C513_Link02","link_name":"Kisinga-Kyarumba-Kibirizi","road_no":"C513","road_class":"C","district":"08","region":"Southern","station":"Kasese","surface_ty":"Unpaved","river":"","chainage_km":15.8999996185303,"type":"27","span_or_diameter":1.5,"culvert_length":16.5,"overall_rating":7,"condition":"Good","status":"Operational","recommended_intervention":"Routine Maintenance","priority_score":37,"inspection_date":"2020-11-10"}},{"type":"Feature","id":"culvert-65","geometry":{"type":"Point","coordinates":[30.03835,-0.34355]},"properties":{"structure_type":"Major Culverts","culvert_n":"C195","link_no":"C519_Link01","link_name":"Nkenda - Bugoye","road_no":"C519","road_class":"C","district":"08","region":"Southern","station":"Kasese","surface_ty":"Unpaved","river":"","chainage_km":10,"type":"24","span_or_diameter":4,"culvert_length":9.19999980926514,"overall_rating":7,"condition":"Good","status":"Operational","recommended_intervention":"Routine Maintenance","priority_score":28,"inspection_date":"2020-11-10"}},{"type":"Feature","id":"culvert-66","geometry":{"type":"Point","coordinates":[30.09063,-0.31522]},"properties":{"structure_type":"Major Culverts","culvert_n":"C198","link_no":"C519_Link01","link_name":"Nkenda - Bugoye","road_no":"C519","road_class":"C","district":"08","region":"Southern","station":"Kasese","surface_ty":"Unpaved","river":"","chainage_km":7.59999990463257,"type":"26","span_or_diameter":2,"culvert_length":8.39999961853027,"overall_rating":5,"condition":"Good","status":"Operational","recommended_intervention":"Preventive Repair","priority_score":70,"inspection_date":"2020-11-10"}},{"type":"Feature","id":"culvert-67","geometry":{"type":"Point","coordinates":[30.18602,-1.12146]},"properties":{"structure_type":"Major Culverts","culvert_n":"C199","link_no":"C422_Link01","link_name":"Rwentobo - Ngoma - Kizinga","road_no":"C422","road_class":"C","district":"07","region":"Southern","station":"Kabale","surface_ty":"Unpaved","river":"","chainage_km":1.29999995231628,"type":"27","span_or_diameter":1.79999995231628,"culvert_length":12,"overall_rating":7,"condition":"Good","status":"Operational","recommended_intervention":"Routine Maintenance","priority_score":28,"inspection_date":"2020-11-10"}},{"type":"Feature","id":"culvert-68","geometry":{"type":"Point","coordinates":[29.8307,-1.21249]},"properties":{"structure_type":"Major Culverts","culvert_n":"C200","link_no":"B153_Link01","link_name":"Kabale - Ikumba - Muko","road_no":"B153","road_class":"B","district":"07","region":"Southern","station":"Kabale","surface_ty":"Paved","river":"","chainage_km":40.5,"type":"27","span_or_diameter":1.20000004768372,"culvert_length":10.5,"overall_rating":7,"condition":"Good","status":"Operational","recommended_intervention":"Routine Maintenance","priority_score":30.7,"inspection_date":"2020-11-10"}},{"type":"Feature","id":"culvert-69","geometry":{"type":"Point","coordinates":[29.89165,-0.77014]},"properties":{"structure_type":"Major Culverts","culvert_n":"C201","link_no":"C445_Link01","link_name":"Katobo - Bugangari","road_no":"C445","road_class":"C","district":"07","region":"Southern","station":"Kabale","surface_ty":"Unpaved","river":"","chainage_km":2.23000001907349,"type":"27","span_or_diameter":1.5,"culvert_length":9.60000038146973,"overall_rating":7,"condition":"Good","status":"Operational","recommended_intervention":"Routine Maintenance","priority_score":28,"inspection_date":"2020-11-10"}},{"type":"Feature","id":"culvert-70","geometry":{"type":"Point","coordinates":[30.00006,-0.85174]},"properties":{"structure_type":"Major Culverts","culvert_n":"C202","link_no":"C410_Link02","link_name":"Kebisoni-Rukungiri","road_no":"C410","road_class":"C","district":"07","region":"Southern","station":"Kabale","surface_ty":"Paved","river":"","chainage_km":22.5,"type":"24","span_or_diameter":2.5,"culvert_length":36,"overall_rating":7,"condition":"Good","status":"Operational","recommended_intervention":"Routine Maintenance","priority_score":28,"inspection_date":"2020-11-10"}},{"type":"Feature","id":"culvert-71","geometry":{"type":"Point","coordinates":[30.00364,-0.85205]},"properties":{"structure_type":"Major Culverts","culvert_n":"C203","link_no":"B152_Link01","link_name":"Ntungamo - Kagamba","road_no":"B152","road_class":"B","district":"07","region":"Southern","station":"Kabale","surface_ty":"Paved","river":"","chainage_km":15,"type":"24","span_or_diameter":3.5,"culvert_length":11.1000003814697,"overall_rating":7,"condition":"Good","status":"Operational","recommended_intervention":"Routine Maintenance","priority_score":28,"inspection_date":"2020-11-10"}},{"type":"Feature","id":"culvert-72","geometry":{"type":"Point","coordinates":[30.2416,-0.90665]},"properties":{"structure_type":"Major Culverts","culvert_n":"C204","link_no":"C357_Link01","link_name":"Muzizi-Buremba","road_no":"C357","road_class":"C","district":"06","region":"Southern","station":"Ibanda","surface_ty":"Unpaved","river":"","chainage_km":53,"type":"24","span_or_diameter":2.82999992370605,"culvert_length":21.5,"overall_rating":7,"condition":"Good","status":"Operational","recommended_intervention":"Routine Maintenance","priority_score":45.1,"inspection_date":"2020-11-10"}},{"type":"Feature","id":"culvert-73","geometry":{"type":"Point","coordinates":[30.21935,-0.86346]},"properties":{"structure_type":"Major Culverts","culvert_n":"C205","link_no":"B152_Link01","link_name":"Ntungamo - Kagamba","road_no":"B152","road_class":"B","district":"07","region":"Southern","station":"Kabale","surface_ty":"Paved","river":"","chainage_km":6.40000009536743,"type":"27","span_or_diameter":1.79999995231628,"culvert_length":13.1000003814697,"overall_rating":7,"condition":"Good","status":"Operational","recommended_intervention":"Routine Maintenance","priority_score":30.7,"inspection_date":"2020-11-10"}},{"type":"Feature","id":"culvert-74","geometry":{"type":"Point","coordinates":[30.37657,-0.7201]},"properties":{"structure_type":"Major Culverts","culvert_n":"C207","link_no":"A002_Link08","link_name":"Mbarara(Bushenyi Junction) - Ntungamo","road_no":"A002","road_class":"A","district":"06","region":"Southern","station":"Mbarara","surface_ty":"Paved","river":"","chainage_km":298.730010986328,"type":"24","span_or_diameter":3.09999990463257,"culvert_length":10.8000001907349,"overall_rating":7,"condition":"Good","status":"Operational","recommended_intervention":"Routine Maintenance","priority_score":33.4,"inspection_date":"2020-11-10"}},{"type":"Feature","id":"culvert-75","geometry":{"type":"Point","coordinates":[30.87983,-0.12767]},"properties":{"structure_type":"Major Culverts","culvert_n":"C208","link_no":"C357_Link01","link_name":"Muzizi-Buremba","road_no":"C357","road_class":"C","district":"06","region":"Southern","station":"Ibanda","surface_ty":"Unpaved","river":"","chainage_km":49.8800010681152,"type":"27","span_or_diameter":1.5,"culvert_length":7.40000009536743,"overall_rating":5,"condition":"Good","status":"Operational","recommended_intervention":"Preventive Repair","priority_score":70,"inspection_date":"2020-11-10"}},{"type":"Feature","id":"culvert-76","geometry":{"type":"Point","coordinates":[30.6338901519775,-0.624450027942657]},"properties":{"structure_type":"Major Culverts","culvert_n":"C209","link_no":"A002_Link08","link_name":"Mbarara(Bushenyi Junction) - Ntungamo","road_no":"A002","road_class":"A","district":"06","region":"Southern","station":"Mbarara","surface_ty":"Paved","river":"","chainage_km":1.96000003814697,"type":"24","span_or_diameter":1.52999997138977,"culvert_length":3.79999995231628,"overall_rating":1,"condition":"Critical","status":"Operational","recommended_intervention":"Culvert Replacement","priority_score":400,"inspection_date":"2022-03-14"}},{"type":"Feature","id":"culvert-77","geometry":{"type":"Point","coordinates":[30.4735698699951,-0.657135009765625]},"properties":{"structure_type":"Major Culverts","culvert_n":"C210","link_no":"A002_Link08","link_name":"Mbarara(Bushenyi Junction) - Ntungamo","road_no":"A002","road_class":"A","district":"06","region":"Southern","station":"Mbarara","surface_ty":"Paved","river":"","chainage_km":21.6000003814697,"type":"24","span_or_diameter":2.47000002861023,"culvert_length":18.8999996185303,"overall_rating":7,"condition":"Good","status":"Operational","recommended_intervention":"Routine Maintenance","priority_score":45.1,"inspection_date":"2022-03-15"}},{"type":"Feature","id":"culvert-78","geometry":{"type":"Point","coordinates":[30.1857604980469,-1.02987003326416]},"properties":{"structure_type":"Major Culverts","culvert_n":"C211","link_no":"A002_Link10","link_name":"Rubaale - Muhanga - Kabale","road_no":"A002","road_class":"A","district":"07","region":"Southern","station":"Kabale","surface_ty":"Paved","river":"","chainage_km":341.399993896484,"type":"27","span_or_diameter":1.79999995231628,"culvert_length":14.3000001907349,"overall_rating":7,"condition":"Good","status":"Operational","recommended_intervention":"Routine Maintenance","priority_score":45.1,"inspection_date":"2022-03-24"}},{"type":"Feature","id":"culvert-79","geometry":{"type":"Point","coordinates":[30.1749401092529,0.288379997014999]},"properties":{"structure_type":"Major Culverts","culvert_n":"C212","link_no":"A005_Link12","link_name":"Rwimi(bridge)-Hima-Mubuku","road_no":"A005","road_class":"A","district":"08","region":"Southern","station":"Kasese","surface_ty":"Paved","river":"","chainage_km":335,"type":"24","span_or_diameter":3.20000004768372,"culvert_length":20,"overall_rating":7,"condition":"Good","status":"Operational","recommended_intervention":"Routine Maintenance","priority_score":45.1,"inspection_date":"2022-11-23"}},{"type":"Feature","id":"culvert-80","geometry":{"type":"Point","coordinates":[30.0926609039307,0.184660002589226]},"properties":{"structure_type":"Major Culverts","culvert_n":"C213","link_no":"A005_Link12","link_name":"Rwimi(bridge)-Hima-Mubuku","road_no":"A005","road_class":"A","district":"08","region":"Southern","station":"Kasese","surface_ty":"Paved","river":"","chainage_km":10.039999961853,"type":"27","span_or_diameter":2.5,"culvert_length":15.6999998092651,"overall_rating":7,"condition":"Good","status":"Operational","recommended_intervention":"Routine Maintenance","priority_score":33.4,"inspection_date":"2022-04-13"}},{"type":"Feature","id":"culvert-81","geometry":{"type":"Point","coordinates":[30.1169891357422,0.232960000634193]},"properties":{"structure_type":"Major Culverts","culvert_n":"C214","link_no":"A005_Link13","link_name":"Mubuku - Kasese","road_no":"A005","road_class":"A","district":"08","region":"Southern","station":"Kasese","surface_ty":"Paved","river":"","chainage_km":350,"type":"24","span_or_diameter":2.5,"culvert_length":13.8000001907349,"overall_rating":7,"condition":"Good","status":"Operational","recommended_intervention":"Routine Maintenance","priority_score":45.1,"inspection_date":"2022-04-10"}},{"type":"Feature","id":"culvert-82","geometry":{"type":"Point","coordinates":[30.0434799194336,0.088359996676445]},"properties":{"structure_type":"Major Culverts","culvert_n":"C215","link_no":"A005_Link14","link_name":"Kasese - Kikorongo","road_no":"A005","road_class":"A","district":"08","region":"Southern","station":"Kasese","surface_ty":"Paved","river":"","chainage_km":367,"type":"24","span_or_diameter":3,"culvert_length":15.5,"overall_rating":7,"condition":"Good","status":"Operational","recommended_intervention":"Routine Maintenance","priority_score":33.4,"inspection_date":"2022-04-05"}},{"type":"Feature","id":"culvert-83","geometry":{"type":"Point","coordinates":[30.067419052124,0.120800003409386]},"properties":{"structure_type":"Major Culverts","culvert_n":"C216","link_no":"A005_Link14","link_name":"Kasese - Kikorongo","road_no":"A005","road_class":"A","district":"08","region":"Southern","station":"Kasese","surface_ty":"Paved","river":"","chainage_km":6.23999977111816,"type":"24","span_or_diameter":3,"culvert_length":13,"overall_rating":7,"condition":"Good","status":"Operational","recommended_intervention":"Routine Maintenance","priority_score":45.1,"inspection_date":"2022-04-10"}},{"type":"Feature","id":"culvert-84","geometry":{"type":"Point","coordinates":[30.0543899536133,0.103550001978874]},"properties":{"structure_type":"Major Culverts","culvert_n":"C217","link_no":"A005_Link14","link_name":"Kasese - Kikorongo","road_no":"A005","road_class":"A","district":"08","region":"Southern","station":"Kasese","surface_ty":"Paved","river":"","chainage_km":8.64000034332275,"type":"24","span_or_diameter":2.5,"culvert_length":17,"overall_rating":7,"condition":"Good","status":"Operational","recommended_intervention":"Routine Maintenance","priority_score":45.1,"inspection_date":"2022-04-05"}},{"type":"Feature","id":"culvert-85","geometry":{"type":"Point","coordinates":[30.0370597839355,0.0643699988722801]},"properties":{"structure_type":"Major Culverts","culvert_n":"C218","link_no":"A005_Link14","link_name":"Kasese - Kikorongo","road_no":"A005","road_class":"A","district":"08","region":"Southern","station":"Kasese","surface_ty":"Paved","river":"","chainage_km":13.5,"type":"24","span_or_diameter":4,"culvert_length":14,"overall_rating":7,"condition":"Good","status":"Operational","recommended_intervention":"Routine Maintenance","priority_score":33.4,"inspection_date":"2022-04-07"}},{"type":"Feature","id":"culvert-86","geometry":{"type":"Point","coordinates":[30.031530380249,0.0543700009584427]},"properties":{"structure_type":"Major Culverts","culvert_n":"C219","link_no":"A005_Link14","link_name":"Kasese - Kikorongo","road_no":"A005","road_class":"A","district":"08","region":"Southern","station":"Kasese","surface_ty":"Paved","river":"","chainage_km":14.8000001907349,"type":"24","span_or_diameter":3.09999990463257,"culvert_length":15.3000001907349,"overall_rating":7,"condition":"Good","status":"Operational","recommended_intervention":"Routine Maintenance","priority_score":33.4,"inspection_date":"2022-04-07"}},{"type":"Feature","id":"culvert-87","geometry":{"type":"Point","coordinates":[30.0198402404785,0.0342199988663197]},"properties":{"structure_type":"Major Culverts","culvert_n":"C220","link_no":"A005_Link14","link_name":"Kasese - Kikorongo","road_no":"A005","road_class":"A","district":"08","region":"Southern","station":"Kasese","surface_ty":"Paved","river":"","chainage_km":17.3999996185303,"type":"24","span_or_diameter":3,"culvert_length":17,"overall_rating":7,"condition":"Good","status":"Operational","recommended_intervention":"Routine Maintenance","priority_score":33.4,"inspection_date":"2022-04-07"}},{"type":"Feature","id":"culvert-88","geometry":{"type":"Point","coordinates":[30.010799407959,0.0257699992507696]},"properties":{"structure_type":"Major Culverts","culvert_n":"C221","link_no":"A005_Link14","link_name":"Kasese - Kikorongo","road_no":"A005","road_class":"A","district":"08","region":"Southern","station":"Kasese","surface_ty":"Paved","river":"","chainage_km":18.7999992370605,"type":"24","span_or_diameter":3,"culvert_length":18,"overall_rating":7,"condition":"Good","status":"Operational","recommended_intervention":"Routine Maintenance","priority_score":33.4,"inspection_date":"2022-04-07"}},{"type":"Feature","id":"culvert-89","geometry":{"type":"Point","coordinates":[30.0759601593018,0.156990006566048]},"properties":{"structure_type":"Major Culverts","culvert_n":"C222","link_no":"A005_Link14","link_name":"Kasese - Kikorongo","road_no":"A005","road_class":"A","district":"08","region":"Southern","station":"Kasese","surface_ty":"Paved","river":"","chainage_km":2,"type":"24","span_or_diameter":4,"culvert_length":12.1000003814697,"overall_rating":7,"condition":"Good","status":"Operational","recommended_intervention":"Routine Maintenance","priority_score":33.4,"inspection_date":"2022-04-09"}},{"type":"Feature","id":"culvert-90","geometry":{"type":"Point","coordinates":[29.8740196228027,-0.847069978713989]},"properties":{"structure_type":"Major Culverts","culvert_n":"C224","link_no":"C459_Link01","link_name":"Ruwerere - Biraara - Kanungu","road_no":"C459","road_class":"C","district":"07","region":"Southern","station":"Kabale","surface_ty":"Unpaved","river":"","chainage_km":14,"type":"27","span_or_diameter":3,"culvert_length":14,"overall_rating":7,"condition":"Good","status":"Operational","recommended_intervention":"Routine Maintenance","priority_score":28,"inspection_date":"2022-04-22"}},{"type":"Feature","id":"culvert-91","geometry":{"type":"Point","coordinates":[29.877140045166,-0.844752490520477]},"properties":{"structure_type":"Major Culverts","culvert_n":"C225","link_no":"C459_Link01","link_name":"Ruwerere - Biraara - Kanungu","road_no":"C459","road_class":"C","district":"07","region":"Southern","station":"Kabale","surface_ty":"Unpaved","river":"","chainage_km":13.5,"type":"27","span_or_diameter":3,"culvert_length":14.1999998092651,"overall_rating":7,"condition":"Good","status":"Operational","recommended_intervention":"Routine Maintenance","priority_score":28,"inspection_date":"2022-04-22"}},{"type":"Feature","id":"culvert-92","geometry":{"type":"Point","coordinates":[30.1149597167969,0.27810999751091]},"properties":{"structure_type":"Major Culverts","culvert_n":"C226","link_no":"C510_Link01","link_name":"Mubuku-Maliba-Nyakalingijo","road_no":"C510","road_class":"C","district":"08","region":"Southern","station":"Kasese","surface_ty":"Unpaved","river":"","chainage_km":2.13000011444092,"type":"27","span_or_diameter":1.39999997615814,"culvert_length":10,"overall_rating":1,"condition":"Critical","status":"Operational","recommended_intervention":"Culvert Replacement","priority_score":310,"inspection_date":"2022-07-18"}},{"type":"Feature","id":"culvert-93","geometry":{"type":"Point","coordinates":[30.0338592529297,0.186550006270409]},"properties":{"structure_type":"Major Culverts","culvert_n":"C227","link_no":"C511_Link01","link_name":"Kasese - Kilembe mines","road_no":"C511","road_class":"C","district":"?","region":"Southern","station":"Kasese","surface_ty":"Paved","river":"","chainage_km":6.65999984741211,"type":"27","span_or_diameter":2.59999990463257,"culvert_length":14.3000001907349,"overall_rating":5,"condition":"Good","status":"Operational","recommended_intervention":"Preventive Repair","priority_score":70,"inspection_date":"2022-04-08"}},{"type":"Feature","id":"culvert-94","geometry":{"type":"Point","coordinates":[30.1245498657227,0.458099991083145]},"properties":{"structure_type":"Major Culverts","culvert_n":"C228","link_no":"C512_Link01","link_name":"Rugendabara - Kaswangali","road_no":"C512","road_class":"C","district":"08","region":"Southern","station":"Kasese","surface_ty":"Unpaved","river":"","chainage_km":21.7199993133545,"type":"27","span_or_diameter":3,"culvert_length":12,"overall_rating":7,"condition":"Good","status":"Operational","recommended_intervention":"Routine Maintenance","priority_score":28,"inspection_date":"2022-04-28"}},{"type":"Feature","id":"culvert-95","geometry":{"type":"Point","coordinates":[30.1720695495605,0.385919988155365]},"properties":{"structure_type":"Major Culverts","culvert_n":"C229","link_no":"C512_Link01","link_name":"Rugendabara - Kaswangali","road_no":"C512","road_class":"C","district":"08","region":"Southern","station":"Kasese","surface_ty":"Unpaved","river":"","chainage_km":5.46000003814697,"type":"24","span_or_diameter":3,"culvert_length":12.1000003814697,"overall_rating":7,"condition":"Good","status":"Operational","recommended_intervention":"Routine Maintenance","priority_score":28,"inspection_date":"2022-05-02"}},{"type":"Feature","id":"culvert-96","geometry":{"type":"Point","coordinates":[29.9495239257813,-1.22650003433228]},"properties":{"structure_type":"Major Culverts","culvert_n":"C230","link_no":"C513_Link02","link_name":"Kisinga-Kyarumba-Kibirizi","road_no":"C513","road_class":"C","district":"08","region":"Southern","station":"Kasese","surface_ty":"Unpaved","river":"","chainage_km":8.46000003814697,"type":"24","span_or_diameter":5,"culvert_length":11.5,"overall_rating":7,"condition":"Good","status":"Operational","recommended_intervention":"Routine Maintenance","priority_score":28,"inspection_date":"2022-04-17"}},{"type":"Feature","id":"culvert-97","geometry":{"type":"Point","coordinates":[31.8229007720947,1.76999998092651]},"properties":{"structure_type":"Major Culverts","culvert_n":"C347","link_no":"B201_Link01","link_name":"Kigumba - Masindi","road_no":"B201","road_class":"B","district":"?","region":"Western","station":"Masindi","surface_ty":"Paved","river":"","chainage_km":22.2999992370605,"type":"26","span_or_diameter":1.5,"culvert_length":8.30000019073486,"overall_rating":0,"condition":"","status":"","recommended_intervention":"","priority_score":null,"inspection_date":""}},{"type":"Feature","id":"culvert-98","geometry":{"type":"Point","coordinates":[30.168905456000065,0.542918346000022]},"properties":{"structure_type":"Major Culverts","culvert_n":"C352","link_no":"A005_Link11","link_name":"FortPortal - Rwimi(bridge)","road_no":"A005","road_class":"A","district":"?","region":"Western","station":"Fort Portal","surface_ty":"Paved","river":"","chainage_km":0,"type":"24","span_or_diameter":3,"culvert_length":8.89999961853027,"overall_rating":7,"condition":"Good","status":"Operational","recommended_intervention":"Routine Maintenance","priority_score":45.1,"inspection_date":"2020-11-12"}},{"type":"Feature","id":"culvert-99","geometry":{"type":"Point","coordinates":[30.172935408000054,0.525977057000034]},"properties":{"structure_type":"Major Culverts","culvert_n":"C353","link_no":"A005_Link11","link_name":"FortPortal - Rwimi(bridge)","road_no":"A005","road_class":"A","district":"?","region":"Western","station":"Fort Portal","surface_ty":"Paved","river":"","chainage_km":0,"type":"24","span_or_diameter":2.70000004768372,"culvert_length":10,"overall_rating":7,"condition":"Good","status":"Operational","recommended_intervention":"Routine Maintenance","priority_score":45.1,"inspection_date":"2020-11-10"}},{"type":"Feature","id":"culvert-100","geometry":{"type":"Point","coordinates":[30.186501514000046,0.48973038400004]},"properties":{"structure_type":"Major Culverts","culvert_n":"C354","link_no":"A005_Link11","link_name":"FortPortal - Rwimi(bridge)","road_no":"A005","road_class":"A","district":"?","region":"Western","station":"Fort Portal","surface_ty":"Paved","river":"","chainage_km":0,"type":"24","span_or_diameter":2.70000004768372,"culvert_length":3,"overall_rating":7,"condition":"Good","status":"Operational","recommended_intervention":"Routine Maintenance","priority_score":45.1,"inspection_date":"2020-11-10"}},{"type":"Feature","id":"culvert-101","geometry":{"type":"Point","coordinates":[30.19152334300003,0.572012249000068]},"properties":{"structure_type":"Major Culverts","culvert_n":"C355","link_no":"A005_Link11","link_name":"FortPortal - Rwimi(bridge)","road_no":"A005","road_class":"A","district":"?","region":"Western","station":"Fort Portal","surface_ty":"Paved","river":"","chainage_km":0,"type":"24","span_or_diameter":2.70000004768372,"culvert_length":5.80000019073486,"overall_rating":7,"condition":"Good","status":"Operational","recommended_intervention":"Routine Maintenance","priority_score":45.1,"inspection_date":"2020-11-13"}},{"type":"Feature","id":"culvert-102","geometry":{"type":"Point","coordinates":[30.043490266000052,0.08837337600005]},"properties":{"structure_type":"Major Culverts","culvert_n":"C359","link_no":"C550_Link02","link_name":"Kibale-Kagadi","road_no":"C550","road_class":"C","district":"?","region":"Western","station":"Hoima","surface_ty":"Paved","river":"","chainage_km":0,"type":"24","span_or_diameter":2.5,"culvert_length":20,"overall_rating":1,"condition":"Poor","status":"Operational","recommended_intervention":"Culvert Replacement","priority_score":290.8,"inspection_date":"2019-07-19"}},{"type":"Feature","id":"culvert-103","geometry":{"type":"Point","coordinates":[29.870601536000034,0.00365998500007]},"properties":{"structure_type":"Major Culverts","culvert_n":"C360","link_no":"B200_Link01","link_name":"Kafu - Masindi","road_no":"B200","road_class":"B","district":"?","region":"Western","station":"Masindi","surface_ty":"Paved","river":"","chainage_km":0,"type":"24","span_or_diameter":4,"culvert_length":14,"overall_rating":1,"condition":"Poor","status":"Operational","recommended_intervention":"Culvert Replacement","priority_score":294.7,"inspection_date":"2021-09-17"}},{"type":"Feature","id":"culvert-104","geometry":{"type":"Point","coordinates":[29.89907205800006,0.009109297000066]},"properties":{"structure_type":"Major Culverts","culvert_n":"C361","link_no":"B200_Link01","link_name":"Kafu - Masindi","road_no":"B200","road_class":"B","district":"?","region":"Western","station":"Masindi","surface_ty":"Paved","river":"","chainage_km":0,"type":"24","span_or_diameter":4,"culvert_length":14,"overall_rating":1,"condition":"Poor","status":"Operational","recommended_intervention":"Culvert Replacement","priority_score":310.3,"inspection_date":"2020-11-10"}},{"type":"Feature","id":"culvert-105","geometry":{"type":"Point","coordinates":[29.815590050000026,-0.009569460999955]},"properties":{"structure_type":"Major Culverts","culvert_n":"C362","link_no":"A006_Link08","link_name":"Kigumba - Karuma","road_no":"A006","road_class":"A","district":"?","region":"Western","station":"Masindi","surface_ty":"Paved","river":"","chainage_km":0,"type":"27","span_or_diameter":1.79999995231628,"culvert_length":14,"overall_rating":1,"condition":"Critical","status":"Operational","recommended_intervention":"Culvert Replacement","priority_score":333.7,"inspection_date":"2017-08-03"}},{"type":"Feature","id":"culvert-106","geometry":{"type":"Point","coordinates":[30.197100055000078,0.675948156000061]},"properties":{"structure_type":"Major Culverts","culvert_n":"C363","link_no":"C540_Link01","link_name":"Fortportal-Kichwamba-Karugutu","road_no":"C540","road_class":"C","district":"?","region":"Western","station":"Fort Portal","surface_ty":"Paved","river":"","chainage_km":0,"type":"24","span_or_diameter":3,"culvert_length":3.59999990463257,"overall_rating":7,"condition":"Good","status":"Operational","recommended_intervention":"Routine Maintenance","priority_score":37,"inspection_date":"2019-07-19"}},{"type":"Feature","id":"culvert-107","geometry":{"type":"Point","coordinates":[30.205423272000072,0.759941563000041]},"properties":{"structure_type":"Major Culverts","culvert_n":"C364","link_no":"C540_Link01","link_name":"Fortportal-Kichwamba-Karugutu","road_no":"C540","road_class":"C","district":"?","region":"Western","station":"Fort Portal","surface_ty":"Paved","river":"","chainage_km":9.69999980926514,"type":"24","span_or_diameter":2,"culvert_length":4.80000019073486,"overall_rating":7,"condition":"Good","status":"Operational","recommended_intervention":"Routine Maintenance","priority_score":37,"inspection_date":"2019-07-19"}},{"type":"Feature","id":"culvert-108","geometry":{"type":"Point","coordinates":[30.23218671900003,0.66242597300004]},"properties":{"structure_type":"Major Culverts","culvert_n":"C365","link_no":"C540_Link01","link_name":"Fortportal-Kichwamba-Karugutu","road_no":"C540","road_class":"C","district":"?","region":"Western","station":"Fort Portal","surface_ty":"Paved","river":"","chainage_km":15,"type":"24","span_or_diameter":3.5,"culvert_length":3.59999990463257,"overall_rating":7,"condition":"Good","status":"Operational","recommended_intervention":"Routine Maintenance","priority_score":37,"inspection_date":"2019-07-19"}},{"type":"Feature","id":"culvert-109","geometry":{"type":"Point","coordinates":[30.03509308300005,0.669800424000073]},"properties":{"structure_type":"Major Culverts","culvert_n":"C366","link_no":"C540_Link01","link_name":"Fortportal-Kichwamba-Karugutu","road_no":"C540","road_class":"C","district":"?","region":"Western","station":"Fort Portal","surface_ty":"Paved","river":"","chainage_km":24,"type":"24","span_or_diameter":2000,"culvert_length":2.5,"overall_rating":7,"condition":"Good","status":"Operational","recommended_intervention":"Routine Maintenance","priority_score":28,"inspection_date":"2020-11-10"}},{"type":"Feature","id":"culvert-110","geometry":{"type":"Point","coordinates":[30.04886376800005,0.75857897000003]},"properties":{"structure_type":"Major Culverts","culvert_n":"C367","link_no":"C540_Link02","link_name":"Karugutu-Bundibugyo - Lamia","road_no":"C540","road_class":"C","district":"?","region":"Western","station":"Fort Portal","surface_ty":"Paved","river":"","chainage_km":0,"type":"24","span_or_diameter":3,"culvert_length":3.59999990463257,"overall_rating":7,"condition":"Good","status":"Operational","recommended_intervention":"Routine Maintenance","priority_score":37,"inspection_date":"2017-05-19"}},{"type":"Feature","id":"culvert-111","geometry":{"type":"Point","coordinates":[30.06079656700007,0.67601877200002]},"properties":{"structure_type":"Major Culverts","culvert_n":"C368","link_no":"C540_Link02","link_name":"Karugutu-Bundibugyo - Lamia","road_no":"C540","road_class":"C","district":"?","region":"Western","station":"Fort Portal","surface_ty":"Paved","river":"","chainage_km":77.5500030517578,"type":"24","span_or_diameter":4,"culvert_length":15,"overall_rating":7,"condition":"Good","status":"Operational","recommended_intervention":"Routine Maintenance","priority_score":37,"inspection_date":"2020-11-10"}},{"type":"Feature","id":"culvert-112","geometry":{"type":"Point","coordinates":[30.060984878000056,0.696867896000072]},"properties":{"structure_type":"Major Culverts","culvert_n":"C369","link_no":"C540_Link02","link_name":"Karugutu-Bundibugyo - Lamia","road_no":"C540","road_class":"C","district":"?","region":"Western","station":"Fort Portal","surface_ty":"Paved","river":"","chainage_km":85.379997253418,"type":"24","span_or_diameter":3,"culvert_length":4.5,"overall_rating":7,"condition":"Good","status":"Operational","recommended_intervention":"Routine Maintenance","priority_score":37,"inspection_date":"2020-11-13"}},{"type":"Feature","id":"culvert-113","geometry":{"type":"Point","coordinates":[30.13896671600003,0.805956673000025]},"properties":{"structure_type":"Major Culverts","culvert_n":"C370","link_no":"C540_Link02","link_name":"Karugutu-Bundibugyo - Lamia","road_no":"C540","road_class":"C","district":"?","region":"Western","station":"Fort Portal","surface_ty":"Paved","river":"","chainage_km":0,"type":"24","span_or_diameter":4,"culvert_length":4.59999990463257,"overall_rating":5,"condition":"Good","status":"Operational","recommended_intervention":"Preventive Repair","priority_score":70,"inspection_date":"2020-11-10"}},{"type":"Feature","id":"culvert-114","geometry":{"type":"Point","coordinates":[30.234396910000044,0.875527335000072]},"properties":{"structure_type":"Major Culverts","culvert_n":"C371","link_no":"C540_Link02","link_name":"Karugutu-Bundibugyo - Lamia","road_no":"C540","road_class":"C","district":"?","region":"Western","station":"Fort Portal","surface_ty":"Paved","river":"","chainage_km":0,"type":"24","span_or_diameter":0,"culvert_length":0,"overall_rating":7,"condition":"Good","status":"Operational","recommended_intervention":"Routine Maintenance","priority_score":37,"inspection_date":"2020-11-10"}},{"type":"Feature","id":"culvert-115","geometry":{"type":"Point","coordinates":[29.961301643000073,0.633086512000034]},"properties":{"structure_type":"Major Culverts","culvert_n":"C372","link_no":"C540_Link02","link_name":"Karugutu-Bundibugyo - Lamia","road_no":"C540","road_class":"C","district":"?","region":"Western","station":"Fort Portal","surface_ty":"Paved","river":"","chainage_km":0,"type":"24","span_or_diameter":4,"culvert_length":4.5,"overall_rating":7,"condition":"Good","status":"Operational","recommended_intervention":"Routine Maintenance","priority_score":28,"inspection_date":"2020-11-10"}},{"type":"Feature","id":"culvert-116","geometry":{"type":"Point","coordinates":[1.92650997638702,32.1117706298828]},"properties":{"structure_type":"Major Culverts","culvert_n":"C379","link_no":"A006_Link08","link_name":"Kigumba - Karuma","road_no":"A006","road_class":"A","district":"?","region":"Western","station":"Masindi","surface_ty":"Paved","river":"","chainage_km":0,"type":"27","span_or_diameter":1.5,"culvert_length":18,"overall_rating":6,"condition":"","status":"","recommended_intervention":"","priority_score":null,"inspection_date":""}},{"type":"Feature","id":"culvert-117","geometry":{"type":"Point","coordinates":[31.545970916748,0.944389998912811]},"properties":{"structure_type":"Major Culverts","culvert_n":"C401","link_no":"C627_Link01","link_name":"Masoode-Nkooko","road_no":"C627","road_class":"C","district":"?","region":"Western","station":"Hoima","surface_ty":"Unpaved","river":"","chainage_km":0,"type":"28","span_or_diameter":1.5,"culvert_length":13.5,"overall_rating":7,"condition":"Good","status":"Operational","recommended_intervention":"Routine Maintenance","priority_score":37,"inspection_date":"2019-07-17"}},{"type":"Feature","id":"culvert-118","geometry":{"type":"Point","coordinates":[31.54365,0.943978]},"properties":{"structure_type":"Major Culverts","culvert_n":"C402","link_no":"C627_Link01","link_name":"Masoode-Nkooko","road_no":"C627","road_class":"C","district":"?","region":"Western","station":"Hoima","surface_ty":"Unpaved","river":"","chainage_km":23.4500007629395,"type":"28","span_or_diameter":1.5,"culvert_length":14,"overall_rating":7,"condition":"Good","status":"Operational","recommended_intervention":"Routine Maintenance","priority_score":28,"inspection_date":"2019-07-17"}},{"type":"Feature","id":"culvert-119","geometry":{"type":"Point","coordinates":[31.15711,1.372502]},"properties":{"structure_type":"Major Culverts","culvert_n":"C403","link_no":"C627_Link01","link_name":"Masoode-Nkooko","road_no":"C627","road_class":"C","district":"?","region":"Western","station":"Hoima","surface_ty":"Unpaved","river":"","chainage_km":9.39999961853027,"type":"28","span_or_diameter":1.5,"culvert_length":14,"overall_rating":7,"condition":"Good","status":"Operational","recommended_intervention":"Routine Maintenance","priority_score":37,"inspection_date":"2020-11-10"}},{"type":"Feature","id":"culvert-120","geometry":{"type":"Point","coordinates":[30.99142,1.482432]},"properties":{"structure_type":"Major Culverts","culvert_n":"C405","link_no":"C596_Link01","link_name":"Kiziranfumbi - Kabaale","road_no":"C596","road_class":"C","district":"?","region":"Western","station":"Hoima","surface_ty":"Paved","river":"","chainage_km":25.0799999237061,"type":"24","span_or_diameter":4,"culvert_length":14.5,"overall_rating":7,"condition":"Good","status":"Operational","recommended_intervention":"Routine Maintenance","priority_score":28,"inspection_date":"2019-06-11"}},{"type":"Feature","id":"culvert-121","geometry":{"type":"Point","coordinates":[30.9986,1.490838]},"properties":{"structure_type":"Major Culverts","culvert_n":"C406","link_no":"C596_Link01","link_name":"Kiziranfumbi - Kabaale","road_no":"C596","road_class":"C","district":"?","region":"Western","station":"Hoima","surface_ty":"Paved","river":"","chainage_km":30.3999996185303,"type":"24","span_or_diameter":5,"culvert_length":11,"overall_rating":7,"condition":"Good","status":"Operational","recommended_intervention":"Routine Maintenance","priority_score":19,"inspection_date":"2020-11-10"}},{"type":"Feature","id":"culvert-122","geometry":{"type":"Point","coordinates":[31.10425,1.558297]},"properties":{"structure_type":"Major Culverts","culvert_n":"C408","link_no":"C604_Link01","link_name":"Buseruka-Tonya","road_no":"C604","road_class":"C","district":"?","region":"Western","station":"Hoima","surface_ty":"Unpaved","river":"","chainage_km":0,"type":"24","span_or_diameter":6,"culvert_length":6,"overall_rating":7,"condition":"Good","status":"Operational","recommended_intervention":"Routine Maintenance","priority_score":37,"inspection_date":"2019-06-12"}},{"type":"Feature","id":"culvert-123","geometry":{"type":"Point","coordinates":[31.10359,1.558423]},"properties":{"structure_type":"Major Culverts","culvert_n":"C409","link_no":"C604_Link01","link_name":"Buseruka-Tonya","road_no":"C604","road_class":"C","district":"?","region":"Western","station":"Hoima","surface_ty":"Unpaved","river":"","chainage_km":0,"type":"27","span_or_diameter":1.79999995231628,"culvert_length":16,"overall_rating":7,"condition":"Good","status":"Operational","recommended_intervention":"Routine Maintenance","priority_score":28,"inspection_date":"2019-06-12"}},{"type":"Feature","id":"culvert-124","geometry":{"type":"Point","coordinates":[31.06025,0.656555]},"properties":{"structure_type":"Major Culverts","culvert_n":"C410","link_no":"C551_Link01","link_name":"Kyegegwa-Hapuyo-kibale","road_no":"C551","road_class":"C","district":"?","region":"Western","station":"Fort Portal","surface_ty":"Unpaved","river":"","chainage_km":0,"type":"28","span_or_diameter":2.79999995231628,"culvert_length":3,"overall_rating":7,"condition":"Good","status":"Operational","recommended_intervention":"Routine Maintenance","priority_score":37,"inspection_date":"2019-07-16"}},{"type":"Feature","id":"culvert-125","geometry":{"type":"Point","coordinates":[31.06006,0.657197]},"properties":{"structure_type":"Major Culverts","culvert_n":"C411","link_no":"C551_Link01","link_name":"Kyegegwa-Hapuyo-kibale","road_no":"C551","road_class":"C","district":"?","region":"Western","station":"Fort Portal","surface_ty":"Unpaved","river":"","chainage_km":21.3299999237061,"type":"28","span_or_diameter":2.79999995231628,"culvert_length":8.10000038146973,"overall_rating":7,"condition":"Good","status":"Operational","recommended_intervention":"Routine Maintenance","priority_score":28,"inspection_date":"2019-06-13"}},{"type":"Feature","id":"culvert-126","geometry":{"type":"Point","coordinates":[30.63364,0.772094]},"properties":{"structure_type":"Major Culverts","culvert_n":"C412","link_no":"C548_Link01","link_name":"Rugombe-Kyarusozi-Katooke","road_no":"C548","road_class":"C","district":"?","region":"Western","station":"Fort Portal","surface_ty":"Unpaved","river":"","chainage_km":25.8700008392334,"type":"24","span_or_diameter":6,"culvert_length":3.59999990463257,"overall_rating":7,"condition":"Good","status":"Operational","recommended_intervention":"Routine Maintenance","priority_score":28,"inspection_date":"2019-06-14"}},{"type":"Feature","id":"culvert-127","geometry":{"type":"Point","coordinates":[30.29191,1.023184]},"properties":{"structure_type":"Major Culverts","culvert_n":"C413","link_no":"C558_Link01","link_name":"Kakara - Rwebisengo","road_no":"C558","road_class":"C","district":"?","region":"Western","station":"Fort Portal","surface_ty":"Unpaved","river":"","chainage_km":22.3700008392334,"type":"28","span_or_diameter":1.79999995231628,"culvert_length":5.80000019073486,"overall_rating":5,"condition":"Good","status":"Operational","recommended_intervention":"Preventive Repair","priority_score":70,"inspection_date":"2019-06-15"}},{"type":"Feature","id":"culvert-128","geometry":{"type":"Point","coordinates":[30.15676,0.572961]},"properties":{"structure_type":"Major Culverts","culvert_n":"C414","link_no":"C556_Link01","link_name":"Bukuku - Rubona","road_no":"C556","road_class":"C","district":"?","region":"Western","station":"Fort Portal","surface_ty":"Unpaved","river":"","chainage_km":2.97000002861023,"type":"28","span_or_diameter":2,"culvert_length":10,"overall_rating":7,"condition":"Good","status":"Operational","recommended_intervention":"Routine Maintenance","priority_score":28,"inspection_date":"2019-06-17"}},{"type":"Feature","id":"culvert-129","geometry":{"type":"Point","coordinates":[30.29888,0.661134]},"properties":{"structure_type":"Major Culverts","culvert_n":"C415","link_no":"C542_Link01","link_name":"Fortportal - Kijura - Kabende Bridge-Sogahe-Kyarusozi","road_no":"C542","road_class":"C","district":"?","region":"Western","station":"Fort Portal","surface_ty":"Unpaved","river":"","chainage_km":0.600000023841858,"type":"24","span_or_diameter":2.59999990463257,"culvert_length":4.40000009536743,"overall_rating":5,"condition":"Good","status":"Operational","recommended_intervention":"Preventive Repair","priority_score":85,"inspection_date":"2019-06-17"}},{"type":"Feature","id":"culvert-130","geometry":{"type":"Point","coordinates":[30.31748,0.182735]},"properties":{"structure_type":"Major Culverts","culvert_n":"C416","link_no":"C547_Link01","link_name":"Rwimi-Dura-Kamwenge","road_no":"C547","road_class":"C","district":"?","region":"Western","station":"Fort Portal","surface_ty":"Unpaved","river":"","chainage_km":22,"type":"28","span_or_diameter":2.79999995231628,"culvert_length":2.79999995231628,"overall_rating":7,"condition":"Good","status":"Operational","recommended_intervention":"Routine Maintenance","priority_score":37,"inspection_date":"2019-06-18"}},{"type":"Feature","id":"culvert-131","geometry":{"type":"Point","coordinates":[30.83162,0.329012]},"properties":{"structure_type":"Major Culverts","culvert_n":"C417","link_no":"C569_Link01","link_name":"Mpara - Kazinga - Bwizi","road_no":"C569","road_class":"C","district":"?","region":"Western","station":"Fort Portal","surface_ty":"Unpaved","river":"","chainage_km":21.25,"type":"28","span_or_diameter":1.79999995231628,"culvert_length":6,"overall_rating":7,"condition":"Good","status":"Operational","recommended_intervention":"Routine Maintenance","priority_score":37,"inspection_date":"2019-06-19"}},{"type":"Feature","id":"culvert-132","geometry":{"type":"Point","coordinates":[31.23422,0.772913]},"properties":{"structure_type":"Major Culverts","culvert_n":"C418","link_no":"C550_Link01","link_name":"Kakumiro-Kibale","road_no":"C550","road_class":"C","district":"?","region":"Central","station":"Mubende","surface_ty":"Paved","river":"","chainage_km":10,"type":"24","span_or_diameter":3,"culvert_length":21.2999992370605,"overall_rating":7,"condition":"Good","status":"Operational","recommended_intervention":"Routine Maintenance","priority_score":19,"inspection_date":"2020-11-12"}},{"type":"Feature","id":"culvert-133","geometry":{"type":"Point","coordinates":[31.20569,0.776482]},"properties":{"structure_type":"Major Culverts","culvert_n":"C419","link_no":"C550_Link01","link_name":"Kakumiro-Kibale","road_no":"C550","road_class":"C","district":"?","region":"Central","station":"Mubende","surface_ty":"Paved","river":"","chainage_km":13.1000003814697,"type":"24","span_or_diameter":2.5,"culvert_length":21,"overall_rating":7,"condition":"Good","status":"Operational","recommended_intervention":"Routine Maintenance","priority_score":19,"inspection_date":"2019-07-15"}},{"type":"Feature","id":"culvert-134","geometry":{"type":"Point","coordinates":[31.19007,0.782579]},"properties":{"structure_type":"Major Culverts","culvert_n":"C420","link_no":"C550_Link01","link_name":"Kakumiro-Kibale","road_no":"C550","road_class":"C","district":"?","region":"Central","station":"Mubende","surface_ty":"Paved","river":"","chainage_km":16,"type":"24","span_or_diameter":2.5,"culvert_length":15.3999996185303,"overall_rating":7,"condition":"Good","status":"Operational","recommended_intervention":"Routine Maintenance","priority_score":19,"inspection_date":"2019-06-14"}},{"type":"Feature","id":"culvert-135","geometry":{"type":"Point","coordinates":[31.9943199157715,1.80572998523712]},"properties":{"structure_type":"Major Culverts","culvert_n":"C425","link_no":"B201_Link01","link_name":"Kigumba - Masindi","road_no":"B201","road_class":"B","district":"?","region":"Western","station":"Masindi","surface_ty":"Paved","river":"","chainage_km":2.00999999046326,"type":"24","span_or_diameter":1.5,"culvert_length":8.5,"overall_rating":7,"condition":"Good","status":"Operational","recommended_intervention":"Routine Maintenance","priority_score":20.4,"inspection_date":""}},{"type":"Feature","id":"culvert-136","geometry":{"type":"Point","coordinates":[31.9937801361084,1.80569005012512]},"properties":{"structure_type":"Major Culverts","culvert_n":"C426","link_no":"B201_Link01","link_name":"Kigumba - Masindi","road_no":"B201","road_class":"B","district":"?","region":"Western","station":"Masindi","surface_ty":"Paved","river":"","chainage_km":0,"type":"26","span_or_diameter":1.5,"culvert_length":8.5,"overall_rating":7,"condition":"Good","status":"Operational","recommended_intervention":"Routine Maintenance","priority_score":20.4,"inspection_date":""}},{"type":"Feature","id":"culvert-137","geometry":{"type":"Point","coordinates":[31.9927291870117,1.80557000637054]},"properties":{"structure_type":"Major Culverts","culvert_n":"C427","link_no":"B201_Link01","link_name":"Kigumba - Masindi","road_no":"B201","road_class":"B","district":"?","region":"Western","station":"Masindi","surface_ty":"Paved","river":"","chainage_km":2.1800000667572,"type":"26","span_or_diameter":1.5,"culvert_length":18.5,"overall_rating":7,"condition":"Good","status":"Operational","recommended_intervention":"Routine Maintenance","priority_score":20.4,"inspection_date":""}},{"type":"Feature","id":"culvert-138","geometry":{"type":"Point","coordinates":[31.991849899292,1.80558001995087]},"properties":{"structure_type":"Major Culverts","culvert_n":"C428","link_no":"B201_Link01","link_name":"Kigumba - Masindi","road_no":"B201","road_class":"B","district":"?","region":"Western","station":"Masindi","surface_ty":"Paved","river":"","chainage_km":2.28999996185303,"type":"26","span_or_diameter":1.5,"culvert_length":8.5,"overall_rating":7,"condition":"Good","status":"Operational","recommended_intervention":"Routine Maintenance","priority_score":20.4,"inspection_date":""}},{"type":"Feature","id":"culvert-139","geometry":{"type":"Point","coordinates":[31.9908905029297,1.80529999732971]},"properties":{"structure_type":"Major Culverts","culvert_n":"C429","link_no":"B201_Link01","link_name":"Kigumba - Masindi","road_no":"B201","road_class":"B","district":"?","region":"Western","station":"Masindi","surface_ty":"Paved","river":"","chainage_km":0,"type":"26","span_or_diameter":1.5,"culvert_length":8.5,"overall_rating":7,"condition":"Good","status":"Operational","recommended_intervention":"Routine Maintenance","priority_score":20.4,"inspection_date":""}},{"type":"Feature","id":"culvert-140","geometry":{"type":"Point","coordinates":[31.968879699707,1.79461002349854]},"properties":{"structure_type":"Major Culverts","culvert_n":"C430","link_no":"B201_Link01","link_name":"Kigumba - Masindi","road_no":"B201","road_class":"B","district":"?","region":"Western","station":"Masindi","surface_ty":"Paved","river":"","chainage_km":0,"type":"26","span_or_diameter":1.5,"culvert_length":8.5,"overall_rating":7,"condition":"Good","status":"Operational","recommended_intervention":"Routine Maintenance","priority_score":20.4,"inspection_date":""}},{"type":"Feature","id":"culvert-141","geometry":{"type":"Point","coordinates":[31.9184093475342,1.79167997837067]},"properties":{"structure_type":"Major Culverts","culvert_n":"C431","link_no":"B201_Link01","link_name":"Kigumba - Masindi","road_no":"B201","road_class":"B","district":"?","region":"Western","station":"Masindi","surface_ty":"Paved","river":"","chainage_km":0,"type":"26","span_or_diameter":1.5,"culvert_length":8.5,"overall_rating":7,"condition":"Good","status":"Operational","recommended_intervention":"Routine Maintenance","priority_score":20.4,"inspection_date":""}},{"type":"Feature","id":"culvert-142","geometry":{"type":"Point","coordinates":[31.8970794677734,1.79610002040863]},"properties":{"structure_type":"Major Culverts","culvert_n":"C432","link_no":"B201_Link01","link_name":"Kigumba - Masindi","road_no":"B201","road_class":"B","district":"?","region":"Western","station":"Masindi","surface_ty":"Paved","river":"","chainage_km":13.4300003051758,"type":"26","span_or_diameter":1.5,"culvert_length":6.5,"overall_rating":7,"condition":"Good","status":"Operational","recommended_intervention":"Routine Maintenance","priority_score":20.4,"inspection_date":""}},{"type":"Feature","id":"culvert-143","geometry":{"type":"Point","coordinates":[31.8966197967529,1.79588997364044]},"properties":{"structure_type":"Major Culverts","culvert_n":"C433","link_no":"B201_Link01","link_name":"Kigumba - Masindi","road_no":"B201","road_class":"B","district":"?","region":"Western","station":"Masindi","surface_ty":"Paved","river":"","chainage_km":13.4700002670288,"type":"26","span_or_diameter":1.5,"culvert_length":6.5,"overall_rating":7,"condition":"Good","status":"Operational","recommended_intervention":"Routine Maintenance","priority_score":20.4,"inspection_date":""}},{"type":"Feature","id":"culvert-144","geometry":{"type":"Point","coordinates":[31.896240234375,1.79577994346619]},"properties":{"structure_type":"Major Culverts","culvert_n":"C434","link_no":"B201_Link01","link_name":"Kigumba - Masindi","road_no":"B201","road_class":"B","district":"?","region":"Western","station":"Masindi","surface_ty":"Paved","river":"","chainage_km":13.5200004577637,"type":"26","span_or_diameter":1.5,"culvert_length":0,"overall_rating":7,"condition":"Good","status":"Operational","recommended_intervention":"Routine Maintenance","priority_score":20.4,"inspection_date":""}},{"type":"Feature","id":"culvert-145","geometry":{"type":"Point","coordinates":[31.8262805938721,1.7759200334549]},"properties":{"structure_type":"Major Culverts","culvert_n":"C435","link_no":"B201_Link01","link_name":"Kigumba - Masindi","road_no":"B201","road_class":"B","district":"?","region":"Western","station":"Masindi","surface_ty":"Paved","river":"","chainage_km":21.8999996185303,"type":"26","span_or_diameter":1.5,"culvert_length":8.5,"overall_rating":7,"condition":"Good","status":"Operational","recommended_intervention":"Routine Maintenance","priority_score":20.4,"inspection_date":""}},{"type":"Feature","id":"culvert-146","geometry":{"type":"Point","coordinates":[31.8241691589355,1.77547001838684]},"properties":{"structure_type":"Major Culverts","culvert_n":"C436","link_no":"B201_Link01","link_name":"Kigumba - Masindi","road_no":"B201","road_class":"B","district":"?","region":"Western","station":"Masindi","surface_ty":"Paved","river":"","chainage_km":23.1399993896484,"type":"26","span_or_diameter":1.5,"culvert_length":8.5,"overall_rating":7,"condition":"Good","status":"Operational","recommended_intervention":"Routine Maintenance","priority_score":20.4,"inspection_date":""}},{"type":"Feature","id":"culvert-147","geometry":{"type":"Point","coordinates":[31.8229198455811,1.77495002746582]},"properties":{"structure_type":"Major Culverts","culvert_n":"C437","link_no":"B201_Link01","link_name":"Kigumba - Masindi","road_no":"B201","road_class":"B","district":"?","region":"Western","station":"Masindi","surface_ty":"Paved","river":"","chainage_km":22.2999992370605,"type":"26","span_or_diameter":1.5,"culvert_length":18.2999992370605,"overall_rating":7,"condition":"Good","status":"Operational","recommended_intervention":"Routine Maintenance","priority_score":20.4,"inspection_date":""}},{"type":"Feature","id":"culvert-148","geometry":{"type":"Point","coordinates":[31.8222103118896,1.77437996864319]},"properties":{"structure_type":"Major Culverts","culvert_n":"C438","link_no":"B201_Link01","link_name":"Kigumba - Masindi","road_no":"B201","road_class":"B","district":"?","region":"Western","station":"Masindi","surface_ty":"Paved","river":"","chainage_km":22.3899993896484,"type":"26","span_or_diameter":1.5,"culvert_length":8.5,"overall_rating":7,"condition":"Good","status":"Operational","recommended_intervention":"Routine Maintenance","priority_score":20.4,"inspection_date":""}},{"type":"Feature","id":"culvert-149","geometry":{"type":"Point","coordinates":[31.8181991577148,1.77083003520966]},"properties":{"structure_type":"Major Culverts","culvert_n":"C439","link_no":"B201_Link01","link_name":"Kigumba - Masindi","road_no":"B201","road_class":"B","district":"?","region":"Western","station":"Masindi","surface_ty":"Paved","river":"","chainage_km":23,"type":"26","span_or_diameter":1.5,"culvert_length":6.5,"overall_rating":7,"condition":"Good","status":"Operational","recommended_intervention":"Routine Maintenance","priority_score":20.4,"inspection_date":""}},{"type":"Feature","id":"culvert-150","geometry":{"type":"Point","coordinates":[31.8163890838623,1.77075004577637]},"properties":{"structure_type":"Major Culverts","culvert_n":"C440","link_no":"B201_Link01","link_name":"Kigumba - Masindi","road_no":"B201","road_class":"B","district":"?","region":"Western","station":"Masindi","surface_ty":"Paved","river":"","chainage_km":23.2000007629395,"type":"26","span_or_diameter":1.5,"culvert_length":6.5,"overall_rating":7,"condition":"Good","status":"Operational","recommended_intervention":"Routine Maintenance","priority_score":20.4,"inspection_date":""}},{"type":"Feature","id":"culvert-151","geometry":{"type":"Point","coordinates":[31.8178100585938,1.77075004577637]},"properties":{"structure_type":"Major Culverts","culvert_n":"C441","link_no":"B201_Link01","link_name":"Kigumba - Masindi","road_no":"B201","road_class":"B","district":"?","region":"Western","station":"Masindi","surface_ty":"Paved","river":"","chainage_km":23.0400009155273,"type":"26","span_or_diameter":1.5,"culvert_length":6.5,"overall_rating":7,"condition":"Good","status":"Operational","recommended_intervention":"Routine Maintenance","priority_score":20.4,"inspection_date":""}},{"type":"Feature","id":"culvert-152","geometry":{"type":"Point","coordinates":[31.8155002593994,1.77077996730804]},"properties":{"structure_type":"Major Culverts","culvert_n":"C442","link_no":"B201_Link01","link_name":"Kigumba - Masindi","road_no":"B201","road_class":"B","district":"?","region":"Western","station":"Masindi","surface_ty":"Paved","river":"","chainage_km":23.2999992370605,"type":"26","span_or_diameter":1.5,"culvert_length":8,"overall_rating":7,"condition":"Good","status":"Operational","recommended_intervention":"Routine Maintenance","priority_score":20.4,"inspection_date":""}},{"type":"Feature","id":"culvert-153","geometry":{"type":"Point","coordinates":[31.7662296295166,1.75650000572205]},"properties":{"structure_type":"Major Culverts","culvert_n":"C443","link_no":"B201_Link01","link_name":"Kigumba - Masindi","road_no":"B201","road_class":"B","district":"?","region":"Western","station":"Masindi","surface_ty":"Paved","river":"","chainage_km":31,"type":"26","span_or_diameter":1.5,"culvert_length":15,"overall_rating":7,"condition":"Good","status":"Operational","recommended_intervention":"Routine Maintenance","priority_score":20.4,"inspection_date":""}},{"type":"Feature","id":"culvert-154","geometry":{"type":"Point","coordinates":[31.5645294189453,1.52472996711731]},"properties":{"structure_type":"Major Culverts","culvert_n":"C444","link_no":"B204_Link01","link_name":"Masindi - Kisalizi","road_no":"B204","road_class":"B","district":"?","region":"Western","station":"Masindi","surface_ty":"Paved","river":"","chainage_km":3.51999998092651,"type":"26","span_or_diameter":1.5,"culvert_length":14,"overall_rating":7,"condition":"Good","status":"Operational","recommended_intervention":"Routine Maintenance","priority_score":20.4,"inspection_date":""}},{"type":"Feature","id":"culvert-155","geometry":{"type":"Point","coordinates":[31.568510055542,1.52471995353699]},"properties":{"structure_type":"Major Culverts","culvert_n":"C445","link_no":"B204_Link01","link_name":"Masindi - Kisalizi","road_no":"B204","road_class":"B","district":"?","region":"Western","station":"Masindi","surface_ty":"Paved","river":"","chainage_km":3.41000008583069,"type":"26","span_or_diameter":1.5,"culvert_length":16,"overall_rating":7,"condition":"Good","status":"Operational","recommended_intervention":"Routine Maintenance","priority_score":20.4,"inspection_date":""}},{"type":"Feature","id":"culvert-156","geometry":{"type":"Point","coordinates":[31.5639705657959,1.53248000144958]},"properties":{"structure_type":"Major Culverts","culvert_n":"C446","link_no":"B204_Link01","link_name":"Masindi - Kisalizi","road_no":"B204","road_class":"B","district":"?","region":"Western","station":"Masindi","surface_ty":"Paved","river":"","chainage_km":3.51999998092651,"type":"26","span_or_diameter":1.5,"culvert_length":16,"overall_rating":7,"condition":"Good","status":"Operational","recommended_intervention":"Routine Maintenance","priority_score":20.4,"inspection_date":""}},{"type":"Feature","id":"culvert-157","geometry":{"type":"Point","coordinates":[31.56369972229,1.52513003349304]},"properties":{"structure_type":"Major Culverts","culvert_n":"C447","link_no":"B204_Link01","link_name":"Masindi - Kisalizi","road_no":"B204","road_class":"B","district":"?","region":"Western","station":"Masindi","surface_ty":"Paved","river":"","chainage_km":3.60999989509583,"type":"26","span_or_diameter":1.5,"culvert_length":16,"overall_rating":7,"condition":"Good","status":"Operational","recommended_intervention":"Routine Maintenance","priority_score":20.4,"inspection_date":""}},{"type":"Feature","id":"culvert-158","geometry":{"type":"Point","coordinates":[31.5642108917236,1.52600002288818]},"properties":{"structure_type":"Major Culverts","culvert_n":"C448","link_no":"B204_Link01","link_name":"Masindi - Kisalizi","road_no":"B204","road_class":"B","district":"?","region":"Western","station":"Masindi","surface_ty":"Paved","river":"","chainage_km":3.72000002861023,"type":"26","span_or_diameter":1.5,"culvert_length":16,"overall_rating":7,"condition":"Good","status":"Operational","recommended_intervention":"Routine Maintenance","priority_score":20.4,"inspection_date":""}},{"type":"Feature","id":"culvert-159","geometry":{"type":"Point","coordinates":[31.6074104309082,1.55561995506287]},"properties":{"structure_type":"Major Culverts","culvert_n":"C449","link_no":"B204_Link01","link_name":"Masindi - Kisalizi","road_no":"B204","road_class":"B","district":"?","region":"Western","station":"Masindi","surface_ty":"Paved","river":"","chainage_km":9.97000026702881,"type":"26","span_or_diameter":1.5,"culvert_length":16,"overall_rating":7,"condition":"Good","status":"Operational","recommended_intervention":"Routine Maintenance","priority_score":20.4,"inspection_date":""}},{"type":"Feature","id":"culvert-160","geometry":{"type":"Point","coordinates":[31.6127109527588,1.56649005413055]},"properties":{"structure_type":"Major Culverts","culvert_n":"C450","link_no":"B204_Link01","link_name":"Masindi - Kisalizi","road_no":"B204","road_class":"B","district":"?","region":"Western","station":"Masindi","surface_ty":"Paved","river":"","chainage_km":11.4700002670288,"type":"26","span_or_diameter":1.5,"culvert_length":16,"overall_rating":7,"condition":"Good","status":"Operational","recommended_intervention":"Routine Maintenance","priority_score":20.4,"inspection_date":""}},{"type":"Feature","id":"culvert-161","geometry":{"type":"Point","coordinates":[31.6248893737793,1.57810997962952]},"properties":{"structure_type":"Major Culverts","culvert_n":"C451","link_no":"B204_Link01","link_name":"Masindi - Kisalizi","road_no":"B204","road_class":"B","district":"?","region":"Western","station":"Masindi","surface_ty":"Paved","river":"","chainage_km":13.3500003814697,"type":"26","span_or_diameter":1.5,"culvert_length":16,"overall_rating":7,"condition":"Good","status":"Operational","recommended_intervention":"Routine Maintenance","priority_score":20.4,"inspection_date":""}},{"type":"Feature","id":"culvert-162","geometry":{"type":"Point","coordinates":[31.6249694824219,1.57874000072479]},"properties":{"structure_type":"Major Culverts","culvert_n":"C452","link_no":"B204_Link01","link_name":"Masindi - Kisalizi","road_no":"B204","road_class":"B","district":"?","region":"Western","station":"Masindi","surface_ty":"Paved","river":"","chainage_km":0,"type":"26","span_or_diameter":1.5,"culvert_length":16,"overall_rating":7,"condition":"Good","status":"Operational","recommended_intervention":"Routine Maintenance","priority_score":20.4,"inspection_date":""}},{"type":"Feature","id":"culvert-163","geometry":{"type":"Point","coordinates":[1.62929999828339,31.6910991668701]},"properties":{"structure_type":"Major Culverts","culvert_n":"C453","link_no":"B204_Link01","link_name":"Masindi - Kisalizi","road_no":"B204","road_class":"B","district":"?","region":"Western","station":"Masindi","surface_ty":"Paved","river":"","chainage_km":23.2399997711182,"type":"26","span_or_diameter":1.5,"culvert_length":15,"overall_rating":1,"condition":"Critical","status":"Operational","recommended_intervention":"Culvert Replacement","priority_score":355,"inspection_date":""}},{"type":"Feature","id":"culvert-164","geometry":{"type":"Point","coordinates":[31.3984909057617,1.74733996391296]},"properties":{"structure_type":"Major Culverts","culvert_n":"C455","link_no":"C590_Link02","link_name":"Biso-Bukumi","road_no":"C590","road_class":"C","district":"?","region":"Western","station":"Masindi","surface_ty":"Paved","river":"","chainage_km":0,"type":"24","span_or_diameter":3,"culvert_length":7,"overall_rating":1,"condition":"Critical","status":"Operational","recommended_intervention":"Culvert Replacement","priority_score":310,"inspection_date":""}},{"type":"Feature","id":"culvert-165","geometry":{"type":"Point","coordinates":[31.3803195953369,1.78464996814728]},"properties":{"structure_type":"Major Culverts","culvert_n":"C456","link_no":"C590_Link02","link_name":"Biso-Bukumi","road_no":"C590","road_class":"C","district":"?","region":"Western","station":"Masindi","surface_ty":"Paved","river":"","chainage_km":52.2200012207031,"type":"24","span_or_diameter":3,"culvert_length":3,"overall_rating":7,"condition":"Good","status":"Operational","recommended_intervention":"Routine Maintenance","priority_score":19,"inspection_date":""}},{"type":"Feature","id":"culvert-166","geometry":{"type":"Point","coordinates":[31.381950378418,1.7861499786377]},"properties":{"structure_type":"Major Culverts","culvert_n":"C457","link_no":"C590_Link02","link_name":"Biso-Bukumi","road_no":"C590","road_class":"C","district":"?","region":"Western","station":"Masindi","surface_ty":"Paved","river":"","chainage_km":52.4700012207031,"type":"24","span_or_diameter":3,"culvert_length":10.1999998092651,"overall_rating":7,"condition":"Good","status":"Operational","recommended_intervention":"Routine Maintenance","priority_score":19,"inspection_date":""}},{"type":"Feature","id":"culvert-167","geometry":{"type":"Point","coordinates":[31.3938903808594,1.84150004386902]},"properties":{"structure_type":"Major Culverts","culvert_n":"C458","link_no":"C623_Link01","link_name":"Bukumi-Bulisa","road_no":"C623","road_class":"C","district":"?","region":"Western","station":"Masindi","surface_ty":"Paved","river":"","chainage_km":5.67000007629395,"type":"24","span_or_diameter":3,"culvert_length":6.40000009536743,"overall_rating":7,"condition":"Good","status":"Operational","recommended_intervention":"Routine Maintenance","priority_score":19,"inspection_date":""}},{"type":"Feature","id":"culvert-168","geometry":{"type":"Point","coordinates":[31.3990097045898,1.86012005805969]},"properties":{"structure_type":"Major Culverts","culvert_n":"C459","link_no":"C623_Link01","link_name":"Bukumi-Bulisa","road_no":"C623","road_class":"C","district":"?","region":"Western","station":"Masindi","surface_ty":"Paved","river":"","chainage_km":7.90000009536743,"type":"24","span_or_diameter":3,"culvert_length":6.40000009536743,"overall_rating":7,"condition":"Good","status":"Operational","recommended_intervention":"Routine Maintenance","priority_score":19,"inspection_date":""}},{"type":"Feature","id":"culvert-169","geometry":{"type":"Point","coordinates":[31.4063701629639,1.88118994235992]},"properties":{"structure_type":"Major Culverts","culvert_n":"C460","link_no":"C623_Link01","link_name":"Bukumi-Bulisa","road_no":"C623","road_class":"C","district":"?","region":"Western","station":"Masindi","surface_ty":"Paved","river":"","chainage_km":10.3000001907349,"type":"24","span_or_diameter":3,"culvert_length":3,"overall_rating":7,"condition":"Good","status":"Operational","recommended_intervention":"Routine Maintenance","priority_score":19,"inspection_date":""}},{"type":"Feature","id":"culvert-170","geometry":{"type":"Point","coordinates":[31.4064998626709,1.88146996498108]},"properties":{"structure_type":"Major Culverts","culvert_n":"C461","link_no":"C623_Link01","link_name":"Bukumi-Bulisa","road_no":"C623","road_class":"C","district":"?","region":"Western","station":"Masindi","surface_ty":"Paved","river":"","chainage_km":10.3299999237061,"type":"24","span_or_diameter":3,"culvert_length":10.8999996185303,"overall_rating":7,"condition":"Good","status":"Operational","recommended_intervention":"Routine Maintenance","priority_score":19,"inspection_date":""}},{"type":"Feature","id":"culvert-171","geometry":{"type":"Point","coordinates":[31.4256706237793,1.92484998703003]},"properties":{"structure_type":"Major Culverts","culvert_n":"C462","link_no":"C623_Link01","link_name":"Bukumi-Bulisa","road_no":"C623","road_class":"C","district":"?","region":"Western","station":"Masindi","surface_ty":"Paved","river":"","chainage_km":15.6169996261597,"type":"24","span_or_diameter":3,"culvert_length":3,"overall_rating":7,"condition":"Good","status":"Operational","recommended_intervention":"Routine Maintenance","priority_score":19,"inspection_date":""}},{"type":"Feature","id":"culvert-172","geometry":{"type":"Point","coordinates":[31.4263801574707,1.9264600276947]},"properties":{"structure_type":"Major Culverts","culvert_n":"C463","link_no":"C623_Link01","link_name":"Bukumi-Bulisa","road_no":"C623","road_class":"C","district":"?","region":"Western","station":"Masindi","surface_ty":"Paved","river":"","chainage_km":15.8000001907349,"type":"24","span_or_diameter":3,"culvert_length":15.3000001907349,"overall_rating":7,"condition":"Good","status":"Operational","recommended_intervention":"Routine Maintenance","priority_score":19,"inspection_date":""}},{"type":"Feature","id":"culvert-173","geometry":{"type":"Point","coordinates":[31.4277400970459,1.92949998378754]},"properties":{"structure_type":"Major Culverts","culvert_n":"C464","link_no":"C623_Link01","link_name":"Bukumi-Bulisa","road_no":"C623","road_class":"C","district":"?","region":"Western","station":"Masindi","surface_ty":"Paved","river":"","chainage_km":16.1399993896484,"type":"24","span_or_diameter":3,"culvert_length":14.6999998092651,"overall_rating":1,"condition":"Critical","status":"Operational","recommended_intervention":"Culvert Replacement","priority_score":310,"inspection_date":""}},{"type":"Feature","id":"culvert-174","geometry":{"type":"Point","coordinates":[31.4279804229736,1.9300400018692]},"properties":{"structure_type":"Major Culverts","culvert_n":"C465","link_no":"C623_Link01","link_name":"Bukumi-Bulisa","road_no":"C623","road_class":"C","district":"?","region":"Western","station":"Masindi","surface_ty":"Paved","river":"","chainage_km":16.2000007629395,"type":"24","span_or_diameter":3,"culvert_length":14.6999998092651,"overall_rating":1,"condition":"Critical","status":"Operational","recommended_intervention":"Culvert Replacement","priority_score":310,"inspection_date":""}},{"type":"Feature","id":"culvert-175","geometry":{"type":"Point","coordinates":[31.4640598297119,1.96580994129181]},"properties":{"structure_type":"Major Culverts","culvert_n":"C466","link_no":"C623_Link01","link_name":"Bukumi-Bulisa","road_no":"C623","road_class":"C","district":"?","region":"Western","station":"Masindi","surface_ty":"Paved","river":"","chainage_km":22.0599994659424,"type":"24","span_or_diameter":3,"culvert_length":14.6999998092651,"overall_rating":1,"condition":"Critical","status":"Operational","recommended_intervention":"Culvert Replacement","priority_score":310,"inspection_date":""}},{"type":"Feature","id":"culvert-176","geometry":{"type":"Point","coordinates":[31.4764404296875,1.99038004875183]},"properties":{"structure_type":"Major Culverts","culvert_n":"C467","link_no":"C623_Link01","link_name":"Bukumi-Bulisa","road_no":"C623","road_class":"C","district":"?","region":"Western","station":"Masindi","surface_ty":"Paved","river":"","chainage_km":25.2099990844727,"type":"24","span_or_diameter":3,"culvert_length":16,"overall_rating":1,"condition":"Critical","status":"Operational","recommended_intervention":"Culvert Replacement","priority_score":310,"inspection_date":""}},{"type":"Feature","id":"culvert-177","geometry":{"type":"Point","coordinates":[31.4759693145752,1.99131000041962]},"properties":{"structure_type":"Major Culverts","culvert_n":"C468","link_no":"C623_Link01","link_name":"Bukumi-Bulisa","road_no":"C623","road_class":"C","district":"?","region":"Western","station":"Masindi","surface_ty":"Paved","river":"","chainage_km":25.3199996948242,"type":"24","span_or_diameter":3,"culvert_length":6.40000009536743,"overall_rating":1,"condition":"Critical","status":"Operational","recommended_intervention":"Culvert Replacement","priority_score":310,"inspection_date":""}},{"type":"Feature","id":"culvert-178","geometry":{"type":"Point","coordinates":[31.4626998901367,2.01225996017456]},"properties":{"structure_type":"Major Culverts","culvert_n":"C469","link_no":"C623_Link01","link_name":"Bukumi-Bulisa","road_no":"C623","road_class":"C","district":"?","region":"Western","station":"Masindi","surface_ty":"Paved","river":"","chainage_km":28.0799999237061,"type":"24","span_or_diameter":3,"culvert_length":6.40000009536743,"overall_rating":1,"condition":"Critical","status":"Operational","recommended_intervention":"Culvert Replacement","priority_score":310,"inspection_date":""}},{"type":"Feature","id":"culvert-179","geometry":{"type":"Point","coordinates":[31.7124195098877,1.798220038414]},"properties":{"structure_type":"Major Culverts","culvert_n":"C470","link_no":"C625_Link01","link_name":"Kisanja-Park junction","road_no":"C625","road_class":"C","district":"?","region":"Western","station":"Masindi","surface_ty":"Paved","river":"","chainage_km":8.4399995803833,"type":"24","span_or_diameter":2.5,"culvert_length":5.25,"overall_rating":7,"condition":"Good","status":"Operational","recommended_intervention":"Routine Maintenance","priority_score":19,"inspection_date":""}},{"type":"Feature","id":"culvert-180","geometry":{"type":"Point","coordinates":[1.94167995452881,31.7134990692139]},"properties":{"structure_type":"Major Culverts","culvert_n":"C471","link_no":"C625_Link01","link_name":"Kisanja-Park junction","road_no":"C625","road_class":"C","district":"?","region":"Western","station":"Masindi","surface_ty":"Paved","river":"","chainage_km":25.2800006866455,"type":"24","span_or_diameter":2,"culvert_length":4.30000019073486,"overall_rating":7,"condition":"Good","status":"Operational","recommended_intervention":"Routine Maintenance","priority_score":19,"inspection_date":""}},{"type":"Feature","id":"culvert-181","geometry":{"type":"Point","coordinates":[1.95866000652313,31.7133808135986]},"properties":{"structure_type":"Major Culverts","culvert_n":"C472","link_no":"C625_Link01","link_name":"Kisanja-Park junction","road_no":"C625","road_class":"C","district":"?","region":"Western","station":"Masindi","surface_ty":"Paved","river":"","chainage_km":27.2399997711182,"type":"24","span_or_diameter":2,"culvert_length":4.30000019073486,"overall_rating":7,"condition":"Good","status":"Operational","recommended_intervention":"Routine Maintenance","priority_score":19,"inspection_date":""}},{"type":"Feature","id":"culvert-182","geometry":{"type":"Point","coordinates":[31.7124195098877,1.798220038414]},"properties":{"structure_type":"Major Culverts","culvert_n":"C473","link_no":"C625_Link01","link_name":"Kisanja-Park junction","road_no":"C625","road_class":"C","district":"?","region":"Western","station":"Masindi","surface_ty":"Paved","river":"","chainage_km":65.620002746582,"type":"24","span_or_diameter":2,"culvert_length":4.30000019073486,"overall_rating":7,"condition":"Good","status":"Operational","recommended_intervention":"Routine Maintenance","priority_score":19,"inspection_date":""}},{"type":"Feature","id":"culvert-183","geometry":{"type":"Point","coordinates":[31.4085807800293,2.12366008758545]},"properties":{"structure_type":"Major Culverts","culvert_n":"C474","link_no":"C623_Link02","link_name":"Bulisa-Wanseko","road_no":"C623","road_class":"C","district":"?","region":"Western","station":"Masindi","surface_ty":"Paved","river":"","chainage_km":0.769999980926514,"type":"24","span_or_diameter":3,"culvert_length":6.40000009536743,"overall_rating":1,"condition":"Critical","status":"Operational","recommended_intervention":"Culvert Replacement","priority_score":310,"inspection_date":""}},{"type":"Feature","id":"culvert-184","geometry":{"type":"Point","coordinates":[31.4078598022461,2.12705993652344]},"properties":{"structure_type":"Major Culverts","culvert_n":"C475","link_no":"C623_Link02","link_name":"Bulisa-Wanseko","road_no":"C623","road_class":"C","district":"?","region":"Western","station":"Masindi","surface_ty":"Paved","river":"","chainage_km":1.14999997615814,"type":"24","span_or_diameter":3,"culvert_length":6.5,"overall_rating":1,"condition":"Critical","status":"Operational","recommended_intervention":"Culvert Replacement","priority_score":310,"inspection_date":""}},{"type":"Feature","id":"culvert-185","geometry":{"type":"Point","coordinates":[31.4077796936035,2.13081002235413]},"properties":{"structure_type":"Major Culverts","culvert_n":"C476","link_no":"C623_Link02","link_name":"Bulisa-Wanseko","road_no":"C623","road_class":"C","district":"?","region":"Western","station":"Masindi","surface_ty":"Paved","river":"","chainage_km":1.57000005245209,"type":"24","span_or_diameter":3,"culvert_length":6.40000009536743,"overall_rating":1,"condition":"Critical","status":"Operational","recommended_intervention":"Culvert Replacement","priority_score":310,"inspection_date":""}},{"type":"Feature","id":"culvert-186","geometry":{"type":"Point","coordinates":[31.1486396789551,0.986280024051666]},"properties":{"structure_type":"Major Culverts","culvert_n":"C477","link_no":"B203_Link03","link_name":"Kabaale Swamp - Buhimba","road_no":"B203","road_class":"B","district":"?","region":"Western","station":"Hoima","surface_ty":"Paved","river":"","chainage_km":0,"type":"24","span_or_diameter":3,"culvert_length":7,"overall_rating":1,"condition":"Critical","status":"Operational","recommended_intervention":"Culvert Replacement","priority_score":355,"inspection_date":""}},{"type":"Feature","id":"culvert-187","geometry":{"type":"Point","coordinates":[31.1485500335693,0.98812997341156]},"properties":{"structure_type":"Major Culverts","culvert_n":"C478","link_no":"B203_Link03","link_name":"Kabaale Swamp - Buhimba","road_no":"B203","road_class":"B","district":"?","region":"Western","station":"Hoima","surface_ty":"Paved","river":"","chainage_km":0,"type":"24","span_or_diameter":3,"culvert_length":3.5,"overall_rating":1,"condition":"Critical","status":"Operational","recommended_intervention":"Culvert Replacement","priority_score":355,"inspection_date":""}},{"type":"Feature","id":"culvert-188","geometry":{"type":"Point","coordinates":[30.2256908416748,1.12417995929718]},"properties":{"structure_type":"Major Culverts","culvert_n":"C479","link_no":"B203_Link03","link_name":"Kabaale Swamp - Buhimba","road_no":"B203","road_class":"B","district":"?","region":"Western","station":"Hoima","surface_ty":"Paved","river":"","chainage_km":0,"type":"24","span_or_diameter":3,"culvert_length":15,"overall_rating":1,"condition":"Critical","status":"Operational","recommended_intervention":"Culvert Replacement","priority_score":355,"inspection_date":""}},{"type":"Feature","id":"culvert-189","geometry":{"type":"Point","coordinates":[31.2532405853271,1.12312996387482]},"properties":{"structure_type":"Major Culverts","culvert_n":"C480","link_no":"B203_Link03","link_name":"Kabaale Swamp - Buhimba","road_no":"B203","road_class":"B","district":"?","region":"Western","station":"Hoima","surface_ty":"Paved","river":"","chainage_km":0,"type":"24","span_or_diameter":3,"culvert_length":3.5,"overall_rating":1,"condition":"Critical","status":"Operational","recommended_intervention":"Culvert Replacement","priority_score":355,"inspection_date":""}},{"type":"Feature","id":"culvert-190","geometry":{"type":"Point","coordinates":[31.2551498413086,1.12249004840851]},"properties":{"structure_type":"Major Culverts","culvert_n":"C481","link_no":"B203_Link03","link_name":"Kabaale Swamp - Buhimba","road_no":"B203","road_class":"B","district":"?","region":"Western","station":"Hoima","surface_ty":"Paved","river":"","chainage_km":0,"type":"24","span_or_diameter":3,"culvert_length":7,"overall_rating":1,"condition":"Critical","status":"Operational","recommended_intervention":"Culvert Replacement","priority_score":355,"inspection_date":""}},{"type":"Feature","id":"culvert-191","geometry":{"type":"Point","coordinates":[31.256290435791,1.12241005897522]},"properties":{"structure_type":"Major Culverts","culvert_n":"C482","link_no":"B203_Link03","link_name":"Kabaale Swamp - Buhimba","road_no":"B203","road_class":"B","district":"?","region":"Western","station":"Hoima","surface_ty":"Paved","river":"","chainage_km":0,"type":"24","span_or_diameter":3,"culvert_length":3.5,"overall_rating":1,"condition":"Critical","status":"Operational","recommended_intervention":"Culvert Replacement","priority_score":355,"inspection_date":""}},{"type":"Feature","id":"culvert-192","geometry":{"type":"Point","coordinates":[31.291690826416,1.20325005054474]},"properties":{"structure_type":"Major Culverts","culvert_n":"C483","link_no":"B203_Link03","link_name":"Kabaale Swamp - Buhimba","road_no":"B203","road_class":"B","district":"?","region":"Western","station":"Hoima","surface_ty":"Paved","river":"","chainage_km":0,"type":"24","span_or_diameter":3,"culvert_length":7,"overall_rating":1,"condition":"Critical","status":"Operational","recommended_intervention":"Culvert Replacement","priority_score":355,"inspection_date":""}},{"type":"Feature","id":"culvert-193","geometry":{"type":"Point","coordinates":[31.2905101776123,1.2051899433136]},"properties":{"structure_type":"Major Culverts","culvert_n":"C484","link_no":"B203_Link03","link_name":"Kabaale Swamp - Buhimba","road_no":"B203","road_class":"B","district":"?","region":"Western","station":"Hoima","surface_ty":"Paved","river":"","chainage_km":0,"type":"24","span_or_diameter":3,"culvert_length":15,"overall_rating":1,"condition":"Critical","status":"Operational","recommended_intervention":"Culvert Replacement","priority_score":355,"inspection_date":""}},{"type":"Feature","id":"culvert-194","geometry":{"type":"Point","coordinates":[31.2897300720215,1.20649003982544]},"properties":{"structure_type":"Major Culverts","culvert_n":"C485","link_no":"B203_Link03","link_name":"Kabaale Swamp - Buhimba","road_no":"B203","road_class":"B","district":"?","region":"Western","station":"Hoima","surface_ty":"Paved","river":"","chainage_km":0,"type":"24","span_or_diameter":3,"culvert_length":7,"overall_rating":1,"condition":"Critical","status":"Operational","recommended_intervention":"Culvert Replacement","priority_score":355,"inspection_date":""}},{"type":"Feature","id":"culvert-195","geometry":{"type":"Point","coordinates":[31.65797996521,0.817369997501373]},"properties":{"structure_type":"Major Culverts","culvert_n":"C486","link_no":"C271_Link04","link_name":"Kitumbi Bridge - Bukwiri","road_no":"C271","road_class":"C","district":"?","region":"Western","station":"Hoima","surface_ty":"Unpaved","river":"","chainage_km":68.0999984741211,"type":"24","span_or_diameter":3,"culvert_length":20.5,"overall_rating":8,"condition":"","status":"","recommended_intervention":"","priority_score":null,"inspection_date":""}},{"type":"Feature","id":"culvert-196","geometry":{"type":"Point","coordinates":[31.350269317627,1.51610004901886]},"properties":{"structure_type":"Major Culverts","culvert_n":"C487","link_no":"C590_Link02","link_name":"Biso-Bukumi","road_no":"C590","road_class":"C","district":"?","region":"Western","station":"Masindi","surface_ty":"Paved","river":"","chainage_km":0,"type":"24","span_or_diameter":3,"culvert_length":4,"overall_rating":7,"condition":"Good","status":"Operational","recommended_intervention":"Routine Maintenance","priority_score":37,"inspection_date":""}},{"type":"Feature","id":"culvert-197","geometry":{"type":"Point","coordinates":[31.3121490478516,1.57955002784729]},"properties":{"structure_type":"Major Culverts","culvert_n":"C488","link_no":"C590_Link01","link_name":"Hoima (Parajwoki) -Biso","road_no":"C590","road_class":"C","district":"?","region":"Western","station":"Hoima","surface_ty":"Paved","river":"","chainage_km":0,"type":"24","span_or_diameter":3,"culvert_length":6.80000019073486,"overall_rating":7,"condition":"Good","status":"Operational","recommended_intervention":"Routine Maintenance","priority_score":28,"inspection_date":""}},{"type":"Feature","id":"culvert-198","geometry":{"type":"Point","coordinates":[30.9574508666992,1.51905000209808]},"properties":{"structure_type":"Major Culverts","culvert_n":"C490","link_no":"C597_Link01","link_name":"Kyehooro Link 1","road_no":"C597","road_class":"C","district":"?","region":"Western","station":"Hoima","surface_ty":"Paved","river":"","chainage_km":0,"type":"24","span_or_diameter":5,"culvert_length":16.6000003814697,"overall_rating":7,"condition":"Good","status":"Operational","recommended_intervention":"Routine Maintenance","priority_score":28,"inspection_date":""}},{"type":"Feature","id":"culvert-199","geometry":{"type":"Point","coordinates":[31.4625797271729,2.12184000015259]},"properties":{"structure_type":"Major Culverts","culvert_n":"C494","link_no":"C625_Link02","link_name":"Park junction - Buliisa","road_no":"C625","road_class":"C","district":"?","region":"Western","station":"Masindi","surface_ty":"Paved","river":"","chainage_km":0,"type":"24","span_or_diameter":3,"culvert_length":9.5,"overall_rating":1,"condition":"Critical","status":"Operational","recommended_intervention":"Culvert Replacement","priority_score":310,"inspection_date":""}},{"type":"Feature","id":"culvert-200","geometry":{"type":"Point","coordinates":[31.3333892822266,1.549919962883]},"properties":{"structure_type":"Major Culverts","culvert_n":"C495","link_no":"C590_Link01","link_name":"Hoima (Parajwoki) -Biso","road_no":"C590","road_class":"C","district":"?","region":"Western","station":"Hoima","surface_ty":"Paved","river":"","chainage_km":0,"type":"24","span_or_diameter":3,"culvert_length":3.5,"overall_rating":7,"condition":"Good","status":"Operational","recommended_intervention":"Routine Maintenance","priority_score":28,"inspection_date":""}},{"type":"Feature","id":"culvert-201","geometry":{"type":"Point","coordinates":[31.8254795074463,1.77587997913361]},"properties":{"structure_type":"Major Culverts","culvert_n":"C496","link_no":"B201_Link01","link_name":"Kigumba - Masindi","road_no":"B201","road_class":"B","district":"?","region":"Western","station":"Masindi","surface_ty":"Paved","river":"","chainage_km":22.0699996948242,"type":"26","span_or_diameter":1.5,"culvert_length":15.3000001907349,"overall_rating":8,"condition":"","status":"","recommended_intervention":"","priority_score":null,"inspection_date":""}},{"type":"Feature","id":"culvert-202","geometry":{"type":"Point","coordinates":[31.8181400299072,1.77091002464294]},"properties":{"structure_type":"Major Culverts","culvert_n":"C497","link_no":"B201_Link01","link_name":"Kigumba - Masindi","road_no":"B201","road_class":"B","district":"?","region":"Western","station":"Masindi","surface_ty":"Paved","river":"","chainage_km":23.0699996948242,"type":"26","span_or_diameter":1.5,"culvert_length":15.3000001907349,"overall_rating":8,"condition":"","status":"","recommended_intervention":"","priority_score":null,"inspection_date":""}},{"type":"Feature","id":"culvert-203","geometry":{"type":"Point","coordinates":[31.8177604675293,1.77084004878998]},"properties":{"structure_type":"Major Culverts","culvert_n":"C498","link_no":"B201_Link01","link_name":"Kigumba - Masindi","road_no":"B201","road_class":"B","district":"?","region":"Western","station":"Masindi","surface_ty":"Paved","river":"","chainage_km":23.0900001525879,"type":"26","span_or_diameter":1.5,"culvert_length":16.5,"overall_rating":7,"condition":"","status":"","recommended_intervention":"","priority_score":null,"inspection_date":""}},{"type":"Feature","id":"culvert-204","geometry":{"type":"Point","coordinates":[31.8164005279541,1.77081000804901]},"properties":{"structure_type":"Major Culverts","culvert_n":"C499","link_no":"B201_Link01","link_name":"Kigumba - Masindi","road_no":"B201","road_class":"B","district":"?","region":"Western","station":"Masindi","surface_ty":"Paved","river":"","chainage_km":23.2099990844727,"type":"26","span_or_diameter":1.5,"culvert_length":16.5,"overall_rating":7,"condition":"","status":"","recommended_intervention":"","priority_score":null,"inspection_date":""}},{"type":"Feature","id":"culvert-205","geometry":{"type":"Point","coordinates":[32.84151,3.08105]},"properties":{"structure_type":"Major Culverts","culvert_n":"C501","link_no":"C681_Link01","link_name":"Acholibur - Aswa","road_no":"C681","road_class":"C","district":"14","region":"Northern","station":"Kitgum","surface_ty":"Paved","river":"","chainage_km":10.1000003814697,"type":"24","span_or_diameter":4,"culvert_length":16.5,"overall_rating":7,"condition":"Good","status":"Operational","recommended_intervention":"Routine Maintenance","priority_score":28,"inspection_date":"2021-09-16"}},{"type":"Feature","id":"culvert-206","geometry":{"type":"Point","coordinates":[32.80585,3.061778]},"properties":{"structure_type":"Major Culverts","culvert_n":"C502","link_no":"C681_Link01","link_name":"Acholibur - Aswa","road_no":"C681","road_class":"C","district":"14","region":"Northern","station":"Kitgum","surface_ty":"Paved","river":"","chainage_km":18.6000003814697,"type":"24","span_or_diameter":4.09999990463257,"culvert_length":16.6000003814697,"overall_rating":7,"condition":"Good","status":"Operational","recommended_intervention":"Routine Maintenance","priority_score":37,"inspection_date":"2019-07-17"}},{"type":"Feature","id":"culvert-207","geometry":{"type":"Point","coordinates":[32.78349,3.04563]},"properties":{"structure_type":"Major Culverts","culvert_n":"C503","link_no":"C681_Link01","link_name":"Acholibur - Aswa","road_no":"C681","road_class":"C","district":"14","region":"Northern","station":"Kitgum","surface_ty":"Paved","river":"","chainage_km":3.01999998092651,"type":"24","span_or_diameter":4,"culvert_length":21.1000003814697,"overall_rating":7,"condition":"Good","status":"Operational","recommended_intervention":"Routine Maintenance","priority_score":28,"inspection_date":"2019-07-16"}},{"type":"Feature","id":"culvert-208","geometry":{"type":"Point","coordinates":[32.75536,3.01918]},"properties":{"structure_type":"Major Culverts","culvert_n":"C504","link_no":"C681_Link01","link_name":"Acholibur - Aswa","road_no":"C681","road_class":"C","district":"13","region":"Northern","station":"Kitgum","surface_ty":"Paved","river":"","chainage_km":23.1000003814697,"type":"24","span_or_diameter":4.25,"culvert_length":19.8999996185303,"overall_rating":7,"condition":"Good","status":"Operational","recommended_intervention":"Routine Maintenance","priority_score":28,"inspection_date":"2019-06-21"}},{"type":"Feature","id":"culvert-209","geometry":{"type":"Point","coordinates":[33.33416,2.814297]},"properties":{"structure_type":"Major Culverts","culvert_n":"C505","link_no":"C681_Link02","link_name":"Aswa - Gulu","road_no":"C681","road_class":"C","district":"13","region":"Northern","station":"Gulu","surface_ty":"Paved","river":"","chainage_km":76,"type":"24","span_or_diameter":5,"culvert_length":17.8999996185303,"overall_rating":7,"condition":"Good","status":"Operational","recommended_intervention":"Routine Maintenance","priority_score":28,"inspection_date":"2019-07-16"}},{"type":"Feature","id":"culvert-210","geometry":{"type":"Point","coordinates":[32.34547,2.821504]},"properties":{"structure_type":"Major Culverts","culvert_n":"C506","link_no":"C681_Link02","link_name":"Aswa - Gulu","road_no":"C681","road_class":"C","district":"13","region":"Northern","station":"Gulu","surface_ty":"Paved","river":"","chainage_km":76,"type":"24","span_or_diameter":4,"culvert_length":16.6000003814697,"overall_rating":7,"condition":"Good","status":"Operational","recommended_intervention":"Routine Maintenance","priority_score":28,"inspection_date":"2019-07-16"}},{"type":"Feature","id":"culvert-211","geometry":{"type":"Point","coordinates":[32.91422,3.14608]},"properties":{"structure_type":"Major Culverts","culvert_n":"C507","link_no":"B252_Link03","link_name":"Acholibur - Kitgum","road_no":"B252","road_class":"B","district":"14","region":"Northern","station":"Kitgum","surface_ty":"Paved","river":"","chainage_km":0,"type":"24","span_or_diameter":3,"culvert_length":19,"overall_rating":7,"condition":"Good","status":"Operational","recommended_intervention":"Routine Maintenance","priority_score":20.7,"inspection_date":"2021-09-16"}},{"type":"Feature","id":"culvert-212","geometry":{"type":"Point","coordinates":[32.9235,3.197395]},"properties":{"structure_type":"Major Culverts","culvert_n":"C508","link_no":"B252_Link03","link_name":"Acholibur - Kitgum","road_no":"B252","road_class":"B","district":"14","region":"Northern","station":"Kitgum","surface_ty":"Paved","river":"","chainage_km":172.139999389648,"type":"24","span_or_diameter":3,"culvert_length":17.1000003814697,"overall_rating":7,"condition":"Good","status":"Operational","recommended_intervention":"Routine Maintenance","priority_score":20.7,"inspection_date":"2021-09-16"}},{"type":"Feature","id":"culvert-213","geometry":{"type":"Point","coordinates":[32.92635,3.21019]},"properties":{"structure_type":"Major Culverts","culvert_n":"C509","link_no":"B252_Link03","link_name":"Acholibur - Kitgum","road_no":"B252","road_class":"B","district":"14","region":"Northern","station":"Kitgum","surface_ty":"Paved","river":"","chainage_km":173.630004882813,"type":"24","span_or_diameter":3,"culvert_length":19.2999992370605,"overall_rating":7,"condition":"Good","status":"Operational","recommended_intervention":"Routine Maintenance","priority_score":20.7,"inspection_date":"2020-11-10"}},{"type":"Feature","id":"culvert-214","geometry":{"type":"Point","coordinates":[32.91166,3.24647]},"properties":{"structure_type":"Major Culverts","culvert_n":"C510","link_no":"B252_Link03","link_name":"Acholibur - Kitgum","road_no":"B252","road_class":"B","district":"14","region":"Northern","station":"Kitgum","surface_ty":"Paved","river":"","chainage_km":178.100006103516,"type":"24","span_or_diameter":3,"culvert_length":17.5,"overall_rating":7,"condition":"Good","status":"Operational","recommended_intervention":"Routine Maintenance","priority_score":20.7,"inspection_date":"2020-11-10"}},{"type":"Feature","id":"culvert-215","geometry":{"type":"Point","coordinates":[32.90044,3.265768]},"properties":{"structure_type":"Major Culverts","culvert_n":"C511","link_no":"B252_Link03","link_name":"Acholibur - Kitgum","road_no":"B252","road_class":"B","district":"14","region":"Northern","station":"Kitgum","surface_ty":"Paved","river":"","chainage_km":180.880004882813,"type":"24","span_or_diameter":2,"culvert_length":17.7000007629395,"overall_rating":7,"condition":"Good","status":"Operational","recommended_intervention":"Routine Maintenance","priority_score":20.7,"inspection_date":"2020-11-10"}},{"type":"Feature","id":"culvert-216","geometry":{"type":"Point","coordinates":[32.89986,3.32012]},"properties":{"structure_type":"Major Culverts","culvert_n":"C512","link_no":"B252_Link04","link_name":"Kitgum - Madi Opei","road_no":"B252","road_class":"B","district":"14","region":"Northern","station":"Kitgum","surface_ty":"Paved","river":"","chainage_km":189.139999389648,"type":"24","span_or_diameter":3,"culvert_length":18.7000007629395,"overall_rating":7,"condition":"Good","status":"Operational","recommended_intervention":"Routine Maintenance","priority_score":20.7,"inspection_date":"2020-11-10"}},{"type":"Feature","id":"culvert-217","geometry":{"type":"Point","coordinates":[32.91457,3.33448]},"properties":{"structure_type":"Major Culverts","culvert_n":"C513","link_no":"B252_Link04","link_name":"Kitgum - Madi Opei","road_no":"B252","road_class":"B","district":"14","region":"Northern","station":"Kitgum","surface_ty":"Paved","river":"","chainage_km":191.990005493164,"type":"24","span_or_diameter":3,"culvert_length":17,"overall_rating":7,"condition":"Good","status":"Operational","recommended_intervention":"Routine Maintenance","priority_score":20.7,"inspection_date":"2020-11-10"}},{"type":"Feature","id":"culvert-218","geometry":{"type":"Point","coordinates":[32.95256,3.36424]},"properties":{"structure_type":"Major Culverts","culvert_n":"C514","link_no":"B252_Link04","link_name":"Kitgum - Madi Opei","road_no":"B252","road_class":"B","district":"14","region":"Northern","station":"Kitgum","surface_ty":"Paved","river":"","chainage_km":196.860000610352,"type":"24","span_or_diameter":6,"culvert_length":15.3000001907349,"overall_rating":7,"condition":"Good","status":"Operational","recommended_intervention":"Routine Maintenance","priority_score":31.1,"inspection_date":"2020-11-10"}},{"type":"Feature","id":"culvert-219","geometry":{"type":"Point","coordinates":[32.9905,3.38764]},"properties":{"structure_type":"Major Culverts","culvert_n":"C515","link_no":"B252_Link04","link_name":"Kitgum - Madi Opei","road_no":"B252","road_class":"B","district":"14","region":"Northern","station":"Kitgum","surface_ty":"Paved","river":"","chainage_km":201.800003051758,"type":"24","span_or_diameter":2,"culvert_length":14.6999998092651,"overall_rating":7,"condition":"Good","status":"Operational","recommended_intervention":"Routine Maintenance","priority_score":31.1,"inspection_date":"2020-11-10"}},{"type":"Feature","id":"culvert-220","geometry":{"type":"Point","coordinates":[33.03465,3.437276]},"properties":{"structure_type":"Major Culverts","culvert_n":"C516","link_no":"B252_Link04","link_name":"Kitgum - Madi Opei","road_no":"B252","road_class":"B","district":"14","region":"Northern","station":"Kitgum","surface_ty":"Paved","river":"","chainage_km":209.830001831055,"type":"24","span_or_diameter":4.05000019073486,"culvert_length":20.5,"overall_rating":7,"condition":"Good","status":"Operational","recommended_intervention":"Routine Maintenance","priority_score":20.7,"inspection_date":"2020-11-10"}},{"type":"Feature","id":"culvert-221","geometry":{"type":"Point","coordinates":[33.06165,3.49412]},"properties":{"structure_type":"Major Culverts","culvert_n":"C517","link_no":"B252_Link04","link_name":"Kitgum - Madi Opei","road_no":"B252","road_class":"B","district":"14","region":"Northern","station":"Kitgum","surface_ty":"Paved","river":"","chainage_km":216.800003051758,"type":"24","span_or_diameter":3,"culvert_length":19.2000007629395,"overall_rating":7,"condition":"Good","status":"Operational","recommended_intervention":"Routine Maintenance","priority_score":20.7,"inspection_date":"2020-11-10"}},{"type":"Feature","id":"culvert-222","geometry":{"type":"Point","coordinates":[33.06816,3.51856]},"properties":{"structure_type":"Major Culverts","culvert_n":"C518","link_no":"B252_Link04","link_name":"Kitgum - Madi Opei","road_no":"B252","road_class":"B","district":"14","region":"Northern","station":"Kitgum","surface_ty":"Paved","river":"","chainage_km":232,"type":"24","span_or_diameter":3,"culvert_length":21.7999992370605,"overall_rating":7,"condition":"Good","status":"Operational","recommended_intervention":"Routine Maintenance","priority_score":20.7,"inspection_date":"2020-11-10"}},{"type":"Feature","id":"culvert-223","geometry":{"type":"Point","coordinates":[33.07814,3.57487]},"properties":{"structure_type":"Major Culverts","culvert_n":"C519","link_no":"B252_Link04","link_name":"Kitgum - Madi Opei","road_no":"B252","road_class":"B","district":"14","region":"Northern","station":"Kitgum","surface_ty":"Paved","river":"","chainage_km":225.979995727539,"type":"24","span_or_diameter":3.02999997138977,"culvert_length":17.2999992370605,"overall_rating":7,"condition":"Good","status":"Operational","recommended_intervention":"Routine Maintenance","priority_score":31.1,"inspection_date":"2020-11-10"}},{"type":"Feature","id":"culvert-224","geometry":{"type":"Point","coordinates":[33.09077,3.615332]},"properties":{"structure_type":"Major Culverts","culvert_n":"C520","link_no":"B252_Link04","link_name":"Kitgum - Madi Opei","road_no":"B252","road_class":"B","district":"14","region":"Northern","station":"Kitgum","surface_ty":"Paved","river":"","chainage_km":230.679992675781,"type":"24","span_or_diameter":3,"culvert_length":17.2999992370605,"overall_rating":7,"condition":"Good","status":"Operational","recommended_intervention":"Routine Maintenance","priority_score":31.1,"inspection_date":"2020-11-10"}},{"type":"Feature","id":"culvert-225","geometry":{"type":"Point","coordinates":[33.11091,3.66545]},"properties":{"structure_type":"Major Culverts","culvert_n":"C521","link_no":"B252_Link05","link_name":"Madi Opei - Uganda/Sudan border","road_no":"B252","road_class":"B","district":"14","region":"Northern","station":"Kitgum","surface_ty":"Paved","river":"","chainage_km":236.75,"type":"24","span_or_diameter":2,"culvert_length":14.8000001907349,"overall_rating":7,"condition":"Good","status":"Operational","recommended_intervention":"Routine Maintenance","priority_score":31.1,"inspection_date":"2020-11-10"}},{"type":"Feature","id":"culvert-226","geometry":{"type":"Point","coordinates":[32.37202,2.30097]},"properties":{"structure_type":"Major Culverts","culvert_n":"C523","link_no":"A006_Link10","link_name":"Kamdini - Minakulu","road_no":"A006","road_class":"A","district":"13","region":"Northern","station":"Gulu","surface_ty":"Paved","river":"","chainage_km":274.190002441406,"type":"24","span_or_diameter":3.70000004768372,"culvert_length":10.3000001907349,"overall_rating":7,"condition":"Good","status":"Operational","recommended_intervention":"Routine Maintenance","priority_score":23.4,"inspection_date":"2020-11-10"}},{"type":"Feature","id":"culvert-227","geometry":{"type":"Point","coordinates":[32.37123,2.29963]},"properties":{"structure_type":"Major Culverts","culvert_n":"C524","link_no":"A006_Link10","link_name":"Kamdini - Minakulu","road_no":"A006","road_class":"A","district":"13","region":"Northern","station":"Gulu","surface_ty":"Paved","river":"","chainage_km":274.019989013672,"type":"24","span_or_diameter":3.70000004768372,"culvert_length":10.3000001907349,"overall_rating":7,"condition":"Good","status":"Operational","recommended_intervention":"Routine Maintenance","priority_score":23.4,"inspection_date":"2020-11-10"}},{"type":"Feature","id":"culvert-228","geometry":{"type":"Point","coordinates":[32.47994,3.41055]},"properties":{"structure_type":"Major Culverts","culvert_n":"C525","link_no":"C700_Link01","link_name":"Atiak-Palabek","road_no":"C700","road_class":"C","district":"14","region":"Northern","station":"Kitgum","surface_ty":"Unpaved","river":"","chainage_km":57.1699981689453,"type":"27","span_or_diameter":1.79999995231628,"culvert_length":8.5,"overall_rating":5,"condition":"Good","status":"Operational","recommended_intervention":"Preventive Repair","priority_score":70,"inspection_date":"2020-11-10"}},{"type":"Feature","id":"culvert-229","geometry":{"type":"Point","coordinates":[33.08751,3.67923]},"properties":{"structure_type":"Major Culverts","culvert_n":"C526","link_no":"C700_Link01","link_name":"Atiak-Palabek","road_no":"C700","road_class":"C","district":"14","region":"Northern","station":"Kitgum","surface_ty":"Unpaved","river":"","chainage_km":6.15000009536743,"type":"24","span_or_diameter":1.79999995231628,"culvert_length":4.59999990463257,"overall_rating":7,"condition":"Good","status":"Operational","recommended_intervention":"Routine Maintenance","priority_score":27,"inspection_date":"2020-11-10"}},{"type":"Feature","id":"culvert-230","geometry":{"type":"Point","coordinates":[33.08728,3.68058]},"properties":{"structure_type":"Major Culverts","culvert_n":"C527","link_no":"C702_Link01","link_name":"Madi Opei-Agoro Hills","road_no":"C702","road_class":"C","district":"14","region":"Northern","station":"Kitgum","surface_ty":"Unpaved","river":"","chainage_km":6.30000019073486,"type":"24","span_or_diameter":2,"culvert_length":4.30000019073486,"overall_rating":7,"condition":"Good","status":"Operational","recommended_intervention":"Routine Maintenance","priority_score":27,"inspection_date":"2020-11-10"}},{"type":"Feature","id":"culvert-231","geometry":{"type":"Point","coordinates":[33.34859,2.754802]},"properties":{"structure_type":"Major Culverts","culvert_n":"C528","link_no":"B302_Link02","link_name":"Abim - Kilak","road_no":"B302","road_class":"B","district":"14","region":"Northern","station":"Kitgum","surface_ty":"Unpaved","river":"","chainage_km":99.5999984741211,"type":"24","span_or_diameter":3.29999995231628,"culvert_length":7.09999990463257,"overall_rating":7,"condition":"Good","status":"Operational","recommended_intervention":"Routine Maintenance","priority_score":20.7,"inspection_date":"2020-11-10"}},{"type":"Feature","id":"culvert-232","geometry":{"type":"Point","coordinates":[33.34883,2.754778]},"properties":{"structure_type":"Major Culverts","culvert_n":"C529","link_no":"B302_Link02","link_name":"Abim - Kilak","road_no":"B302","road_class":"B","district":"14","region":"Northern","station":"Kitgum","surface_ty":"Unpaved","river":"","chainage_km":99.629997253418,"type":"24","span_or_diameter":3.40000009536743,"culvert_length":10.1000003814697,"overall_rating":7,"condition":"Good","status":"Operational","recommended_intervention":"Routine Maintenance","priority_score":20.7,"inspection_date":"2020-11-10"}},{"type":"Feature","id":"culvert-233","geometry":{"type":"Point","coordinates":[33.3492,2.75473]},"properties":{"structure_type":"Major Culverts","culvert_n":"C530","link_no":"B302_Link02","link_name":"Abim - Kilak","road_no":"B302","road_class":"B","district":"14","region":"Northern","station":"Kitgum","surface_ty":"Unpaved","river":"","chainage_km":99.6699981689453,"type":"24","span_or_diameter":4.59999990463257,"culvert_length":6.90000009536743,"overall_rating":7,"condition":"Good","status":"Operational","recommended_intervention":"Routine Maintenance","priority_score":20.7,"inspection_date":"2020-11-10"}},{"type":"Feature","id":"culvert-234","geometry":{"type":"Point","coordinates":[32.01639,3.35722]},"properties":{"structure_type":"Major Culverts","culvert_n":"C551","link_no":"B250_Link01","link_name":"Atiak - Moyo","road_no":"B250","road_class":"B","district":"15","region":"Northern","station":"Moyo","surface_ty":"Paved","river":"","chainage_km":17,"type":"24","span_or_diameter":3,"culvert_length":18.6000003814697,"overall_rating":7,"condition":"Good","status":"Operational","recommended_intervention":"Routine Maintenance","priority_score":41.1,"inspection_date":"2020-11-16"}},{"type":"Feature","id":"culvert-235","geometry":{"type":"Point","coordinates":[31.80806,3.36944]},"properties":{"structure_type":"Major Culverts","culvert_n":"C552","link_no":"B250_Link01","link_name":"Atiak - Moyo","road_no":"B250","road_class":"B","district":"15","region":"Northern","station":"Moyo","surface_ty":"Paved","river":"","chainage_km":42.0299987792969,"type":"24","span_or_diameter":3,"culvert_length":20.1000003814697,"overall_rating":7,"condition":"Good","status":"Operational","recommended_intervention":"Routine Maintenance","priority_score":30.7,"inspection_date":"2020-10-07"}},{"type":"Feature","id":"culvert-236","geometry":{"type":"Point","coordinates":[31.81639,3.55944]},"properties":{"structure_type":"Major Culverts","culvert_n":"C553","link_no":"B250_Link01","link_name":"Atiak - Moyo","road_no":"B250","road_class":"B","district":"15","region":"Northern","station":"Moyo","surface_ty":"Paved","river":"","chainage_km":63,"type":"24","span_or_diameter":2.40000009536743,"culvert_length":11.5,"overall_rating":7,"condition":"Good","status":"Operational","recommended_intervention":"Routine Maintenance","priority_score":41.1,"inspection_date":"2020-11-10"}},{"type":"Feature","id":"culvert-237","geometry":{"type":"Point","coordinates":[31.74441,3.64572]},"properties":{"structure_type":"Major Culverts","culvert_n":"C554","link_no":"B250_Link01","link_name":"Atiak - Moyo","road_no":"B250","road_class":"B","district":"?","region":"Northern","station":"Moyo","surface_ty":"Paved","river":"","chainage_km":74,"type":"24","span_or_diameter":3,"culvert_length":19,"overall_rating":7,"condition":"Good","status":"Operational","recommended_intervention":"Routine Maintenance","priority_score":41.1,"inspection_date":"2019-07-19"}},{"type":"Feature","id":"culvert-238","geometry":{"type":"Point","coordinates":[31.78917,3.64056]},"properties":{"structure_type":"Major Culverts","culvert_n":"C556","link_no":"B250_Link01","link_name":"Atiak - Moyo","road_no":"B250","road_class":"B","district":"15","region":"Northern","station":"Moyo","surface_ty":"Paved","river":"","chainage_km":79,"type":"24","span_or_diameter":3.09999990463257,"culvert_length":17.7999992370605,"overall_rating":7,"condition":"Good","status":"Operational","recommended_intervention":"Routine Maintenance","priority_score":41.1,"inspection_date":"2019-07-19"}},{"type":"Feature","id":"culvert-239","geometry":{"type":"Point","coordinates":[31.74417,3.64559]},"properties":{"structure_type":"Major Culverts","culvert_n":"C557","link_no":"B250_Link01","link_name":"Atiak - Moyo","road_no":"B250","road_class":"B","district":"15","region":"Northern","station":"Moyo","surface_ty":"Paved","river":"","chainage_km":87,"type":"24","span_or_diameter":3,"culvert_length":18.7999992370605,"overall_rating":7,"condition":"Good","status":"Operational","recommended_intervention":"Routine Maintenance","priority_score":41.1,"inspection_date":"2019-07-17"}},{"type":"Feature","id":"culvert-240","geometry":{"type":"Point","coordinates":[31.68528,3.31417]},"properties":{"structure_type":"Major Culverts","culvert_n":"C558","link_no":"C726_Link01","link_name":"Adjumani - Sinyanya Ferry landing","road_no":"C726","road_class":"C","district":"15","region":"Northern","station":"Moyo","surface_ty":"Unpaved","river":"","chainage_km":14,"type":"27","span_or_diameter":1.79999995231628,"culvert_length":5.40000009536743,"overall_rating":1,"condition":"Critical","status":"Operational","recommended_intervention":"Culvert Replacement","priority_score":250,"inspection_date":"2019-07-19"}},{"type":"Feature","id":"culvert-241","geometry":{"type":"Point","coordinates":[31.15049,3.27824]},"properties":{"structure_type":"Major Culverts","culvert_n":"C560","link_no":"B250_Link03","link_name":"Yumbe - Manibe","road_no":"B250","road_class":"B","district":"16","region":"Northern","station":"Arua","surface_ty":"Unpaved","river":"","chainage_km":191.460006713867,"type":"24","span_or_diameter":3.5,"culvert_length":9.60000038146973,"overall_rating":7,"condition":"Good","status":"Operational","recommended_intervention":"Routine Maintenance","priority_score":41.1,"inspection_date":"2019-06-16"}},{"type":"Feature","id":"culvert-242","geometry":{"type":"Point","coordinates":[31.16478,3.28741]},"properties":{"structure_type":"Major Culverts","culvert_n":"C561","link_no":"B250_Link02","link_name":"Moyo - Yumbe","road_no":"B250","road_class":"B","district":"16","region":"Northern","station":"Moyo","surface_ty":"Unpaved","river":"","chainage_km":123.400001525879,"type":"24","span_or_diameter":3.5,"culvert_length":9.89999961853027,"overall_rating":7,"condition":"Good","status":"Operational","recommended_intervention":"Routine Maintenance","priority_score":30.7,"inspection_date":"2020-11-23"}},{"type":"Feature","id":"culvert-243","geometry":{"type":"Point","coordinates":[31.11218,2.89748]},"properties":{"structure_type":"Major Culverts","culvert_n":"C562","link_no":"C743_Link02","link_name":"Inde-Ocoko","road_no":"C743","road_class":"C","district":"16","region":"Northern","station":"Arua","surface_ty":"Unpaved","river":"","chainage_km":73.6920013427734,"type":"27","span_or_diameter":1.5,"culvert_length":8.30000019073486,"overall_rating":1,"condition":"Critical","status":"Operational","recommended_intervention":"Culvert Replacement","priority_score":310,"inspection_date":"2019-06-12"}},{"type":"Feature","id":"culvert-244","geometry":{"type":"Point","coordinates":[32.2273,3.02165]},"properties":{"structure_type":"Major Culverts","culvert_n":"C566","link_no":"C690_Link01","link_name":"Pabbo - Ajulu - Uyama","road_no":"C690","road_class":"C","district":"13","region":"Northern","station":"Gulu","surface_ty":"Unpaved","river":"","chainage_km":5.80000019073486,"type":"27","span_or_diameter":1.79999995231628,"culvert_length":21.5,"overall_rating":1,"condition":"Critical","status":"Operational","recommended_intervention":"Culvert Replacement","priority_score":310,"inspection_date":"2019-06-19"}},{"type":"Feature","id":"culvert-245","geometry":{"type":"Point","coordinates":[32.8445281982422,2.60651993751526]},"properties":{"structure_type":"Major Culverts","culvert_n":"C567","link_no":"C667_Link01","link_name":"Agweng-Arom","road_no":"C667","road_class":"C","district":"12","region":"Northern","station":"Lira","surface_ty":"Unpaved","river":"","chainage_km":4.5,"type":"24","span_or_diameter":1.79999995231628,"culvert_length":4.5,"overall_rating":0,"condition":"No Data","status":"Operational","recommended_intervention":"Routine Maintenance","priority_score":0,"inspection_date":""}},{"type":"Feature","id":"culvert-246","geometry":{"type":"Point","coordinates":[33.22121,2.37161]},"properties":{"structure_type":"Major Culverts","culvert_n":"C570","link_no":"C650_Link01","link_name":"Lira - Akia","road_no":"C650","road_class":"C","district":"12","region":"Northern","station":"Lira","surface_ty":"Paved","river":"","chainage_km":43.8499984741211,"type":"24","span_or_diameter":3,"culvert_length":12.1999998092651,"overall_rating":7,"condition":"Good","status":"Operational","recommended_intervention":"Routine Maintenance","priority_score":28,"inspection_date":"2018-07-26"}},{"type":"Feature","id":"culvert-247","geometry":{"type":"Point","coordinates":[32.85668,2.59484]},"properties":{"structure_type":"Major Culverts","culvert_n":"C571","link_no":"C667_Link01","link_name":"Agweng-Arom","road_no":"C667","road_class":"C","district":"12","region":"Northern","station":"Lira","surface_ty":"Unpaved","river":"","chainage_km":14.5500001907349,"type":"28","span_or_diameter":2.79999995231628,"culvert_length":5.69999980926514,"overall_rating":1,"condition":"Critical","status":"Operational","recommended_intervention":"Culvert Replacement","priority_score":310,"inspection_date":"2018-03-18"}},{"type":"Feature","id":"culvert-248","geometry":{"type":"Point","coordinates":[32.165,2.31361]},"properties":{"structure_type":"Major Culverts","culvert_n":"C601","link_no":"A008_Link01","link_name":"Karuma - Olwiyo","road_no":"A008","road_class":"A","district":"13","region":"Northern","station":"Gulu","surface_ty":"Paved","river":"","chainage_km":17,"type":"24","span_or_diameter":1.5,"culvert_length":16.2000007629395,"overall_rating":7,"condition":"Good","status":"Operational","recommended_intervention":"Routine Maintenance","priority_score":33.4,"inspection_date":"2019-07-18"}},{"type":"Feature","id":"culvert-249","geometry":{"type":"Point","coordinates":[31.97556,2.435]},"properties":{"structure_type":"Major Culverts","culvert_n":"C602","link_no":"A008_Link01","link_name":"Karuma - Olwiyo","road_no":"A008","road_class":"A","district":"13","region":"Northern","station":"Gulu","surface_ty":"Paved","river":"","chainage_km":23,"type":"27","span_or_diameter":2,"culvert_length":11.8999996185303,"overall_rating":7,"condition":"Good","status":"Operational","recommended_intervention":"Routine Maintenance","priority_score":45.1,"inspection_date":"2019-07-18"}},{"type":"Feature","id":"culvert-250","geometry":{"type":"Point","coordinates":[31.15952,2.48569]},"properties":{"structure_type":"Major Culverts","culvert_n":"C603","link_no":"A008_Link03","link_name":"Packwach - Nebbi","road_no":"A008","road_class":"A","district":"16","region":"Northern","station":"Arua","surface_ty":"Paved","river":"","chainage_km":148,"type":"24","span_or_diameter":3,"culvert_length":13,"overall_rating":7,"condition":"Good","status":"Operational","recommended_intervention":"Routine Maintenance","priority_score":45.1,"inspection_date":"2019-07-18"}},{"type":"Feature","id":"culvert-251","geometry":{"type":"Point","coordinates":[31.09036,2.52462]},"properties":{"structure_type":"Major Culverts","culvert_n":"C604","link_no":"A008_Link04","link_name":"Nebbi - Eruba","road_no":"A008","road_class":"A","district":"16","region":"Northern","station":"Arua","surface_ty":"Paved","river":"","chainage_km":165,"type":"24","span_or_diameter":3,"culvert_length":14.5,"overall_rating":7,"condition":"Good","status":"Operational","recommended_intervention":"Routine Maintenance","priority_score":33.4,"inspection_date":"2020-11-12"}},{"type":"Feature","id":"culvert-252","geometry":{"type":"Point","coordinates":[30.96114,2.90733]},"properties":{"structure_type":"Major Culverts","culvert_n":"C605","link_no":"A008_Link04","link_name":"Nebbi - Eruba","road_no":"A008","road_class":"A","district":"16","region":"Northern","station":"Arua","surface_ty":"Paved","river":"","chainage_km":218,"type":"24","span_or_diameter":3.20000004768372,"culvert_length":27.6000003814697,"overall_rating":7,"condition":"Good","status":"Operational","recommended_intervention":"Routine Maintenance","priority_score":33.4,"inspection_date":"2020-11-25"}},{"type":"Feature","id":"culvert-253","geometry":{"type":"Point","coordinates":[30.95106,3.26848]},"properties":{"structure_type":"Major Culverts","culvert_n":"C606","link_no":"A008_Link06","link_name":"Manibe - Maracha - Koboko","road_no":"A008","road_class":"A","district":"16","region":"Northern","station":"Arua","surface_ty":"Paved","river":"","chainage_km":272,"type":"24","span_or_diameter":2.5,"culvert_length":20,"overall_rating":7,"condition":"Good","status":"Operational","recommended_intervention":"Routine Maintenance","priority_score":33.4,"inspection_date":"2019-07-18"}},{"type":"Feature","id":"culvert-254","geometry":{"type":"Point","coordinates":[30.95673,3.37405]},"properties":{"structure_type":"Major Culverts","culvert_n":"C607","link_no":"A008_Link06","link_name":"Manibe - Maracha - Koboko","road_no":"A008","road_class":"A","district":"16","region":"Northern","station":"Arua","surface_ty":"Paved","river":"","chainage_km":283,"type":"24","span_or_diameter":3.20000004768372,"culvert_length":24.6000003814697,"overall_rating":7,"condition":"Good","status":"Operational","recommended_intervention":"Routine Maintenance","priority_score":33.4,"inspection_date":"2019-07-18"}},{"type":"Feature","id":"culvert-255","geometry":{"type":"Point","coordinates":[30.89326,3.53112]},"properties":{"structure_type":"Major Culverts","culvert_n":"C608","link_no":"A008_Link07","link_name":"Koboko - Oraba(Uganda/Sudan border)","road_no":"A008","road_class":"A","district":"16","region":"Northern","station":"Arua","surface_ty":"Paved","river":"","chainage_km":305.600006103516,"type":"24","span_or_diameter":3,"culvert_length":23.6000003814697,"overall_rating":7,"condition":"Good","status":"Operational","recommended_intervention":"Routine Maintenance","priority_score":33.4,"inspection_date":"2019-07-18"}},{"type":"Feature","id":"culvert-256","geometry":{"type":"Point","coordinates":[31.3922004699707,2.71291995048523]},"properties":{"structure_type":"Major Culverts","culvert_n":"C610","link_no":"C743_Link01","link_name":"Pakwach-Inde","road_no":"C743","road_class":"C","district":"16","region":"Northern","station":"Arua","surface_ty":"Unpaved","river":"","chainage_km":33.560001373291,"type":"24","span_or_diameter":4,"culvert_length":15.5,"overall_rating":1,"condition":"Critical","status":"Operational","recommended_intervention":"Culvert Replacement","priority_score":310,"inspection_date":""}},{"type":"Feature","id":"culvert-257","geometry":{"type":"Point","coordinates":[30.8520698547363,2.72975993156433]},"properties":{"structure_type":"Major Culverts","culvert_n":"C611","link_no":"C763_Link02","link_name":"Zombo-Vurra","road_no":"C763","road_class":"C","district":"16","region":"Northern","station":"Arua","surface_ty":"Unpaved","river":"","chainage_km":83,"type":"24","span_or_diameter":5,"culvert_length":15.3000001907349,"overall_rating":7,"condition":"Good","status":"Operational","recommended_intervention":"Routine Maintenance","priority_score":28,"inspection_date":""}},{"type":"Feature","id":"culvert-258","geometry":{"type":"Point","coordinates":[30.9540195465088,3.34879994392395]},"properties":{"structure_type":"Major Culverts","culvert_n":"C612","link_no":"A008_Link06","link_name":"Manibe - Maracha - Koboko","road_no":"A008","road_class":"A","district":"16","region":"Northern","station":"Arua","surface_ty":"Paved","river":"","chainage_km":242.699996948242,"type":"24","span_or_diameter":2,"culvert_length":38.0999984741211,"overall_rating":7,"condition":"Good","status":"Operational","recommended_intervention":"Routine Maintenance","priority_score":33.4,"inspection_date":""}},{"type":"Feature","id":"culvert-259","geometry":{"type":"Point","coordinates":[31.0195198059082,3.44018006324768]},"properties":{"structure_type":"Major Culverts","culvert_n":"C613","link_no":"C740_Link01","link_name":"Koboko - Yumbe","road_no":"C740","road_class":"C","district":"16","region":"Northern","station":"Arua","surface_ty":"Unpaved","river":"","chainage_km":36,"type":"27","span_or_diameter":1.5,"culvert_length":6.09999990463257,"overall_rating":1,"condition":"Critical","status":"Operational","recommended_intervention":"Culvert Replacement","priority_score":310,"inspection_date":""}},{"type":"Feature","id":"culvert-260","geometry":{"type":"Point","coordinates":[32.0223388671875,3.19986009597778]},"properties":{"structure_type":"Major Culverts","culvert_n":"C614","link_no":"C689_Link01","link_name":"Pakele - Pabbo","road_no":"C689","road_class":"C","district":"15","region":"Northern","station":"Moyo","surface_ty":"Unpaved","river":"","chainage_km":30.2000007629395,"type":"24","span_or_diameter":5,"culvert_length":15,"overall_rating":7,"condition":"Good","status":"Operational","recommended_intervention":"Routine Maintenance","priority_score":28,"inspection_date":""}},{"type":"Feature","id":"culvert-261","geometry":{"type":"Point","coordinates":[32.0089912414551,3.20840001106262]},"properties":{"structure_type":"Major Culverts","culvert_n":"C615","link_no":"C689_Link01","link_name":"Pakele - Pabbo","road_no":"C689","road_class":"C","district":"15","region":"Northern","station":"Moyo","surface_ty":"Unpaved","river":"","chainage_km":28.3999996185303,"type":"24","span_or_diameter":5,"culvert_length":11,"overall_rating":7,"condition":"Good","status":"Operational","recommended_intervention":"Routine Maintenance","priority_score":19,"inspection_date":""}},{"type":"Feature","id":"culvert-262","geometry":{"type":"Point","coordinates":[31.9291896820068,2.58931994438171]},"properties":{"structure_type":"Major Culverts","culvert_n":"C616","link_no":"B251_Link01","link_name":"Gulu - Olwiyo","road_no":"B251","road_class":"B","district":"13","region":"Northern","station":"Gulu","surface_ty":"Paved","river":"","chainage_km":53,"type":"24","span_or_diameter":5,"culvert_length":15.1000003814697,"overall_rating":7,"condition":"Good","status":"Operational","recommended_intervention":"Routine Maintenance","priority_score":41.1,"inspection_date":""}},{"type":"Feature","id":"culvert-263","geometry":{"type":"Point","coordinates":[33.0200004577637,3.41000008583069]},"properties":{"structure_type":"Major Culverts","culvert_n":"C617","link_no":"B252_Link04","link_name":"Kitgum - Madi Opei","road_no":"B252","road_class":"B","district":"14","region":"Northern","station":"Kitgum","surface_ty":"Paved","river":"","chainage_km":186.100006103516,"type":"24","span_or_diameter":3,"culvert_length":14.1999998092651,"overall_rating":7,"condition":"Good","status":"Operational","recommended_intervention":"Routine Maintenance","priority_score":41.1,"inspection_date":""}},{"type":"Feature","id":"culvert-264","geometry":{"type":"Point","coordinates":[32.735710144043,3.72575998306274]},"properties":{"structure_type":"Major Culverts","culvert_n":"C618","link_no":"C709_Link01","link_name":"Potika - Aweno Olwiyo - Ngomoromo","road_no":"C709","road_class":"C","district":"14","region":"Northern","station":"Kitgum","surface_ty":"Unpaved","river":"","chainage_km":17.2800006866455,"type":"27","span_or_diameter":1.79999995231628,"culvert_length":7.09999990463257,"overall_rating":1,"condition":"Critical","status":"Operational","recommended_intervention":"Culvert Replacement","priority_score":310,"inspection_date":""}},{"type":"Feature","id":"culvert-265","geometry":{"type":"Point","coordinates":[31.665319442749,2.87603998184204]},"properties":{"structure_type":"Major Culverts","culvert_n":"C619","link_no":"C686_Link02","link_name":"Amuru Junction - Awee","road_no":"C686","road_class":"C","district":"13","region":"Northern","station":"Gulu","surface_ty":"Unpaved","river":"","chainage_km":62.2700004577637,"type":"28","span_or_diameter":2.90000009536743,"culvert_length":8.5,"overall_rating":1,"condition":"Critical","status":"Operational","recommended_intervention":"Culvert Replacement","priority_score":310,"inspection_date":""}},{"type":"Feature","id":"culvert-266","geometry":{"type":"Point","coordinates":[32.795581817627,2.6593599319458]},"properties":{"structure_type":"Major Culverts","culvert_n":"C620","link_no":"C667_Link02","link_name":"Arom-Awere","road_no":"C667","road_class":"C","district":"13","region":"Northern","station":"Gulu","surface_ty":"Unpaved","river":"","chainage_km":25.5200004577637,"type":"27","span_or_diameter":1.5,"culvert_length":8.10000038146973,"overall_rating":1,"condition":"Critical","status":"Operational","recommended_intervention":"Culvert Replacement","priority_score":310,"inspection_date":""}},{"type":"Feature","id":"culvert-267","geometry":{"type":"Point","coordinates":[32.6923599243164,2.31608009338379]},"properties":{"structure_type":"Major Culverts","culvert_n":"C621","link_no":"A007_Link09","link_name":"Lira - Ayer","road_no":"A007","road_class":"A","district":"12","region":"Northern","station":"Lira","surface_ty":"Paved","river":"","chainage_km":271.200012207031,"type":"24","span_or_diameter":3.59999990463257,"culvert_length":10.1999998092651,"overall_rating":1,"condition":"Critical","status":"Operational","recommended_intervention":"Culvert Replacement","priority_score":400,"inspection_date":""}},{"type":"Feature","id":"culvert-268","geometry":{"type":"Point","coordinates":[32.6910018920898,2.31610989570618]},"properties":{"structure_type":"Major Culverts","culvert_n":"C622","link_no":"A007_Link09","link_name":"Lira - Ayer","road_no":"A007","road_class":"A","district":"12","region":"Northern","station":"Lira","surface_ty":"Paved","river":"","chainage_km":271.200012207031,"type":"24","span_or_diameter":3.29999995231628,"culvert_length":6.90000009536743,"overall_rating":7,"condition":"Good","status":"Operational","recommended_intervention":"Routine Maintenance","priority_score":33.4,"inspection_date":""}},{"type":"Feature","id":"culvert-269","geometry":{"type":"Point","coordinates":[33.2659492492676,2.48831009864807]},"properties":{"structure_type":"Major Culverts","culvert_n":"C623","link_no":"C674_Link02","link_name":"Okee Bridge-Adwari","road_no":"C674","road_class":"C","district":"12","region":"Northern","station":"Lira","surface_ty":"Unpaved","river":"","chainage_km":22.6000003814697,"type":"26","span_or_diameter":0.899999976158142,"culvert_length":4.59999990463257,"overall_rating":3,"condition":"Poor","status":"Operational","recommended_intervention":"Major Rehabilitation","priority_score":167.5,"inspection_date":""}},{"type":"Feature","id":"culvert-270","geometry":{"type":"Point","coordinates":[32.7082786560059,2.30843997001648]},"properties":{"structure_type":"Major Culverts","culvert_n":"C624","link_no":"A007_Link09","link_name":"Lira - Ayer","road_no":"A007","road_class":"A","district":"12","region":"Northern","station":"Lira","surface_ty":"Paved","river":"","chainage_km":271.200012207031,"type":"24","span_or_diameter":3.09999990463257,"culvert_length":10.3000001907349,"overall_rating":7,"condition":"Good","status":"Operational","recommended_intervention":"Routine Maintenance","priority_score":45.1,"inspection_date":""}},{"type":"Feature","id":"culvert-271","geometry":{"type":"Point","coordinates":[32.7098503112793,2.306960105896]},"properties":{"structure_type":"Major Culverts","culvert_n":"C625","link_no":"A007_Link09","link_name":"Lira - Ayer","road_no":"A007","road_class":"A","district":"12","region":"Northern","station":"Lira","surface_ty":"Paved","river":"","chainage_km":271.200012207031,"type":"24","span_or_diameter":3.09999990463257,"culvert_length":10.1999998092651,"overall_rating":5,"condition":"Good","status":"Operational","recommended_intervention":"Preventive Repair","priority_score":88,"inspection_date":""}},{"type":"Feature","id":"culvert-272","geometry":{"type":"Point","coordinates":[32.710521697998,2.30634999275208]},"properties":{"structure_type":"Major Culverts","culvert_n":"C626","link_no":"A007_Link09","link_name":"Lira - Ayer","road_no":"A007","road_class":"A","district":"12","region":"Northern","station":"Lira","surface_ty":"Paved","river":"","chainage_km":271.200012207031,"type":"24","span_or_diameter":3,"culvert_length":10.3999996185303,"overall_rating":1,"condition":"Critical","status":"Operational","recommended_intervention":"Culvert Replacement","priority_score":400,"inspection_date":""}},{"type":"Feature","id":"culvert-273","geometry":{"type":"Point","coordinates":[32.711368560791,2.30556011199951]},"properties":{"structure_type":"Major Culverts","culvert_n":"C627","link_no":"A007_Link09","link_name":"Lira - Ayer","road_no":"A007","road_class":"A","district":"12","region":"Northern","station":"Lira","surface_ty":"Paved","river":"","chainage_km":271.200012207031,"type":"24","span_or_diameter":3.09999990463257,"culvert_length":10.3000001907349,"overall_rating":1,"condition":"Critical","status":"Operational","recommended_intervention":"Culvert Replacement","priority_score":400,"inspection_date":""}},{"type":"Feature","id":"culvert-274","geometry":{"type":"Point","coordinates":[32.7127914428711,2.30428004264832]},"properties":{"structure_type":"Major Culverts","culvert_n":"C628","link_no":"A007_Link09","link_name":"Lira - Ayer","road_no":"A007","road_class":"A","district":"12","region":"Northern","station":"Lira","surface_ty":"Paved","river":"","chainage_km":271.200012207031,"type":"24","span_or_diameter":3.09999990463257,"culvert_length":10.3000001907349,"overall_rating":1,"condition":"Critical","status":"Operational","recommended_intervention":"Culvert Replacement","priority_score":400,"inspection_date":""}},{"type":"Feature","id":"culvert-275","geometry":{"type":"Point","coordinates":[32.7134094238281,2.30369997024536]},"properties":{"structure_type":"Major Culverts","culvert_n":"C629","link_no":"A007_Link09","link_name":"Lira - Ayer","road_no":"A007","road_class":"A","district":"12","region":"Northern","station":"Lira","surface_ty":"Paved","river":"","chainage_km":271.200012207031,"type":"24","span_or_diameter":3.09999990463257,"culvert_length":10.1999998092651,"overall_rating":7,"condition":"Good","status":"Operational","recommended_intervention":"Routine Maintenance","priority_score":45.1,"inspection_date":""}},{"type":"Feature","id":"culvert-276","geometry":{"type":"Point","coordinates":[31.2000293731689,2.88512992858887]},"properties":{"structure_type":"Major Culverts","culvert_n":"C630","link_no":"C743_Link02","link_name":"Inde-Ocoko","road_no":"C743","road_class":"C","district":"16","region":"Northern","station":"Arua","surface_ty":"Unpaved","river":"","chainage_km":69.6800003051758,"type":"24","span_or_diameter":3.97000002861023,"culvert_length":15,"overall_rating":7,"condition":"Good","status":"Operational","recommended_intervention":"Routine Maintenance","priority_score":28,"inspection_date":""}},{"type":"Feature","id":"culvert-277","geometry":{"type":"Point","coordinates":[31.199649810791,2.88533997535706]},"properties":{"structure_type":"Major Culverts","culvert_n":"C631","link_no":"C743_Link02","link_name":"Inde-Ocoko","road_no":"C743","road_class":"C","district":"16","region":"Northern","station":"Arua","surface_ty":"Unpaved","river":"","chainage_km":70,"type":"24","span_or_diameter":4,"culvert_length":15,"overall_rating":7,"condition":"Good","status":"Operational","recommended_intervention":"Routine Maintenance","priority_score":28,"inspection_date":""}},{"type":"Feature","id":"culvert-278","geometry":{"type":"Point","coordinates":[32.0083198547363,3.20682001113892]},"properties":{"structure_type":"Major Culverts","culvert_n":"C632","link_no":"C689_Link01","link_name":"Pakele - Pabbo","road_no":"C689","road_class":"C","district":"15","region":"Northern","station":"Moyo","surface_ty":"Unpaved","river":"","chainage_km":28.3999996185303,"type":"24","span_or_diameter":4.90000009536743,"culvert_length":11,"overall_rating":7,"condition":"Good","status":"Operational","recommended_intervention":"Routine Maintenance","priority_score":28,"inspection_date":""}},{"type":"Feature","id":"culvert-279","geometry":{"type":"Point","coordinates":[32.0001907348633,3.20811009407043]},"properties":{"structure_type":"Major Culverts","culvert_n":"C633","link_no":"C689_Link01","link_name":"Pakele - Pabbo","road_no":"C689","road_class":"C","district":"15","region":"Northern","station":"Moyo","surface_ty":"Unpaved","river":"","chainage_km":30.2000007629395,"type":"24","span_or_diameter":10.5,"culvert_length":11,"overall_rating":7,"condition":"Good","status":"Operational","recommended_intervention":"Routine Maintenance","priority_score":37,"inspection_date":""}},{"type":"Feature","id":"culvert-280","geometry":{"type":"Point","coordinates":[31.9279899597168,3.25487995147705]},"properties":{"structure_type":"Major Culverts","culvert_n":"C634","link_no":"C689_Link01","link_name":"Pakele - Pabbo","road_no":"C689","road_class":"C","district":"?","region":"Northern","station":"Moyo","surface_ty":"Unpaved","river":"","chainage_km":59.9900016784668,"type":"25","span_or_diameter":5,"culvert_length":11,"overall_rating":8,"condition":"","status":"","recommended_intervention":"","priority_score":null,"inspection_date":""}},{"type":"Feature","id":"culvert-281","geometry":{"type":"Point","coordinates":[34.2751693725586,0.843569993972778]},"properties":{"structure_type":"Major Culverts","culvert_n":"C700","link_no":"C870_Link01","link_name":"Bubulo-Busumbu","road_no":"C870","road_class":"C","district":"19","region":"Eastern","station":"Mbale","surface_ty":"Paved","river":"","chainage_km":15.5,"type":"24","span_or_diameter":4.19999980926514,"culvert_length":17.5,"overall_rating":8,"condition":"","status":"","recommended_intervention":"","priority_score":null,"inspection_date":""}},{"type":"Feature","id":"culvert-282","geometry":{"type":"Point","coordinates":[34.2778015136719,0.840969979763031]},"properties":{"structure_type":"Major Culverts","culvert_n":"C701","link_no":"C870_Link01","link_name":"Bubulo-Busumbu","road_no":"C870","road_class":"C","district":"19","region":"Eastern","station":"Mbale","surface_ty":"Paved","river":"","chainage_km":15.5,"type":"24","span_or_diameter":1,"culvert_length":16.6000003814697,"overall_rating":7,"condition":"","status":"","recommended_intervention":"","priority_score":null,"inspection_date":""}},{"type":"Feature","id":"culvert-283","geometry":{"type":"Point","coordinates":[33.7498588562012,1.1611100435257]},"properties":{"structure_type":"Major Culverts","culvert_n":"C702","link_no":"C860_Link01","link_name":"Kamonkoli-Pallisa","road_no":"C860","road_class":"C","district":"19","region":"Eastern","station":"Mbale","surface_ty":"Paved","river":"","chainage_km":43.7999992370605,"type":"24","span_or_diameter":5,"culvert_length":17.7999992370605,"overall_rating":8,"condition":"","status":"","recommended_intervention":"","priority_score":null,"inspection_date":""}},{"type":"Feature","id":"culvert-284","geometry":{"type":"Point","coordinates":[33.7511596679688,1.16108000278473]},"properties":{"structure_type":"Major Culverts","culvert_n":"C703","link_no":"C860_Link01","link_name":"Kamonkoli-Pallisa","road_no":"C860","road_class":"C","district":"19","region":"Eastern","station":"Mbale","surface_ty":"Paved","river":"","chainage_km":43.7999992370605,"type":"24","span_or_diameter":5,"culvert_length":17.3999996185303,"overall_rating":9,"condition":"","status":"","recommended_intervention":"","priority_score":null,"inspection_date":""}},{"type":"Feature","id":"culvert-285","geometry":{"type":"Point","coordinates":[33.7505798339844,1.16109001636505]},"properties":{"structure_type":"Major Culverts","culvert_n":"C704","link_no":"C860_Link01","link_name":"Kamonkoli-Pallisa","road_no":"C860","road_class":"C","district":"19","region":"Eastern","station":"Mbale","surface_ty":"Paved","river":"","chainage_km":43.5,"type":"24","span_or_diameter":5,"culvert_length":17.7999992370605,"overall_rating":8,"condition":"","status":"","recommended_intervention":"","priority_score":null,"inspection_date":""}},{"type":"Feature","id":"culvert-286","geometry":{"type":"Point","coordinates":[34.235179901123,0.646529972553253]},"properties":{"structure_type":"Major Culverts","culvert_n":"C705","link_no":"A001_Link11","link_name":"Tororo junction - Malaba(Uganda/Kenya border)","road_no":"A001","road_class":"A","district":"18","region":"Eastern","station":"Tororo","surface_ty":"Paved","river":"","chainage_km":200.5,"type":"27","span_or_diameter":1.79999995231628,"culvert_length":15.8000001907349,"overall_rating":8,"condition":"","status":"","recommended_intervention":"","priority_score":null,"inspection_date":""}},{"type":"Feature","id":"culvert-287","geometry":{"type":"Point","coordinates":[34.0261192321777,1.913370013237]},"properties":{"structure_type":"Major Culverts","culvert_n":"C706","link_no":"B303_Link02","link_name":"Arapai - Katakwi - Iriri","road_no":"B303","road_class":"B","district":"20","region":"North Eastern","station":"Soroti","surface_ty":"Paved","river":"","chainage_km":89.5,"type":"24","span_or_diameter":3,"culvert_length":16.5,"overall_rating":8,"condition":"","status":"","recommended_intervention":"","priority_score":null,"inspection_date":""}},{"type":"Feature","id":"culvert-288","geometry":{"type":"Point","coordinates":[34.0922698974609,1.97020196914673]},"properties":{"structure_type":"Major Culverts","culvert_n":"C707","link_no":"B303_Link02","link_name":"Arapai - Katakwi - Iriri","road_no":"B303","road_class":"B","district":"20","region":"North Eastern","station":"Soroti","surface_ty":"Paved","river":"","chainage_km":89.5,"type":"24","span_or_diameter":3,"culvert_length":15.5,"overall_rating":7,"condition":"","status":"","recommended_intervention":"","priority_score":null,"inspection_date":""}},{"type":"Feature","id":"culvert-289","geometry":{"type":"Point","coordinates":[34.0274200439453,1.91302001476288]},"properties":{"structure_type":"Major Culverts","culvert_n":"C708","link_no":"B303_Link02","link_name":"Arapai - Katakwi - Iriri","road_no":"B303","road_class":"B","district":"20","region":"North Eastern","station":"Soroti","surface_ty":"Paved","river":"","chainage_km":89.5,"type":"24","span_or_diameter":3,"culvert_length":17,"overall_rating":8,"condition":"","status":"","recommended_intervention":"","priority_score":null,"inspection_date":""}},{"type":"Feature","id":"culvert-290","geometry":{"type":"Point","coordinates":[34.092399597168,1.96985995769501]},"properties":{"structure_type":"Major Culverts","culvert_n":"C709","link_no":"B303_Link02","link_name":"Arapai - Katakwi - Iriri","road_no":"B303","road_class":"B","district":"21","region":"North Eastern","station":"Soroti","surface_ty":"Paved","river":"","chainage_km":89.5,"type":"24","span_or_diameter":3.20000004768372,"culvert_length":15.5,"overall_rating":7,"condition":"","status":"","recommended_intervention":"","priority_score":null,"inspection_date":""}},{"type":"Feature","id":"culvert-291","geometry":{"type":"Point","coordinates":[34.2415809631348,2.1905300617218]},"properties":{"structure_type":"Major Culverts","culvert_n":"C710","link_no":"B303_Link03","link_name":"Iriri - Akisim (Lorengechora) - Ariamoi - Nadunget","road_no":"B303","road_class":"B","district":"21","region":"North Eastern","station":"Moroto","surface_ty":"Paved","river":"","chainage_km":90,"type":"24","span_or_diameter":2,"culvert_length":15,"overall_rating":7,"condition":"","status":"","recommended_intervention":"","priority_score":null,"inspection_date":""}},{"type":"Feature","id":"culvert-292","geometry":{"type":"Point","coordinates":[34.0973205566406,2.00435996055603]},"properties":{"structure_type":"Major Culverts","culvert_n":"C711","link_no":"B303_Link02","link_name":"Arapai - Katakwi - Iriri","road_no":"B303","road_class":"B","district":"20","region":"North Eastern","station":"Soroti","surface_ty":"Paved","river":"","chainage_km":90,"type":"24","span_or_diameter":3,"culvert_length":15,"overall_rating":8,"condition":"","status":"","recommended_intervention":"","priority_score":null,"inspection_date":""}},{"type":"Feature","id":"culvert-293","geometry":{"type":"Point","coordinates":[34.2414016723633,2.19020009040833]},"properties":{"structure_type":"Major Culverts","culvert_n":"C712","link_no":"B303_Link03","link_name":"Iriri - Akisim (Lorengechora) - Ariamoi - Nadunget","road_no":"B303","road_class":"B","district":"?","region":"North Eastern","station":"Moroto","surface_ty":"Paved","river":"","chainage_km":90,"type":"24","span_or_diameter":3,"culvert_length":15,"overall_rating":8,"condition":"","status":"","recommended_intervention":"","priority_score":null,"inspection_date":""}},{"type":"Feature","id":"culvert-294","geometry":{"type":"Point","coordinates":[34.2415504455566,2.19033002853394]},"properties":{"structure_type":"Major Culverts","culvert_n":"C713","link_no":"B303_Link03","link_name":"Iriri - Akisim (Lorengechora) - Ariamoi - Nadunget","road_no":"B303","road_class":"B","district":"21","region":"North Eastern","station":"Moroto","surface_ty":"Paved","river":"","chainage_km":90,"type":"24","span_or_diameter":3,"culvert_length":15,"overall_rating":8,"condition":"","status":"","recommended_intervention":"","priority_score":null,"inspection_date":""}},{"type":"Feature","id":"culvert-295","geometry":{"type":"Point","coordinates":[34.2289581298828,2.11006999015808]},"properties":{"structure_type":"Major Culverts","culvert_n":"C714","link_no":"B303_Link03","link_name":"Iriri - Akisim (Lorengechora) - Ariamoi - Nadunget","road_no":"B303","road_class":"B","district":"20","region":"North Eastern","station":"Moroto","surface_ty":"Paved","river":"","chainage_km":90,"type":"24","span_or_diameter":2,"culvert_length":18.5,"overall_rating":8,"condition":"","status":"","recommended_intervention":"","priority_score":null,"inspection_date":""}},{"type":"Feature","id":"culvert-296","geometry":{"type":"Point","coordinates":[33.8729591369629,1.26920998096466]},"properties":{"structure_type":"Major Culverts","culvert_n":"C715","link_no":"B305_Link03","link_name":"Kanyago Bridge - Kumi","road_no":"B305","road_class":"B","district":"20","region":"North Eastern","station":"Soroti","surface_ty":"Paved","river":"","chainage_km":41,"type":"24","span_or_diameter":5,"culvert_length":21.5,"overall_rating":9,"condition":"","status":"","recommended_intervention":"","priority_score":null,"inspection_date":""}},{"type":"Feature","id":"culvert-297","geometry":{"type":"Point","coordinates":[33.8728790283203,1.27013003826141]},"properties":{"structure_type":"Major Culverts","culvert_n":"C716","link_no":"B305_Link03","link_name":"Kanyago Bridge - Kumi","road_no":"B305","road_class":"B","district":"20","region":"North Eastern","station":"Soroti","surface_ty":"Paved","river":"","chainage_km":41,"type":"24","span_or_diameter":5,"culvert_length":19,"overall_rating":7,"condition":"","status":"","recommended_intervention":"","priority_score":null,"inspection_date":""}},{"type":"Feature","id":"culvert-298","geometry":{"type":"Point","coordinates":[33.868408203125,1.86563003063202]},"properties":{"structure_type":"Major Culverts","culvert_n":"C717","link_no":"B303_Link02","link_name":"Arapai - Katakwi - Iriri","road_no":"B303","road_class":"B","district":"20","region":"North Eastern","station":"Soroti","surface_ty":"Paved","river":"","chainage_km":8,"type":"24","span_or_diameter":1,"culvert_length":19.2999992370605,"overall_rating":8,"condition":"","status":"","recommended_intervention":"","priority_score":null,"inspection_date":""}},{"type":"Feature","id":"culvert-299","geometry":{"type":"Point","coordinates":[33.8641395568848,1.8643399477005]},"properties":{"structure_type":"Major Culverts","culvert_n":"C718","link_no":"B303_Link02","link_name":"Arapai - Katakwi - Iriri","road_no":"B303","road_class":"B","district":"20","region":"North Eastern","station":"Soroti","surface_ty":"Paved","river":"","chainage_km":8,"type":"24","span_or_diameter":1,"culvert_length":19.5,"overall_rating":9,"condition":"","status":"","recommended_intervention":"","priority_score":null,"inspection_date":""}},{"type":"Feature","id":"culvert-300","geometry":{"type":"Point","coordinates":[33.8598098754883,1.86281001567841]},"properties":{"structure_type":"Major Culverts","culvert_n":"C719","link_no":"B303_Link02","link_name":"Arapai - Katakwi - Iriri","road_no":"B303","road_class":"B","district":"20","region":"North Eastern","station":"Soroti","surface_ty":"Paved","river":"","chainage_km":8,"type":"24","span_or_diameter":3,"culvert_length":20.5,"overall_rating":9,"condition":"","status":"","recommended_intervention":"","priority_score":null,"inspection_date":""}},{"type":"Feature","id":"culvert-301","geometry":{"type":"Point","coordinates":[33.671329498291,1.84547996520996]},"properties":{"structure_type":"Major Culverts","culvert_n":"C720","link_no":"B303_Link02","link_name":"Arapai - Katakwi - Iriri","road_no":"B303","road_class":"B","district":"20","region":"North Eastern","station":"Soroti","surface_ty":"Paved","river":"","chainage_km":90,"type":"24","span_or_diameter":2,"culvert_length":16,"overall_rating":9,"condition":"","status":"","recommended_intervention":"","priority_score":null,"inspection_date":""}},{"type":"Feature","id":"culvert-302","geometry":{"type":"Point","coordinates":[33.7102203369141,1.86537003517151]},"properties":{"structure_type":"Major Culverts","culvert_n":"C721","link_no":"B303_Link02","link_name":"Arapai - Katakwi - Iriri","road_no":"B303","road_class":"B","district":"20","region":"North Eastern","station":"Soroti","surface_ty":"Paved","river":"","chainage_km":90,"type":"24","span_or_diameter":3,"culvert_length":20,"overall_rating":9,"condition":"","status":"","recommended_intervention":"","priority_score":null,"inspection_date":""}},{"type":"Feature","id":"culvert-303","geometry":{"type":"Point","coordinates":[33.8521003723145,1.86013996601105]},"properties":{"structure_type":"Major Culverts","culvert_n":"C723","link_no":"B303_Link02","link_name":"Arapai - Katakwi - Iriri","road_no":"B303","road_class":"B","district":"20","region":"North Eastern","station":"Soroti","surface_ty":"Paved","river":"","chainage_km":8,"type":"24","span_or_diameter":3,"culvert_length":22,"overall_rating":8,"condition":"","status":"","recommended_intervention":"","priority_score":null,"inspection_date":""}},{"type":"Feature","id":"culvert-304","geometry":{"type":"Point","coordinates":[33.858699798584,1.86246001720428]},"properties":{"structure_type":"Major Culverts","culvert_n":"C724","link_no":"B303_Link02","link_name":"Arapai - Katakwi - Iriri","road_no":"B303","road_class":"B","district":"20","region":"North Eastern","station":"Soroti","surface_ty":"Paved","river":"","chainage_km":8,"type":"24","span_or_diameter":3,"culvert_length":21,"overall_rating":8,"condition":"","status":"","recommended_intervention":"","priority_score":null,"inspection_date":""}},{"type":"Feature","id":"culvert-305","geometry":{"type":"Point","coordinates":[33.711238861084,1.86541998386383]},"properties":{"structure_type":"Major Culverts","culvert_n":"C725","link_no":"B303_Link02","link_name":"Arapai - Katakwi - Iriri","road_no":"B303","road_class":"B","district":"19","region":"North Eastern","station":"Soroti","surface_ty":"Paved","river":"","chainage_km":8,"type":"24","span_or_diameter":3,"culvert_length":20,"overall_rating":8,"condition":"","status":"","recommended_intervention":"","priority_score":null,"inspection_date":""}},{"type":"Feature","id":"culvert-306","geometry":{"type":"Point","coordinates":[33.8077392578125,1.86336994171143]},"properties":{"structure_type":"Major Culverts","culvert_n":"C726","link_no":"B303_Link02","link_name":"Arapai - Katakwi - Iriri","road_no":"B303","road_class":"B","district":"20","region":"North Eastern","station":"Soroti","surface_ty":"Paved","river":"","chainage_km":90,"type":"24","span_or_diameter":3,"culvert_length":18,"overall_rating":8,"condition":"","status":"","recommended_intervention":"","priority_score":null,"inspection_date":""}},{"type":"Feature","id":"culvert-307","geometry":{"type":"Point","coordinates":[33.8027992248535,1.86327004432678]},"properties":{"structure_type":"Major Culverts","culvert_n":"C727","link_no":"B303_Link02","link_name":"Arapai - Katakwi - Iriri","road_no":"B303","road_class":"B","district":"20","region":"North Eastern","station":"Soroti","surface_ty":"Paved","river":"","chainage_km":90,"type":"24","span_or_diameter":3,"culvert_length":18,"overall_rating":9,"condition":"","status":"","recommended_intervention":"","priority_score":null,"inspection_date":""}},{"type":"Feature","id":"culvert-308","geometry":{"type":"Point","coordinates":[33.8055305480957,1.86336004734039]},"properties":{"structure_type":"Major Culverts","culvert_n":"C728","link_no":"B303_Link02","link_name":"Arapai - Katakwi - Iriri","road_no":"B303","road_class":"B","district":"20","region":"North Eastern","station":"Soroti","surface_ty":"Paved","river":"","chainage_km":90,"type":"24","span_or_diameter":3,"culvert_length":18,"overall_rating":8,"condition":"","status":"","recommended_intervention":"","priority_score":null,"inspection_date":""}},{"type":"Feature","id":"culvert-309","geometry":{"type":"Point","coordinates":[34.0270690917969,1.91312003135681]},"properties":{"structure_type":"Major Culverts","culvert_n":"C729","link_no":"B303_Link02","link_name":"Arapai - Katakwi - Iriri","road_no":"B303","road_class":"B","district":"20","region":"North Eastern","station":"Soroti","surface_ty":"Paved","river":"","chainage_km":90,"type":"24","span_or_diameter":3.5,"culvert_length":18,"overall_rating":8,"condition":"","status":"","recommended_intervention":"","priority_score":null,"inspection_date":""}},{"type":"Feature","id":"culvert-310","geometry":{"type":"Point","coordinates":[34.0268783569336,1.91316998004913]},"properties":{"structure_type":"Major Culverts","culvert_n":"C730","link_no":"B303_Link02","link_name":"Arapai - Katakwi - Iriri","road_no":"B303","road_class":"B","district":"20","region":"North Eastern","station":"Soroti","surface_ty":"Paved","river":"","chainage_km":90,"type":"24","span_or_diameter":3,"culvert_length":18,"overall_rating":8,"condition":"","status":"","recommended_intervention":"","priority_score":null,"inspection_date":""}},{"type":"Feature","id":"culvert-311","geometry":{"type":"Point","coordinates":[34.026668548584,1.91321003437042]},"properties":{"structure_type":"Major Culverts","culvert_n":"C731","link_no":"B303_Link02","link_name":"Arapai - Katakwi - Iriri","road_no":"B303","road_class":"B","district":"20","region":"North Eastern","station":"Soroti","surface_ty":"Paved","river":"","chainage_km":90,"type":"24","span_or_diameter":3,"culvert_length":17,"overall_rating":8,"condition":"","status":"","recommended_intervention":"","priority_score":null,"inspection_date":""}},{"type":"Feature","id":"culvert-312","geometry":{"type":"Point","coordinates":[34.0265197753906,1.91325998306274]},"properties":{"structure_type":"Major Culverts","culvert_n":"C732","link_no":"B303_Link02","link_name":"Arapai - Katakwi - Iriri","road_no":"B303","road_class":"B","district":"20","region":"North Eastern","station":"Soroti","surface_ty":"Paved","river":"","chainage_km":90,"type":"24","span_or_diameter":3,"culvert_length":17,"overall_rating":8,"condition":"","status":"","recommended_intervention":"","priority_score":null,"inspection_date":""}},{"type":"Feature","id":"culvert-313","geometry":{"type":"Point","coordinates":[34.0933303833008,1.96698999404907]},"properties":{"structure_type":"Major Culverts","culvert_n":"C733","link_no":"B303_Link02","link_name":"Arapai - Katakwi - Iriri","road_no":"B303","road_class":"B","district":"20","region":"North Eastern","station":"Soroti","surface_ty":"Paved","river":"","chainage_km":90,"type":"24","span_or_diameter":3,"culvert_length":18.5,"overall_rating":8,"condition":"","status":"","recommended_intervention":"","priority_score":null,"inspection_date":""}},{"type":"Feature","id":"culvert-314","geometry":{"type":"Point","coordinates":[34.0934295654297,196680]},"properties":{"structure_type":"Major Culverts","culvert_n":"C734","link_no":"B303_Link02","link_name":"Arapai - Katakwi - Iriri","road_no":"B303","road_class":"B","district":"20","region":"North Eastern","station":"Soroti","surface_ty":"Paved","river":"","chainage_km":90,"type":"24","span_or_diameter":3,"culvert_length":18,"overall_rating":8,"condition":"","status":"","recommended_intervention":"","priority_score":null,"inspection_date":""}},{"type":"Feature","id":"culvert-315","geometry":{"type":"Point","coordinates":[34.0965805053711,2.0036199092865]},"properties":{"structure_type":"Major Culverts","culvert_n":"C735","link_no":"B303_Link02","link_name":"Arapai - Katakwi - Iriri","road_no":"B303","road_class":"B","district":"20","region":"North Eastern","station":"Soroti","surface_ty":"Paved","river":"","chainage_km":8,"type":"24","span_or_diameter":3,"culvert_length":15,"overall_rating":8,"condition":"","status":"","recommended_intervention":"","priority_score":null,"inspection_date":""}},{"type":"Feature","id":"culvert-316","geometry":{"type":"Point","coordinates":[34.097110748291,2.00415992736816]},"properties":{"structure_type":"Major Culverts","culvert_n":"C736","link_no":"B303_Link02","link_name":"Arapai - Katakwi - Iriri","road_no":"B303","road_class":"B","district":"20","region":"North Eastern","station":"Soroti","surface_ty":"Paved","river":"","chainage_km":8,"type":"24","span_or_diameter":3,"culvert_length":15.5,"overall_rating":8,"condition":"","status":"","recommended_intervention":"","priority_score":null,"inspection_date":""}},{"type":"Feature","id":"culvert-317","geometry":{"type":"Point","coordinates":[34.0927886962891,1.96871995925903]},"properties":{"structure_type":"Major Culverts","culvert_n":"C737","link_no":"B303_Link02","link_name":"Arapai - Katakwi - Iriri","road_no":"B303","road_class":"B","district":"20","region":"North Eastern","station":"Soroti","surface_ty":"Paved","river":"","chainage_km":90,"type":"24","span_or_diameter":3,"culvert_length":17,"overall_rating":8,"condition":"","status":"","recommended_intervention":"","priority_score":null,"inspection_date":""}},{"type":"Feature","id":"culvert-318","geometry":{"type":"Point","coordinates":[33.73846,0.969]},"properties":{"structure_type":"Major Culverts","culvert_n":"C751","link_no":"A012_Link01","link_name":"Nakalama - Namutumba - Mpologoma bridge","road_no":"A012","road_class":"A","district":"17","region":"Eastern","station":"Jinja","surface_ty":"Paved","river":"","chainage_km":45.7999992370605,"type":"24","span_or_diameter":2.5,"culvert_length":24,"overall_rating":5,"condition":"Good","status":"Operational","recommended_intervention":"Preventive Repair","priority_score":88,"inspection_date":"2020-07-16"}},{"type":"Feature","id":"culvert-319","geometry":{"type":"Point","coordinates":[33.73812,0.96801]},"properties":{"structure_type":"Major Culverts","culvert_n":"C752","link_no":"A012_Link01","link_name":"Nakalama - Namutumba - Mpologoma bridge","road_no":"A012","road_class":"A","district":"17","region":"Eastern","station":"Jinja","surface_ty":"Paved","river":"","chainage_km":46,"type":"24","span_or_diameter":2,"culvert_length":25,"overall_rating":5,"condition":"Good","status":"Operational","recommended_intervention":"Preventive Repair","priority_score":107.5,"inspection_date":"2017-11-20"}},{"type":"Feature","id":"culvert-320","geometry":{"type":"Point","coordinates":[33.738,0.96772]},"properties":{"structure_type":"Major Culverts","culvert_n":"C753","link_no":"A012_Link01","link_name":"Nakalama - Namutumba - Mpologoma bridge","road_no":"A012","road_class":"A","district":"17","region":"Eastern","station":"Jinja","surface_ty":"Paved","river":"","chainage_km":45.7999992370605,"type":"24","span_or_diameter":2.5,"culvert_length":25,"overall_rating":1,"condition":"Critical","status":"Operational","recommended_intervention":"Culvert Replacement","priority_score":400,"inspection_date":"2017-11-20"}},{"type":"Feature","id":"culvert-321","geometry":{"type":"Point","coordinates":[33.7366,0.96318]},"properties":{"structure_type":"Major Culverts","culvert_n":"C754","link_no":"A012_Link01","link_name":"Nakalama - Namutumba - Mpologoma bridge","road_no":"A012","road_class":"A","district":"17","region":"Eastern","station":"Jinja","surface_ty":"Paved","river":"","chainage_km":46,"type":"24","span_or_diameter":2.5,"culvert_length":17,"overall_rating":1,"condition":"Critical","status":"Operational","recommended_intervention":"Culvert Replacement","priority_score":400,"inspection_date":"2017-11-20"}},{"type":"Feature","id":"culvert-322","geometry":{"type":"Point","coordinates":[33.73414,0.95581]},"properties":{"structure_type":"Major Culverts","culvert_n":"C755","link_no":"A012_Link01","link_name":"Nakalama - Namutumba - Mpologoma bridge","road_no":"A012","road_class":"A","district":"17","region":"Eastern","station":"Jinja","surface_ty":"Paved","river":"","chainage_km":45.5,"type":"24","span_or_diameter":4,"culvert_length":14.3000001907349,"overall_rating":7,"condition":"Good","status":"Operational","recommended_intervention":"Routine Maintenance","priority_score":45.1,"inspection_date":"2017-11-20"}},{"type":"Feature","id":"culvert-323","geometry":{"type":"Point","coordinates":[33.73247,0.95049]},"properties":{"structure_type":"Major Culverts","culvert_n":"C756","link_no":"A012_Link01","link_name":"Nakalama - Namutumba - Mpologoma bridge","road_no":"A012","road_class":"A","district":"17","region":"Eastern","station":"Jinja","surface_ty":"Paved","river":"","chainage_km":46,"type":"24","span_or_diameter":2,"culvert_length":15.6000003814697,"overall_rating":5,"condition":"Good","status":"Operational","recommended_intervention":"Preventive Repair","priority_score":88,"inspection_date":"2017-11-20"}},{"type":"Feature","id":"culvert-324","geometry":{"type":"Point","coordinates":[33.72317,0.88567]},"properties":{"structure_type":"Major Culverts","culvert_n":"C757","link_no":"A012_Link01","link_name":"Nakalama - Namutumba - Mpologoma bridge","road_no":"A012","road_class":"A","district":"19","region":"Eastern","station":"Jinja","surface_ty":"Paved","river":"","chainage_km":45.5,"type":"24","span_or_diameter":2.5,"culvert_length":12.8000001907349,"overall_rating":5,"condition":"Good","status":"Operational","recommended_intervention":"Preventive Repair","priority_score":88,"inspection_date":"2020-11-12"}},{"type":"Feature","id":"culvert-325","geometry":{"type":"Point","coordinates":[33.5887,0.7314]},"properties":{"structure_type":"Major Culverts","culvert_n":"C758","link_no":"A012_Link01","link_name":"Nakalama - Namutumba - Mpologoma bridge","road_no":"A012","road_class":"A","district":"17","region":"Eastern","station":"Jinja","surface_ty":"Paved","river":"","chainage_km":45.7999992370605,"type":"24","span_or_diameter":2.5,"culvert_length":13.8000001907349,"overall_rating":5,"condition":"Good","status":"Operational","recommended_intervention":"Preventive Repair","priority_score":88,"inspection_date":"2017-11-20"}},{"type":"Feature","id":"culvert-326","geometry":{"type":"Point","coordinates":[33.58854,0.731133]},"properties":{"structure_type":"Major Culverts","culvert_n":"C759","link_no":"A012_Link01","link_name":"Nakalama - Namutumba - Mpologoma bridge","road_no":"A012","road_class":"A","district":"17","region":"Eastern","station":"Jinja","surface_ty":"Paved","river":"","chainage_km":45.7999992370605,"type":"24","span_or_diameter":2,"culvert_length":13.8000001907349,"overall_rating":7,"condition":"Good","status":"Operational","recommended_intervention":"Routine Maintenance","priority_score":45.1,"inspection_date":"2020-11-10"}},{"type":"Feature","id":"culvert-327","geometry":{"type":"Point","coordinates":[33.58691,0.72924]},"properties":{"structure_type":"Major Culverts","culvert_n":"C760","link_no":"A012_Link01","link_name":"Nakalama - Namutumba - Mpologoma bridge","road_no":"A012","road_class":"A","district":"17","region":"Eastern","station":"Jinja","surface_ty":"Paved","river":"","chainage_km":46,"type":"24","span_or_diameter":2.5,"culvert_length":16,"overall_rating":1,"condition":"Critical","status":"Operational","recommended_intervention":"Culvert Replacement","priority_score":400,"inspection_date":"2020-11-10"}},{"type":"Feature","id":"culvert-328","geometry":{"type":"Point","coordinates":[33.57718,0.71702]},"properties":{"structure_type":"Major Culverts","culvert_n":"C761","link_no":"A012_Link01","link_name":"Nakalama - Namutumba - Mpologoma bridge","road_no":"A012","road_class":"A","district":"17","region":"Eastern","station":"Jinja","surface_ty":"Paved","river":"","chainage_km":45.5999984741211,"type":"24","span_or_diameter":2,"culvert_length":13.6999998092651,"overall_rating":5,"condition":"Good","status":"Operational","recommended_intervention":"Preventive Repair","priority_score":88,"inspection_date":"2020-11-10"}},{"type":"Feature","id":"culvert-329","geometry":{"type":"Point","coordinates":[33.57697,0.71672]},"properties":{"structure_type":"Major Culverts","culvert_n":"C762","link_no":"A012_Link01","link_name":"Nakalama - Namutumba - Mpologoma bridge","road_no":"A012","road_class":"A","district":"17","region":"Eastern","station":"Jinja","surface_ty":"Paved","river":"","chainage_km":46,"type":"24","span_or_diameter":2,"culvert_length":14,"overall_rating":7,"condition":"Good","status":"Operational","recommended_intervention":"Routine Maintenance","priority_score":45.1,"inspection_date":"2020-11-10"}},{"type":"Feature","id":"culvert-330","geometry":{"type":"Point","coordinates":[33.57623,0.71573]},"properties":{"structure_type":"Major Culverts","culvert_n":"C763","link_no":"A012_Link01","link_name":"Nakalama - Namutumba - Mpologoma bridge","road_no":"A012","road_class":"A","district":"17","region":"Eastern","station":"Jinja","surface_ty":"Paved","river":"","chainage_km":46,"type":"24","span_or_diameter":2,"culvert_length":13.6999998092651,"overall_rating":1,"condition":"Critical","status":"Operational","recommended_intervention":"Culvert Replacement","priority_score":400,"inspection_date":"2018-04-09"}},{"type":"Feature","id":"culvert-331","geometry":{"type":"Point","coordinates":[33.55891,0.631]},"properties":{"structure_type":"Major Culverts","culvert_n":"C764","link_no":"A001_Link08","link_name":"Nakalama - Bugiri - Namutere","road_no":"A001","road_class":"A","district":"17","region":"Eastern","station":"Jinja","surface_ty":"Paved","river":"","chainage_km":117.5,"type":"27","span_or_diameter":1.5,"culvert_length":15.6999998092651,"overall_rating":7,"condition":"Good","status":"Operational","recommended_intervention":"Routine Maintenance","priority_score":45.1,"inspection_date":"2017-11-20"}},{"type":"Feature","id":"culvert-332","geometry":{"type":"Point","coordinates":[33.55979,0.63102]},"properties":{"structure_type":"Major Culverts","culvert_n":"C765","link_no":"A001_Link08","link_name":"Nakalama - Bugiri - Namutere","road_no":"A001","road_class":"A","district":"17","region":"Eastern","station":"Jinja","surface_ty":"Paved","river":"","chainage_km":117.5,"type":"27","span_or_diameter":1.5,"culvert_length":15.6000003814697,"overall_rating":7,"condition":"Good","status":"Operational","recommended_intervention":"Routine Maintenance","priority_score":45.1,"inspection_date":"2017-11-20"}},{"type":"Feature","id":"culvert-333","geometry":{"type":"Point","coordinates":[33.66778,0.61145]},"properties":{"structure_type":"Major Culverts","culvert_n":"C766","link_no":"A001_Link08","link_name":"Nakalama - Bugiri - Namutere","road_no":"A001","road_class":"A","district":"17","region":"Eastern","station":"Jinja","surface_ty":"Paved","river":"","chainage_km":117.5,"type":"24","span_or_diameter":1.70000004768372,"culvert_length":16.3999996185303,"overall_rating":7,"condition":"Good","status":"Operational","recommended_intervention":"Routine Maintenance","priority_score":45.1,"inspection_date":"2017-11-20"}},{"type":"Feature","id":"culvert-334","geometry":{"type":"Point","coordinates":[33.66957,0.6109]},"properties":{"structure_type":"Major Culverts","culvert_n":"C767","link_no":"A001_Link08","link_name":"Nakalama - Bugiri - Namutere","road_no":"A001","road_class":"A","district":"17","region":"Eastern","station":"Jinja","surface_ty":"Paved","river":"","chainage_km":117.5,"type":"27","span_or_diameter":1.5,"culvert_length":15.3999996185303,"overall_rating":7,"condition":"Good","status":"Operational","recommended_intervention":"Routine Maintenance","priority_score":45.1,"inspection_date":"2017-11-20"}},{"type":"Feature","id":"culvert-335","geometry":{"type":"Point","coordinates":[33.67149,0.61033]},"properties":{"structure_type":"Major Culverts","culvert_n":"C768","link_no":"A001_Link08","link_name":"Nakalama - Bugiri - Namutere","road_no":"A001","road_class":"A","district":"17","region":"Eastern","station":"Jinja","surface_ty":"Paved","river":"","chainage_km":117.5,"type":"27","span_or_diameter":1.5,"culvert_length":14.5,"overall_rating":7,"condition":"Good","status":"Operational","recommended_intervention":"Routine Maintenance","priority_score":45.1,"inspection_date":"2018-04-09"}},{"type":"Feature","id":"culvert-336","geometry":{"type":"Point","coordinates":[33.67186,0.61023]},"properties":{"structure_type":"Major Culverts","culvert_n":"C769","link_no":"A001_Link08","link_name":"Nakalama - Bugiri - Namutere","road_no":"A001","road_class":"A","district":"17","region":"Eastern","station":"Jinja","surface_ty":"Paved","river":"","chainage_km":117.5,"type":"27","span_or_diameter":1.70000004768372,"culvert_length":16,"overall_rating":7,"condition":"Good","status":"Operational","recommended_intervention":"Routine Maintenance","priority_score":45.1,"inspection_date":"2017-11-20"}},{"type":"Feature","id":"culvert-337","geometry":{"type":"Point","coordinates":[34.01078,0.54128]},"properties":{"structure_type":"Major Culverts","culvert_n":"C770","link_no":"A001_Link10","link_name":"Busitema Junction - Tororo junction","road_no":"A001","road_class":"A","district":"18","region":"Eastern","station":"Tororo","surface_ty":"Paved","river":"","chainage_km":172.5,"type":"24","span_or_diameter":3.5,"culvert_length":15,"overall_rating":7,"condition":"Good","status":"Operational","recommended_intervention":"Routine Maintenance","priority_score":45.1,"inspection_date":"2017-11-20"}},{"type":"Feature","id":"culvert-338","geometry":{"type":"Point","coordinates":[34.0313,0.56523]},"properties":{"structure_type":"Major Culverts","culvert_n":"C771","link_no":"A001_Link10","link_name":"Busitema Junction - Tororo junction","road_no":"A001","road_class":"A","district":"18","region":"Eastern","station":"Tororo","surface_ty":"Paved","river":"","chainage_km":172.5,"type":"24","span_or_diameter":3.59999990463257,"culvert_length":15,"overall_rating":7,"condition":"Good","status":"Operational","recommended_intervention":"Routine Maintenance","priority_score":45.1,"inspection_date":"2017-11-20"}},{"type":"Feature","id":"culvert-339","geometry":{"type":"Point","coordinates":[34.05496,0.58787]},"properties":{"structure_type":"Major Culverts","culvert_n":"C772","link_no":"A001_Link10","link_name":"Busitema Junction - Tororo junction","road_no":"A001","road_class":"A","district":"18","region":"Eastern","station":"Tororo","surface_ty":"Paved","river":"","chainage_km":172.5,"type":"24","span_or_diameter":3,"culvert_length":17,"overall_rating":1,"condition":"Critical","status":"Operational","recommended_intervention":"Culvert Replacement","priority_score":400,"inspection_date":"2020-11-10"}},{"type":"Feature","id":"culvert-340","geometry":{"type":"Point","coordinates":[34.05542,0.5883]},"properties":{"structure_type":"Major Culverts","culvert_n":"C773","link_no":"A001_Link10","link_name":"Busitema Junction - Tororo junction","road_no":"A001","road_class":"A","district":"18","region":"Eastern","station":"Tororo","surface_ty":"Paved","river":"","chainage_km":172.5,"type":"24","span_or_diameter":3,"culvert_length":18,"overall_rating":1,"condition":"Critical","status":"Operational","recommended_intervention":"Culvert Replacement","priority_score":400,"inspection_date":"2020-11-10"}},{"type":"Feature","id":"culvert-341","geometry":{"type":"Point","coordinates":[34.05582,0.58867]},"properties":{"structure_type":"Major Culverts","culvert_n":"C774","link_no":"A001_Link10","link_name":"Busitema Junction - Tororo junction","road_no":"A001","road_class":"A","district":"18","region":"Eastern","station":"Tororo","surface_ty":"Paved","river":"","chainage_km":172.5,"type":"24","span_or_diameter":3,"culvert_length":17.7999992370605,"overall_rating":7,"condition":"Good","status":"Operational","recommended_intervention":"Routine Maintenance","priority_score":45.1,"inspection_date":"2020-11-10"}},{"type":"Feature","id":"culvert-342","geometry":{"type":"Point","coordinates":[34.05629,0.58911]},"properties":{"structure_type":"Major Culverts","culvert_n":"C775","link_no":"A001_Link10","link_name":"Busitema Junction - Tororo junction","road_no":"A001","road_class":"A","district":"18","region":"Eastern","station":"Tororo","surface_ty":"Paved","river":"","chainage_km":172.5,"type":"24","span_or_diameter":3,"culvert_length":16,"overall_rating":7,"condition":"Good","status":"Operational","recommended_intervention":"Routine Maintenance","priority_score":33.4,"inspection_date":"2018-04-12"}},{"type":"Feature","id":"culvert-343","geometry":{"type":"Point","coordinates":[34.05697,0.58974]},"properties":{"structure_type":"Major Culverts","culvert_n":"C776","link_no":"A001_Link10","link_name":"Busitema Junction - Tororo junction","road_no":"A001","road_class":"A","district":"18","region":"Eastern","station":"Tororo","surface_ty":"Paved","river":"","chainage_km":172.5,"type":"24","span_or_diameter":3,"culvert_length":16.7999992370605,"overall_rating":7,"condition":"Good","status":"Operational","recommended_intervention":"Routine Maintenance","priority_score":45.1,"inspection_date":"2017-11-20"}},{"type":"Feature","id":"culvert-344","geometry":{"type":"Point","coordinates":[34.18378,0.70451]},"properties":{"structure_type":"Major Culverts","culvert_n":"C777","link_no":"A007_Link02","link_name":"Tororo - Magodes - Nabumali","road_no":"A007","road_class":"A","district":"18","region":"Eastern","station":"Tororo","surface_ty":"Paved","river":"","chainage_km":36.7000007629395,"type":"27","span_or_diameter":1.79999995231628,"culvert_length":15.1999998092651,"overall_rating":5,"condition":"Good","status":"Operational","recommended_intervention":"Preventive Repair","priority_score":88,"inspection_date":"2017-11-20"}},{"type":"Feature","id":"culvert-345","geometry":{"type":"Point","coordinates":[34.1848,0.71595]},"properties":{"structure_type":"Major Culverts","culvert_n":"C778","link_no":"A007_Link02","link_name":"Tororo - Magodes - Nabumali","road_no":"A007","road_class":"A","district":"18","region":"Eastern","station":"Tororo","surface_ty":"Paved","river":"","chainage_km":4.5,"type":"24","span_or_diameter":3.5,"culvert_length":13,"overall_rating":5,"condition":"Good","status":"Operational","recommended_intervention":"Preventive Repair","priority_score":88,"inspection_date":"2017-11-20"}},{"type":"Feature","id":"culvert-346","geometry":{"type":"Point","coordinates":[34.17622,0.76904]},"properties":{"structure_type":"Major Culverts","culvert_n":"C779","link_no":"A007_Link02","link_name":"Tororo - Magodes - Nabumali","road_no":"A007","road_class":"A","district":"18","region":"Eastern","station":"Tororo","surface_ty":"Paved","river":"","chainage_km":4.5,"type":"27","span_or_diameter":1.79999995231628,"culvert_length":14.3999996185303,"overall_rating":7,"condition":"Good","status":"Operational","recommended_intervention":"Routine Maintenance","priority_score":45.1,"inspection_date":"2017-11-20"}},{"type":"Feature","id":"culvert-347","geometry":{"type":"Point","coordinates":[34.17534,0.78676]},"properties":{"structure_type":"Major Culverts","culvert_n":"C780","link_no":"A007_Link02","link_name":"Tororo - Magodes - Nabumali","road_no":"A007","road_class":"A","district":"18","region":"Eastern","station":"Tororo","surface_ty":"Paved","river":"","chainage_km":4.5,"type":"24","span_or_diameter":4.19999980926514,"culvert_length":15,"overall_rating":7,"condition":"Good","status":"Operational","recommended_intervention":"Routine Maintenance","priority_score":45.1,"inspection_date":"2017-11-20"}},{"type":"Feature","id":"culvert-348","geometry":{"type":"Point","coordinates":[34.01893,0.73884]},"properties":{"structure_type":"Major Culverts","culvert_n":"C781","link_no":"C836_Link01","link_name":"Nyambogo - Iyolwa - Mulanda","road_no":"C836","road_class":"C","district":"18","region":"Eastern","station":"Tororo","surface_ty":"Unpaved","river":"","chainage_km":17.7999992370605,"type":"27","span_or_diameter":4,"culvert_length":6.59999990463257,"overall_rating":7,"condition":"Good","status":"Operational","recommended_intervention":"Routine Maintenance","priority_score":28,"inspection_date":"2017-11-20"}},{"type":"Feature","id":"culvert-349","geometry":{"type":"Point","coordinates":[33.99379,0.63959]},"properties":{"structure_type":"Major Culverts","culvert_n":"C782","link_no":"C836_Link01","link_name":"Nyambogo - Iyolwa - Mulanda","road_no":"C836","road_class":"C","district":"18","region":"Eastern","station":"Tororo","surface_ty":"Unpaved","river":"","chainage_km":172.5,"type":"27","span_or_diameter":1.5,"culvert_length":7.30000019073486,"overall_rating":7,"condition":"Good","status":"Operational","recommended_intervention":"Routine Maintenance","priority_score":37,"inspection_date":"2017-11-20"}},{"type":"Feature","id":"culvert-350","geometry":{"type":"Point","coordinates":[33.98742,0.9271]},"properties":{"structure_type":"Major Culverts","culvert_n":"C783","link_no":"C883_Link01","link_name":"Nalugugu - Elgon","road_no":"C883","road_class":"C","district":"18","region":"Eastern","station":"Mbale","surface_ty":"Unpaved","river":"","chainage_km":19.5,"type":"27","span_or_diameter":1.79999995231628,"culvert_length":8,"overall_rating":1,"condition":"Critical","status":"Operational","recommended_intervention":"Culvert Replacement","priority_score":310,"inspection_date":"2017-11-20"}},{"type":"Feature","id":"culvert-351","geometry":{"type":"Point","coordinates":[34.02408,0.92046]},"properties":{"structure_type":"Major Culverts","culvert_n":"C784","link_no":"C839_Link01","link_name":"Doho - Namulo - Amuro","road_no":"C839","road_class":"C","district":"18","region":"Eastern","station":"Tororo","surface_ty":"Unpaved","river":"","chainage_km":13.5,"type":"27","span_or_diameter":1.79999995231628,"culvert_length":12,"overall_rating":7,"condition":"Good","status":"Operational","recommended_intervention":"Routine Maintenance","priority_score":37,"inspection_date":"2017-11-20"}},{"type":"Feature","id":"culvert-352","geometry":{"type":"Point","coordinates":[34.30167,0.96431]},"properties":{"structure_type":"Major Culverts","culvert_n":"C786","link_no":"C867_Link02","link_name":"Bubulo-Bududa Circle road","road_no":"C867","road_class":"C","district":"19","region":"Eastern","station":"Mbale","surface_ty":"Unpaved","river":"","chainage_km":15.5,"type":"27","span_or_diameter":2.5,"culvert_length":5,"overall_rating":1,"condition":"Critical","status":"Operational","recommended_intervention":"Culvert Replacement","priority_score":310,"inspection_date":"2017-11-20"}},{"type":"Feature","id":"culvert-353","geometry":{"type":"Point","coordinates":[34.34953,1.05181]},"properties":{"structure_type":"Major Culverts","culvert_n":"C787","link_no":"C867_Link02","link_name":"Bubulo-Bududa Circle road","road_no":"C867","road_class":"C","district":"19","region":"Eastern","station":"Mbale","surface_ty":"Unpaved","river":"","chainage_km":15,"type":"27","span_or_diameter":2.5,"culvert_length":8.5,"overall_rating":3,"condition":"Fair","status":"Operational","recommended_intervention":"Major Rehabilitation","priority_score":145,"inspection_date":"2020-11-16"}},{"type":"Feature","id":"culvert-354","geometry":{"type":"Point","coordinates":[34.33091,0.9221]},"properties":{"structure_type":"Major Culverts","culvert_n":"C788","link_no":"C891_Link01","link_name":"Buseta - Bugiri","road_no":"C891","road_class":"C","district":"19","region":"Eastern","station":"Mbale","surface_ty":"Unpaved","river":"","chainage_km":7.5,"type":"24","span_or_diameter":2.20000004768372,"culvert_length":8,"overall_rating":5,"condition":"Good","status":"Operational","recommended_intervention":"Preventive Repair","priority_score":70,"inspection_date":"2017-11-20"}},{"type":"Feature","id":"culvert-355","geometry":{"type":"Point","coordinates":[34.33323,0.92326]},"properties":{"structure_type":"Major Culverts","culvert_n":"C789","link_no":"C891_Link01","link_name":"Buseta - Bugiri","road_no":"C891","road_class":"C","district":"19","region":"Eastern","station":"Mbale","surface_ty":"Unpaved","river":"","chainage_km":7.5,"type":"24","span_or_diameter":2.5,"culvert_length":7.5,"overall_rating":1,"condition":"Critical","status":"Operational","recommended_intervention":"Culvert Replacement","priority_score":310,"inspection_date":"2017-11-20"}},{"type":"Feature","id":"culvert-356","geometry":{"type":"Point","coordinates":[34.27559,0.84313]},"properties":{"structure_type":"Major Culverts","culvert_n":"C790","link_no":"C870_Link01","link_name":"Bubulo-Busumbu","road_no":"C870","road_class":"C","district":"19","region":"Eastern","station":"Mbale","surface_ty":"Paved","river":"","chainage_km":15.8000001907349,"type":"24","span_or_diameter":4.19999980926514,"culvert_length":17,"overall_rating":7,"condition":"Good","status":"Operational","recommended_intervention":"Routine Maintenance","priority_score":37,"inspection_date":"2017-11-20"}},{"type":"Feature","id":"culvert-357","geometry":{"type":"Point","coordinates":[34.28446,0.9357]},"properties":{"structure_type":"Major Culverts","culvert_n":"C791","link_no":"C870_Link01","link_name":"Bubulo-Busumbu","road_no":"C870","road_class":"C","district":"19","region":"Eastern","station":"Mbale","surface_ty":"Paved","river":"","chainage_km":15.8000001907349,"type":"24","span_or_diameter":6,"culvert_length":17.6000003814697,"overall_rating":7,"condition":"Good","status":"Operational","recommended_intervention":"Routine Maintenance","priority_score":37,"inspection_date":"2017-11-20"}},{"type":"Feature","id":"culvert-358","geometry":{"type":"Point","coordinates":[34.15173,1.37771]},"properties":{"structure_type":"Major Culverts","culvert_n":"C792","link_no":"C927_Link02","link_name":"Korir - Malera - Kumi","road_no":"C927","road_class":"C","district":"19","region":"Eastern","station":"Mbale","surface_ty":"Unpaved","river":"","chainage_km":50,"type":"24","span_or_diameter":4,"culvert_length":10,"overall_rating":7,"condition":"Good","status":"Operational","recommended_intervention":"Routine Maintenance","priority_score":37,"inspection_date":"2017-11-20"}},{"type":"Feature","id":"culvert-359","geometry":{"type":"Point","coordinates":[34.15149,1.37819]},"properties":{"structure_type":"Major Culverts","culvert_n":"C793","link_no":"C927_Link02","link_name":"Korir - Malera - Kumi","road_no":"C927","road_class":"C","district":"19","region":"Eastern","station":"Mbale","surface_ty":"Unpaved","river":"","chainage_km":12,"type":"24","span_or_diameter":4,"culvert_length":10,"overall_rating":7,"condition":"Good","status":"Operational","recommended_intervention":"Routine Maintenance","priority_score":37,"inspection_date":"2017-11-20"}},{"type":"Feature","id":"culvert-360","geometry":{"type":"Point","coordinates":[34.4545,1.39994]},"properties":{"structure_type":"Major Culverts","culvert_n":"C794","link_no":"B304_Link02","link_name":"Kapchorwa-Suam","road_no":"B304","road_class":"B","district":"19","region":"Eastern","station":"Mbale","surface_ty":"Paved","river":"","chainage_km":7,"type":"24","span_or_diameter":2.5,"culvert_length":43,"overall_rating":7,"condition":"Good","status":"Operational","recommended_intervention":"Routine Maintenance","priority_score":30.7,"inspection_date":"2017-11-20"}},{"type":"Feature","id":"culvert-361","geometry":{"type":"Point","coordinates":[34.54152,1.41423]},"properties":{"structure_type":"Major Culverts","culvert_n":"C795","link_no":"B304_Link02","link_name":"Kapchorwa-Suam","road_no":"B304","road_class":"B","district":"21","region":"Eastern","station":"Mbale","surface_ty":"Paved","river":"","chainage_km":7,"type":"24","span_or_diameter":3,"culvert_length":14,"overall_rating":7,"condition":"Good","status":"Operational","recommended_intervention":"Routine Maintenance","priority_score":30.7,"inspection_date":"2017-11-20"}},{"type":"Feature","id":"culvert-362","geometry":{"type":"Point","coordinates":[34.55994,1.41244]},"properties":{"structure_type":"Major Culverts","culvert_n":"C796","link_no":"B304_Link02","link_name":"Kapchorwa-Suam","road_no":"B304","road_class":"B","district":"19","region":"Eastern","station":"Mbale","surface_ty":"Paved","river":"","chainage_km":7,"type":"24","span_or_diameter":3,"culvert_length":30,"overall_rating":7,"condition":"Good","status":"Operational","recommended_intervention":"Routine Maintenance","priority_score":30.7,"inspection_date":"2017-11-20"}},{"type":"Feature","id":"culvert-363","geometry":{"type":"Point","coordinates":[33.87262,1.26752]},"properties":{"structure_type":"Major Culverts","culvert_n":"C798","link_no":"B305_Link03","link_name":"Kanyago Bridge - Kumi","road_no":"B305","road_class":"B","district":"20","region":"North Eastern","station":"Soroti","surface_ty":"Paved","river":"","chainage_km":41.7000007629395,"type":"24","span_or_diameter":5,"culvert_length":18,"overall_rating":7,"condition":"Good","status":"Operational","recommended_intervention":"Routine Maintenance","priority_score":41.1,"inspection_date":"2017-11-20"}},{"type":"Feature","id":"culvert-364","geometry":{"type":"Point","coordinates":[33.87288,1.26952]},"properties":{"structure_type":"Major Culverts","culvert_n":"C799","link_no":"B305_Link03","link_name":"Kanyago Bridge - Kumi","road_no":"B305","road_class":"B","district":"20","region":"North Eastern","station":"Soroti","surface_ty":"Paved","river":"","chainage_km":41.5,"type":"24","span_or_diameter":5.5,"culvert_length":17.3999996185303,"overall_rating":5,"condition":"Good","status":"Operational","recommended_intervention":"Preventive Repair","priority_score":79,"inspection_date":"2020-10-01"}},{"type":"Feature","id":"culvert-365","geometry":{"type":"Point","coordinates":[34.33052,1.31073]},"properties":{"structure_type":"Major Culverts","culvert_n":"C800","link_no":"C871_Link01","link_name":"Simu corner - Kaserem","road_no":"C871","road_class":"C","district":"19","region":"Eastern","station":"Mbale","surface_ty":"Unpaved","river":"","chainage_km":9.5,"type":"24","span_or_diameter":2.5,"culvert_length":4.80000019073486,"overall_rating":1,"condition":"Critical","status":"Operational","recommended_intervention":"Culvert Replacement","priority_score":310,"inspection_date":"2017-11-20"}},{"type":"Feature","id":"culvert-366","geometry":{"type":"Point","coordinates":[34.14964,3.50503]},"properties":{"structure_type":"Major Culverts","culvert_n":"C801","link_no":"B301_Link03","link_name":"Kotido - Apaan - Kabong","road_no":"B301","road_class":"B","district":"22","region":"North Eastern","station":"Kotido","surface_ty":"Unpaved","river":"","chainage_km":102,"type":"27","span_or_diameter":2.5,"culvert_length":7,"overall_rating":5,"condition":"Good","status":"Operational","recommended_intervention":"Preventive Repair","priority_score":96.3,"inspection_date":"2017-11-20"}},{"type":"Feature","id":"culvert-367","geometry":{"type":"Point","coordinates":[33.99363,3.66706]},"properties":{"structure_type":"Major Culverts","culvert_n":"C802","link_no":"B301_Link03","link_name":"Kotido - Apaan - Kabong","road_no":"B301","road_class":"B","district":"22","region":"North Eastern","station":"Kotido","surface_ty":"Unpaved","river":"","chainage_km":102,"type":"27","span_or_diameter":1.20000004768372,"culvert_length":5,"overall_rating":1,"condition":"Critical","status":"Operational","recommended_intervention":"Culvert Replacement","priority_score":355,"inspection_date":"2020-11-10"}},{"type":"Feature","id":"culvert-368","geometry":{"type":"Point","coordinates":[34.56105,1.92784]},"properties":{"structure_type":"Major Culverts","culvert_n":"C804","link_no":"C960_Link01","link_name":"Angatun-Nabilatuk-Lokapel","road_no":"C960","road_class":"C","district":"21","region":"North Eastern","station":"Moroto","surface_ty":"Unpaved","river":"","chainage_km":46.5,"type":"27","span_or_diameter":2,"culvert_length":9,"overall_rating":7,"condition":"Good","status":"Operational","recommended_intervention":"Routine Maintenance","priority_score":37,"inspection_date":"2017-11-20"}},{"type":"Feature","id":"culvert-369","geometry":{"type":"Point","coordinates":[34.57964,2.41948]},"properties":{"structure_type":"Major Culverts","culvert_n":"C806","link_no":"B300_Link05","link_name":"Lokapel - Ariamoi","road_no":"B300","road_class":"B","district":"21","region":"North Eastern","station":"Moroto","surface_ty":"Paved","river":"","chainage_km":162.5,"type":"24","span_or_diameter":2.5,"culvert_length":24,"overall_rating":7,"condition":"Good","status":"Operational","recommended_intervention":"Routine Maintenance","priority_score":41.1,"inspection_date":"2017-11-20"}},{"type":"Feature","id":"culvert-370","geometry":{"type":"Point","coordinates":[34.47248,2.42647]},"properties":{"structure_type":"Major Culverts","culvert_n":"C807","link_no":"B303_Link03","link_name":"Iriri - Akisim (Lorengechora) - Ariamoi - Nadunget","road_no":"B303","road_class":"B","district":"21","region":"North Eastern","station":"Moroto","surface_ty":"Paved","river":"","chainage_km":90.5,"type":"24","span_or_diameter":2.5,"culvert_length":15,"overall_rating":7,"condition":"Good","status":"Operational","recommended_intervention":"Routine Maintenance","priority_score":30.7,"inspection_date":"2017-11-20"}},{"type":"Feature","id":"culvert-371","geometry":{"type":"Point","coordinates":[34.38166,2.48814]},"properties":{"structure_type":"Major Culverts","culvert_n":"C808","link_no":"C967_Link01","link_name":"Kokeris - Lopei","road_no":"C967","road_class":"C","district":"21","region":"North Eastern","station":"Moroto","surface_ty":"Unpaved","river":"","chainage_km":17.5,"type":"26","span_or_diameter":0.899999976158142,"culvert_length":5,"overall_rating":5,"condition":"Good","status":"Operational","recommended_intervention":"Preventive Repair","priority_score":70,"inspection_date":"2017-11-20"}},{"type":"Feature","id":"culvert-372","geometry":{"type":"Point","coordinates":[34.38164,2.48824]},"properties":{"structure_type":"Major Culverts","culvert_n":"C809","link_no":"C967_Link01","link_name":"Kokeris - Lopei","road_no":"C967","road_class":"C","district":"21","region":"North Eastern","station":"Moroto","surface_ty":"Unpaved","river":"","chainage_km":17.5,"type":"24","span_or_diameter":2.5,"culvert_length":5,"overall_rating":7,"condition":"Good","status":"Operational","recommended_intervention":"Routine Maintenance","priority_score":37,"inspection_date":"2017-11-20"}},{"type":"Feature","id":"culvert-373","geometry":{"type":"Point","coordinates":[34.37619,2.49792]},"properties":{"structure_type":"Major Culverts","culvert_n":"C810","link_no":"C967_Link01","link_name":"Kokeris - Lopei","road_no":"C967","road_class":"C","district":"21","region":"North Eastern","station":"Moroto","surface_ty":"Unpaved","river":"","chainage_km":17.5,"type":"24","span_or_diameter":2.40000009536743,"culvert_length":7.59999990463257,"overall_rating":7,"condition":"Good","status":"Operational","recommended_intervention":"Routine Maintenance","priority_score":37,"inspection_date":"2017-11-20"}},{"type":"Feature","id":"culvert-374","geometry":{"type":"Point","coordinates":[34.37514,2.49965]},"properties":{"structure_type":"Major Culverts","culvert_n":"C811","link_no":"B303_Link02","link_name":"Arapai - Katakwi - Iriri","road_no":"B303","road_class":"B","district":"21","region":"North Eastern","station":"Soroti","surface_ty":"Paved","river":"","chainage_km":90,"type":"24","span_or_diameter":2.5,"culvert_length":8,"overall_rating":5,"condition":"Good","status":"Operational","recommended_intervention":"Preventive Repair","priority_score":70,"inspection_date":"2017-11-20"}},{"type":"Feature","id":"culvert-375","geometry":{"type":"Point","coordinates":[34.37482,2.50006]},"properties":{"structure_type":"Major Culverts","culvert_n":"C812","link_no":"C967_Link01","link_name":"Kokeris - Lopei","road_no":"C967","road_class":"C","district":"21","region":"North Eastern","station":"Moroto","surface_ty":"Unpaved","river":"","chainage_km":17.5,"type":"24","span_or_diameter":2.5,"culvert_length":7.59999990463257,"overall_rating":7,"condition":"Good","status":"Operational","recommended_intervention":"Routine Maintenance","priority_score":37,"inspection_date":"2017-11-20"}},{"type":"Feature","id":"culvert-376","geometry":{"type":"Point","coordinates":[34.36685,2.51329]},"properties":{"structure_type":"Major Culverts","culvert_n":"C813","link_no":"C967_Link01","link_name":"Kokeris - Lopei","road_no":"C967","road_class":"C","district":"21","region":"North Eastern","station":"Moroto","surface_ty":"Unpaved","river":"","chainage_km":18,"type":"25","span_or_diameter":2.5,"culvert_length":7,"overall_rating":5,"condition":"Good","status":"Operational","recommended_intervention":"Preventive Repair","priority_score":70,"inspection_date":"2017-11-20"}},{"type":"Feature","id":"culvert-377","geometry":{"type":"Point","coordinates":[34.36597,2.51444]},"properties":{"structure_type":"Major Culverts","culvert_n":"C814","link_no":"B303_Link02","link_name":"Arapai - Katakwi - Iriri","road_no":"B303","road_class":"B","district":"21","region":"North Eastern","station":"Soroti","surface_ty":"Paved","river":"","chainage_km":8,"type":"24","span_or_diameter":2.5,"culvert_length":5.5,"overall_rating":5,"condition":"Good","status":"Operational","recommended_intervention":"Preventive Repair","priority_score":70,"inspection_date":"2017-11-20"}},{"type":"Feature","id":"culvert-378","geometry":{"type":"Point","coordinates":[34.36031,2.5351]},"properties":{"structure_type":"Major Culverts","culvert_n":"C815","link_no":"C967_Link01","link_name":"Kokeris - Lopei","road_no":"C967","road_class":"C","district":"21","region":"North Eastern","station":"Moroto","surface_ty":"Unpaved","river":"","chainage_km":18,"type":"24","span_or_diameter":2.5,"culvert_length":73,"overall_rating":7,"condition":"Good","status":"Operational","recommended_intervention":"Routine Maintenance","priority_score":37,"inspection_date":"2017-11-20"}},{"type":"Feature","id":"culvert-379","geometry":{"type":"Point","coordinates":[34.36021,2.53605]},"properties":{"structure_type":"Major Culverts","culvert_n":"C816","link_no":"B303_Link02","link_name":"Arapai - Katakwi - Iriri","road_no":"B303","road_class":"B","district":"21","region":"North Eastern","station":"Soroti","surface_ty":"Paved","river":"","chainage_km":90,"type":"24","span_or_diameter":2.40000009536743,"culvert_length":7.30000019073486,"overall_rating":7,"condition":"Good","status":"Operational","recommended_intervention":"Routine Maintenance","priority_score":37,"inspection_date":"2017-11-20"}},{"type":"Feature","id":"culvert-380","geometry":{"type":"Point","coordinates":[34.36017,2.53628]},"properties":{"structure_type":"Major Culverts","culvert_n":"C817","link_no":"C967_Link01","link_name":"Kokeris - Lopei","road_no":"C967","road_class":"C","district":"21","region":"North Eastern","station":"Moroto","surface_ty":"Unpaved","river":"","chainage_km":17.5,"type":"24","span_or_diameter":2.5,"culvert_length":7.30000019073486,"overall_rating":7,"condition":"Good","status":"Operational","recommended_intervention":"Routine Maintenance","priority_score":37,"inspection_date":"2017-11-20"}},{"type":"Feature","id":"culvert-381","geometry":{"type":"Point","coordinates":[34.36013,2.5368]},"properties":{"structure_type":"Major Culverts","culvert_n":"C818","link_no":"C967_Link01","link_name":"Kokeris - Lopei","road_no":"C967","road_class":"C","district":"21","region":"North Eastern","station":"Moroto","surface_ty":"Unpaved","river":"","chainage_km":18,"type":"24","span_or_diameter":2.5,"culvert_length":7.59999990463257,"overall_rating":7,"condition":"Good","status":"Operational","recommended_intervention":"Routine Maintenance","priority_score":28,"inspection_date":"2017-11-20"}},{"type":"Feature","id":"culvert-382","geometry":{"type":"Point","coordinates":[34.68528,1.83062]},"properties":{"structure_type":"Major Culverts","culvert_n":"C819","link_no":"B300_Link04","link_name":"Namalu - Chosan - Lokapel","road_no":"B300","road_class":"B","district":"21","region":"North Eastern","station":"Moroto","surface_ty":"Paved","river":"","chainage_km":104.5,"type":"27","span_or_diameter":3,"culvert_length":13.5,"overall_rating":5,"condition":"Good","status":"Operational","recommended_intervention":"Preventive Repair","priority_score":96.3,"inspection_date":"2017-11-20"}},{"type":"Feature","id":"culvert-383","geometry":{"type":"Point","coordinates":[34.72972,1.90941]},"properties":{"structure_type":"Major Culverts","culvert_n":"C821","link_no":"B300_Link04","link_name":"Namalu - Chosan - Lokapel","road_no":"B300","road_class":"B","district":"21","region":"North Eastern","station":"Moroto","surface_ty":"Paved","river":"","chainage_km":104.5,"type":"26","span_or_diameter":1.20000004768372,"culvert_length":16,"overall_rating":7,"condition":"Good","status":"Operational","recommended_intervention":"Routine Maintenance","priority_score":30.7,"inspection_date":"2017-11-20"}},{"type":"Feature","id":"culvert-384","geometry":{"type":"Point","coordinates":[34.22257,2.09747]},"properties":{"structure_type":"Major Culverts","culvert_n":"C823","link_no":"B303_Link03","link_name":"Iriri - Akisim (Lorengechora) - Ariamoi - Nadunget","road_no":"B303","road_class":"B","district":"21","region":"North Eastern","station":"Moroto","surface_ty":"Paved","river":"","chainage_km":90,"type":"24","span_or_diameter":3,"culvert_length":30.5,"overall_rating":5,"condition":"Good","status":"Operational","recommended_intervention":"Preventive Repair","priority_score":79,"inspection_date":"2017-11-20"}},{"type":"Feature","id":"culvert-385","geometry":{"type":"Point","coordinates":[33.5812911987305,2.33427000045776]},"properties":{"structure_type":"Major Culverts","culvert_n":"C824","link_no":"C941_Link01","link_name":"Amuria (Kuju) - Obalang","road_no":"C941","road_class":"C","district":"20","region":"North Eastern","station":"Soroti","surface_ty":"Unpaved","river":"","chainage_km":33,"type":"24","span_or_diameter":2.09999990463257,"culvert_length":5,"overall_rating":5,"condition":"Good","status":"Operational","recommended_intervention":"Preventive Repair","priority_score":85,"inspection_date":"2017-11-20"}},{"type":"Feature","id":"culvert-386","geometry":{"type":"Point","coordinates":[33.58078,2.33244]},"properties":{"structure_type":"Major Culverts","culvert_n":"C825","link_no":"C941_Link01","link_name":"Amuria (Kuju) - Obalang","road_no":"C941","road_class":"C","district":"20","region":"North Eastern","station":"Soroti","surface_ty":"Unpaved","river":"","chainage_km":33,"type":"24","span_or_diameter":2.20000004768372,"culvert_length":5.19999980926514,"overall_rating":7,"condition":"Good","status":"Operational","recommended_intervention":"Routine Maintenance","priority_score":28,"inspection_date":"2017-11-20"}},{"type":"Feature","id":"culvert-387","geometry":{"type":"Point","coordinates":[33.78188,1.72977]},"properties":{"structure_type":"Major Culverts","culvert_n":"C826","link_no":"C964_Link01","link_name":"Soroti-Toroma","road_no":"C964","road_class":"C","district":"20","region":"North Eastern","station":"Soroti","surface_ty":"Unpaved","river":"","chainage_km":37,"type":"24","span_or_diameter":2,"culvert_length":6,"overall_rating":7,"condition":"Good","status":"Operational","recommended_intervention":"Routine Maintenance","priority_score":28,"inspection_date":"2017-11-20"}},{"type":"Feature","id":"culvert-388","geometry":{"type":"Point","coordinates":[33.81173,1.72127]},"properties":{"structure_type":"Major Culverts","culvert_n":"C827","link_no":"C964_Link01","link_name":"Soroti-Toroma","road_no":"C964","road_class":"C","district":"20","region":"North Eastern","station":"Soroti","surface_ty":"Unpaved","river":"","chainage_km":37,"type":"24","span_or_diameter":2,"culvert_length":6,"overall_rating":7,"condition":"Good","status":"Operational","recommended_intervention":"Routine Maintenance","priority_score":28,"inspection_date":"2017-11-20"}},{"type":"Feature","id":"culvert-389","geometry":{"type":"Point","coordinates":[34.38255,1.33965]},"properties":{"structure_type":"Major Culverts","culvert_n":"C829","link_no":"B304_Link02","link_name":"Kapchorwa-Suam","road_no":"B304","road_class":"B","district":"19","region":"Eastern","station":"Mbale","surface_ty":"Paved","river":"","chainage_km":7.5,"type":"24","span_or_diameter":3,"culvert_length":40,"overall_rating":7,"condition":"Good","status":"Operational","recommended_intervention":"Routine Maintenance","priority_score":30.7,"inspection_date":"2017-11-20"}},{"type":"Feature","id":"culvert-390","geometry":{"type":"Point","coordinates":[34.38861,1.35449]},"properties":{"structure_type":"Major Culverts","culvert_n":"C830","link_no":"B304_Link02","link_name":"Kapchorwa-Suam","road_no":"B304","road_class":"B","district":"19","region":"Eastern","station":"Mbale","surface_ty":"Paved","river":"","chainage_km":7,"type":"24","span_or_diameter":3,"culvert_length":16.7000007629395,"overall_rating":7,"condition":"Good","status":"Operational","recommended_intervention":"Routine Maintenance","priority_score":30.7,"inspection_date":"2017-11-20"}},{"type":"Feature","id":"culvert-391","geometry":{"type":"Point","coordinates":[34.39009,1.35791]},"properties":{"structure_type":"Major Culverts","culvert_n":"C831","link_no":"B304_Link02","link_name":"Kapchorwa-Suam","road_no":"B304","road_class":"B","district":"19","region":"Eastern","station":"Mbale","surface_ty":"Paved","river":"","chainage_km":105,"type":"24","span_or_diameter":2.5,"culvert_length":27,"overall_rating":7,"condition":"Good","status":"Operational","recommended_intervention":"Routine Maintenance","priority_score":30.7,"inspection_date":"2017-11-20"}},{"type":"Feature","id":"culvert-392","geometry":{"type":"Point","coordinates":[34.4007,1.37463]},"properties":{"structure_type":"Major Culverts","culvert_n":"C832","link_no":"B304_Link02","link_name":"Kapchorwa-Suam","road_no":"B304","road_class":"B","district":"19","region":"Eastern","station":"Mbale","surface_ty":"Paved","river":"","chainage_km":7,"type":"24","span_or_diameter":2.5,"culvert_length":17,"overall_rating":7,"condition":"Good","status":"Operational","recommended_intervention":"Routine Maintenance","priority_score":30.7,"inspection_date":"2017-11-20"}},{"type":"Feature","id":"culvert-393","geometry":{"type":"Point","coordinates":[34.4213,1.38423]},"properties":{"structure_type":"Major Culverts","culvert_n":"C833","link_no":"B304_Link02","link_name":"Kapchorwa-Suam","road_no":"B304","road_class":"B","district":"19","region":"Eastern","station":"Mbale","surface_ty":"Paved","river":"","chainage_km":7,"type":"24","span_or_diameter":3,"culvert_length":30,"overall_rating":7,"condition":"Good","status":"Operational","recommended_intervention":"Routine Maintenance","priority_score":30.7,"inspection_date":"2017-11-20"}},{"type":"Feature","id":"culvert-394","geometry":{"type":"Point","coordinates":[34.35743,1.33156]},"properties":{"structure_type":"Major Culverts","culvert_n":"C834","link_no":"B304_Link01","link_name":"Muyembe - Kaserem - Kapchorwa","road_no":"B304","road_class":"B","district":"19","region":"Eastern","station":"Mbale","surface_ty":"Paved","river":"","chainage_km":98.6999969482422,"type":"24","span_or_diameter":2,"culvert_length":43,"overall_rating":7,"condition":"Good","status":"Operational","recommended_intervention":"Routine Maintenance","priority_score":30.7,"inspection_date":"2017-11-20"}},{"type":"Feature","id":"culvert-395","geometry":{"type":"Point","coordinates":[34.32462,1.33057]},"properties":{"structure_type":"Major Culverts","culvert_n":"C835","link_no":"B304_Link01","link_name":"Muyembe - Kaserem - Kapchorwa","road_no":"B304","road_class":"B","district":"19","region":"Eastern","station":"Mbale","surface_ty":"Paved","river":"","chainage_km":98.6999969482422,"type":"24","span_or_diameter":2.40000009536743,"culvert_length":45,"overall_rating":7,"condition":"Good","status":"Operational","recommended_intervention":"Routine Maintenance","priority_score":30.7,"inspection_date":"2017-11-20"}},{"type":"Feature","id":"culvert-396","geometry":{"type":"Point","coordinates":[33.5796,1.74466]},"properties":{"structure_type":"Major Culverts","culvert_n":"C836","link_no":"A007_Link06","link_name":"Soroti - Dokolo","road_no":"A007","road_class":"A","district":"20","region":"North Eastern","station":"Soroti","surface_ty":"Paved","river":"","chainage_km":149,"type":"27","span_or_diameter":1.79999995231628,"culvert_length":15.3999996185303,"overall_rating":7,"condition":"Good","status":"Operational","recommended_intervention":"Routine Maintenance","priority_score":45.1,"inspection_date":"2017-11-20"}},{"type":"Feature","id":"culvert-397","geometry":{"type":"Point","coordinates":[33.76306,1.66495]},"properties":{"structure_type":"Major Culverts","culvert_n":"C837","link_no":"A007_Link05","link_name":"Kumi - Soroti","road_no":"A007","road_class":"A","district":"20","region":"North Eastern","station":"Soroti","surface_ty":"Paved","river":"","chainage_km":102,"type":"24","span_or_diameter":2.5,"culvert_length":11,"overall_rating":7,"condition":"Good","status":"Operational","recommended_intervention":"Routine Maintenance","priority_score":45.1,"inspection_date":"2017-11-20"}},{"type":"Feature","id":"culvert-398","geometry":{"type":"Point","coordinates":[33.78916,1.59338]},"properties":{"structure_type":"Major Culverts","culvert_n":"C838","link_no":"C930_Link01","link_name":"Kapir - Ngora","road_no":"C930","road_class":"C","district":"20","region":"North Eastern","station":"Soroti","surface_ty":"Unpaved","river":"","chainage_km":20,"type":"24","span_or_diameter":1.79999995231628,"culvert_length":9.5,"overall_rating":7,"condition":"Good","status":"Operational","recommended_intervention":"Routine Maintenance","priority_score":37,"inspection_date":"2017-11-20"}},{"type":"Feature","id":"culvert-399","geometry":{"type":"Point","coordinates":[34.36433,0.88648]},"properties":{"structure_type":"Major Culverts","culvert_n":"C839","link_no":"C870_Link03","link_name":"Munamba-Magale - Nangya","road_no":"C870","road_class":"C","district":"19","region":"Eastern","station":"Tororo","surface_ty":"Unpaved","river":"","chainage_km":49.5,"type":"27","span_or_diameter":2.79999995231628,"culvert_length":7.5,"overall_rating":1,"condition":"Critical","status":"Operational","recommended_intervention":"Culvert Replacement","priority_score":310,"inspection_date":"2017-11-20"}},{"type":"Feature","id":"culvert-400","geometry":{"type":"Point","coordinates":[33.41385,0.64542]},"properties":{"structure_type":"Major Culverts","culvert_n":"C840","link_no":"C780_Link01","link_name":"Iganga-Kitayungwa","road_no":"C780","road_class":"C","district":"17","region":"Eastern","station":"Jinja","surface_ty":"Unpaved","river":"","chainage_km":50,"type":"27","span_or_diameter":1.79999995231628,"culvert_length":12.5,"overall_rating":7,"condition":"Good","status":"Operational","recommended_intervention":"Routine Maintenance","priority_score":37,"inspection_date":"2020-11-10"}},{"type":"Feature","id":"culvert-401","geometry":{"type":"Point","coordinates":[33.82618,1.14828]},"properties":{"structure_type":"Major Culverts","culvert_n":"C841","link_no":"C860_Link01","link_name":"Kamonkoli-Pallisa","road_no":"C860","road_class":"C","district":"19","region":"Eastern","station":"Mbale","surface_ty":"Paved","river":"","chainage_km":43.5,"type":"24","span_or_diameter":3,"culvert_length":19.7000007629395,"overall_rating":5,"condition":"Good","status":"Operational","recommended_intervention":"Preventive Repair","priority_score":70,"inspection_date":"2020-11-10"}},{"type":"Feature","id":"culvert-402","geometry":{"type":"Point","coordinates":[33.74405,1.10598]},"properties":{"structure_type":"Major Culverts","culvert_n":"C842","link_no":"B305_Link01","link_name":"Tirinyi - Pallisa","road_no":"B305","road_class":"B","district":"20","region":"Eastern","station":"Mbale","surface_ty":"Paved","river":"","chainage_km":0,"type":"24","span_or_diameter":5,"culvert_length":20,"overall_rating":7,"condition":"Good","status":"Operational","recommended_intervention":"Routine Maintenance","priority_score":41.1,"inspection_date":"2018-12-21"}},{"type":"Feature","id":"culvert-403","geometry":{"type":"Point","coordinates":[33.74233,1.11245]},"properties":{"structure_type":"Major Culverts","culvert_n":"C843","link_no":"B305_Link01","link_name":"Tirinyi - Pallisa","road_no":"B305","road_class":"B","district":"20","region":"Eastern","station":"Mbale","surface_ty":"Paved","river":"","chainage_km":0,"type":"?","span_or_diameter":3,"culvert_length":20,"overall_rating":7,"condition":"Good","status":"Operational","recommended_intervention":"Routine Maintenance","priority_score":41.1,"inspection_date":"2018-12-21"}},{"type":"Feature","id":"culvert-404","geometry":{"type":"Point","coordinates":[33.95856,0.95541]},"properties":{"structure_type":"Major Culverts","culvert_n":"C844","link_no":"C849_Link01","link_name":"Leresi-Bunghaji-Budaka","road_no":"C849","road_class":"C","district":"18","region":"Eastern","station":"Tororo","surface_ty":"Unpaved","river":"","chainage_km":13.5,"type":"24","span_or_diameter":4,"culvert_length":10,"overall_rating":7,"condition":"Good","status":"Operational","recommended_intervention":"Routine Maintenance","priority_score":37,"inspection_date":"2020-11-10"}},{"type":"Feature","id":"culvert-405","geometry":{"type":"Point","coordinates":[33.95745,0.95814]},"properties":{"structure_type":"Major Culverts","culvert_n":"C845","link_no":"C849_Link01","link_name":"Leresi-Bunghaji-Budaka","road_no":"C849","road_class":"C","district":"18","region":"Eastern","station":"Tororo","surface_ty":"Unpaved","river":"","chainage_km":13.5,"type":"27","span_or_diameter":1.5,"culvert_length":14,"overall_rating":1,"condition":"Critical","status":"Operational","recommended_intervention":"Culvert Replacement","priority_score":310,"inspection_date":"2020-11-10"}},{"type":"Feature","id":"culvert-406","geometry":{"type":"Point","coordinates":[33.95708,0.95923]},"properties":{"structure_type":"Major Culverts","culvert_n":"C846","link_no":"C849_Link01","link_name":"Leresi-Bunghaji-Budaka","road_no":"C849","road_class":"C","district":"18","region":"Eastern","station":"Tororo","surface_ty":"Unpaved","river":"","chainage_km":13.5,"type":"24","span_or_diameter":4,"culvert_length":10.1000003814697,"overall_rating":7,"condition":"Good","status":"Operational","recommended_intervention":"Routine Maintenance","priority_score":28,"inspection_date":"2020-11-10"}},{"type":"Feature","id":"culvert-407","geometry":{"type":"Point","coordinates":[34.0646,0.94151]},"properties":{"structure_type":"Major Culverts","culvert_n":"C847","link_no":"C838_Link02","link_name":"Kidoko - Kachonga","road_no":"C838","road_class":"C","district":"18","region":"Eastern","station":"Tororo","surface_ty":"Unpaved","river":"","chainage_km":19.5,"type":"24","span_or_diameter":4,"culvert_length":5.5,"overall_rating":1,"condition":"Critical","status":"Operational","recommended_intervention":"Culvert Replacement","priority_score":310,"inspection_date":"2020-11-10"}},{"type":"Feature","id":"culvert-408","geometry":{"type":"Point","coordinates":[34.84836,1.94042]},"properties":{"structure_type":"Major Culverts","culvert_n":"C851","link_no":"C961_Link01","link_name":"Chosan to Amudat","road_no":"C961","road_class":"C","district":"21","region":"North Eastern","station":"Moroto","surface_ty":"Unpaved","river":"","chainage_km":31,"type":"26","span_or_diameter":0.899999976158142,"culvert_length":6.5,"overall_rating":7,"condition":"Good","status":"Operational","recommended_intervention":"Routine Maintenance","priority_score":28,"inspection_date":"2020-11-10"}},{"type":"Feature","id":"culvert-409","geometry":{"type":"Point","coordinates":[34.04821,0.68646]},"properties":{"structure_type":"Major Culverts","culvert_n":"C854","link_no":"C844_Link01","link_name":"Rubongi - Mulanda","road_no":"C844","road_class":"C","district":"18","region":"Eastern","station":"Tororo","surface_ty":"Unpaved","river":"","chainage_km":16.5,"type":"24","span_or_diameter":3,"culvert_length":4.19999980926514,"overall_rating":5,"condition":"Good","status":"Operational","recommended_intervention":"Preventive Repair","priority_score":70,"inspection_date":"2020-11-10"}},{"type":"Feature","id":"culvert-410","geometry":{"type":"Point","coordinates":[33.43581,1.83393]},"properties":{"structure_type":"Major Culverts","culvert_n":"C856","link_no":"C924_Link01","link_name":"Katine to Ochero","road_no":"C924","road_class":"C","district":"20","region":"North Eastern","station":"Soroti","surface_ty":"Unpaved","river":"","chainage_km":70,"type":"24","span_or_diameter":3,"culvert_length":8.5,"overall_rating":7,"condition":"Good","status":"Operational","recommended_intervention":"Routine Maintenance","priority_score":28,"inspection_date":"2018-12-21"}},{"type":"Feature","id":"culvert-411","geometry":{"type":"Point","coordinates":[33.91447473300008,1.385646652000048]},"properties":{"structure_type":"Major Culverts","culvert_n":"C858","link_no":"C879_Link02","link_name":"Kanyum - Kidongole","road_no":"C879","road_class":"C","district":"20","region":"North Eastern","station":"Soroti","surface_ty":"Unpaved","river":"","chainage_km":0,"type":"27","span_or_diameter":1.79999995231628,"culvert_length":20.2999992370605,"overall_rating":7,"condition":"Good","status":"Operational","recommended_intervention":"Routine Maintenance","priority_score":37,"inspection_date":"2019-02-01"}},{"type":"Feature","id":"culvert-412","geometry":{"type":"Point","coordinates":[33.97433,1.29026]},"properties":{"structure_type":"Major Culverts","culvert_n":"C859","link_no":"C879_Link02","link_name":"Kanyum - Kidongole","road_no":"C879","road_class":"C","district":"20","region":"North Eastern","station":"Soroti","surface_ty":"Unpaved","river":"","chainage_km":0,"type":"27","span_or_diameter":1.79999995231628,"culvert_length":20.2999992370605,"overall_rating":1,"condition":"Critical","status":"Operational","recommended_intervention":"Culvert Replacement","priority_score":310,"inspection_date":"2019-02-01"}},{"type":"Feature","id":"culvert-413","geometry":{"type":"Point","coordinates":[34.21526,0.77204]},"properties":{"structure_type":"Major Culverts","culvert_n":"C863","link_no":"C840_Link02","link_name":"Apokor - Kwapa - Tuba","road_no":"C840","road_class":"C","district":"18","region":"Eastern","station":"Tororo","surface_ty":"Unpaved","river":"","chainage_km":11.5,"type":"27","span_or_diameter":2.5,"culvert_length":8,"overall_rating":7,"condition":"Good","status":"Operational","recommended_intervention":"Routine Maintenance","priority_score":28,"inspection_date":"2020-11-10"}},{"type":"Feature","id":"culvert-414","geometry":{"type":"Point","coordinates":[34.1190490722656,0.893649995326996]},"properties":{"structure_type":"Major Culverts","culvert_n":"C870","link_no":"C837_Link02","link_name":"Kidoko - Busiu - Isikhoye","road_no":"C837","road_class":"C","district":"18","region":"Eastern","station":"Tororo","surface_ty":"Unpaved","river":"","chainage_km":18,"type":"27","span_or_diameter":2.5,"culvert_length":8,"overall_rating":8,"condition":"","status":"","recommended_intervention":"","priority_score":null,"inspection_date":""}},{"type":"Feature","id":"culvert-415","geometry":{"type":"Point","coordinates":[34.1217002868652,0.903060019016266]},"properties":{"structure_type":"Major Culverts","culvert_n":"C871","link_no":"C837_Link02","link_name":"Kidoko - Busiu - Isikhoye","road_no":"C837","road_class":"C","district":"18","region":"Eastern","station":"Tororo","surface_ty":"Unpaved","river":"","chainage_km":0,"type":"27","span_or_diameter":1.5,"culvert_length":8,"overall_rating":8,"condition":"","status":"","recommended_intervention":"","priority_score":null,"inspection_date":""}},{"type":"Feature","id":"culvert-416","geometry":{"type":"Point","coordinates":[34.1791496276855,1.08308005332947]},"properties":{"structure_type":"Major Culverts","culvert_n":"C900","link_no":"A007_Link04","link_name":"Mbale - Namunsi - Kumi","road_no":"A007","road_class":"A","district":"19","region":"Eastern","station":"Mbale","surface_ty":"Paved","river":"","chainage_km":0,"type":"24","span_or_diameter":5.30000019073486,"culvert_length":20.2000007629395,"overall_rating":7,"condition":"","status":"","recommended_intervention":"","priority_score":null,"inspection_date":""}},{"type":"Feature","id":"culvert-417","geometry":{"type":"Point","coordinates":[33.6007308959961,2.14198994636536]},"properties":{"structure_type":"Major Culverts","culvert_n":"C905","link_no":"C941_Link01","link_name":"Amuria (Kuju) - Obalang","road_no":"C941","road_class":"C","district":"22","region":"North Eastern","station":"Soroti","surface_ty":"Unpaved","river":"","chainage_km":0,"type":"24","span_or_diameter":4,"culvert_length":15.3000001907349,"overall_rating":7,"condition":"","status":"","recommended_intervention":"","priority_score":null,"inspection_date":""}},{"type":"Feature","id":"culvert-418","geometry":{"type":"Point","coordinates":[33.872631072998,1.26756000518799]},"properties":{"structure_type":"Major Culverts","culvert_n":"C906","link_no":"B305_Link03","link_name":"Kanyago Bridge - Kumi","road_no":"B305","road_class":"B","district":"20","region":"North Eastern","station":"Soroti","surface_ty":"Paved","river":"","chainage_km":0,"type":"24","span_or_diameter":5,"culvert_length":18.7000007629395,"overall_rating":8,"condition":"","status":"","recommended_intervention":"","priority_score":null,"inspection_date":""}},{"type":"Feature","id":"culvert-419","geometry":{"type":"Point","coordinates":[33.8727989196777,1.26730000972748]},"properties":{"structure_type":"Major Culverts","culvert_n":"C907","link_no":"B305_Link03","link_name":"Kanyago Bridge - Kumi","road_no":"B305","road_class":"B","district":"20","region":"North Eastern","station":"Soroti","surface_ty":"Paved","river":"","chainage_km":0,"type":"24","span_or_diameter":5,"culvert_length":26.7999992370605,"overall_rating":8,"condition":"","status":"","recommended_intervention":"","priority_score":null,"inspection_date":""}},{"type":"Feature","id":"culvert-420","geometry":{"type":"Point","coordinates":[33.8728981018066,1.26837003231049]},"properties":{"structure_type":"Major Culverts","culvert_n":"C908","link_no":"B305_Link03","link_name":"Kanyago Bridge - Kumi","road_no":"B305","road_class":"B","district":"20","region":"North Eastern","station":"Soroti","surface_ty":"Paved","river":"","chainage_km":0,"type":"24","span_or_diameter":5,"culvert_length":19.5,"overall_rating":8,"condition":"","status":"","recommended_intervention":"","priority_score":null,"inspection_date":""}},{"type":"Feature","id":"culvert-421","geometry":{"type":"Point","coordinates":[33.7950210571289,1.35640001296997]},"properties":{"structure_type":"Major Culverts","culvert_n":"C909","link_no":"C930_Link02","link_name":"Ngora - Mukongoro","road_no":"C930","road_class":"C","district":"20","region":"North Eastern","station":"Soroti","surface_ty":"Unpaved","river":"","chainage_km":0,"type":"27","span_or_diameter":1.79999995231628,"culvert_length":16.7000007629395,"overall_rating":7,"condition":"","status":"","recommended_intervention":"","priority_score":null,"inspection_date":""}},{"type":"Feature","id":"culvert-422","geometry":{"type":"Point","coordinates":[33.864200592041,1.86415994167328]},"properties":{"structure_type":"Major Culverts","culvert_n":"C910","link_no":"B303_Link02","link_name":"Arapai - Katakwi - Iriri","road_no":"B303","road_class":"B","district":"20","region":"North Eastern","station":"Soroti","surface_ty":"Paved","river":"","chainage_km":0,"type":"24","span_or_diameter":2,"culvert_length":16.7000007629395,"overall_rating":8,"condition":"","status":"","recommended_intervention":"","priority_score":null,"inspection_date":""}},{"type":"Feature","id":"culvert-423","geometry":{"type":"Point","coordinates":[34.1393394470215,0.585739970207214]},"properties":{"structure_type":"Major Culverts","culvert_n":"C911","link_no":"B306_Link01","link_name":"Tororo(Malaba junction) - Busia","road_no":"B306","road_class":"B","district":"18","region":"Eastern","station":"Tororo","surface_ty":"Unpaved","river":"","chainage_km":0,"type":"24","span_or_diameter":5,"culvert_length":22,"overall_rating":7,"condition":"","status":"","recommended_intervention":"","priority_score":null,"inspection_date":""}},{"type":"Feature","id":"culvert-424","geometry":{"type":"Point","coordinates":[34.1388206481934,0.584389984607697]},"properties":{"structure_type":"Major Culverts","culvert_n":"C912","link_no":"B306_Link01","link_name":"Tororo(Malaba junction) - Busia","road_no":"B306","road_class":"B","district":"18","region":"Eastern","station":"Tororo","surface_ty":"Unpaved","river":"","chainage_km":0,"type":"?","span_or_diameter":3,"culvert_length":22.5,"overall_rating":9,"condition":"","status":"","recommended_intervention":"","priority_score":null,"inspection_date":""}},{"type":"Feature","id":"culvert-425","geometry":{"type":"Point","coordinates":[34.1379013061523,0.582019984722137]},"properties":{"structure_type":"Major Culverts","culvert_n":"C913","link_no":"B306_Link01","link_name":"Tororo(Malaba junction) - Busia","road_no":"B306","road_class":"B","district":"18","region":"Eastern","station":"Tororo","surface_ty":"Unpaved","river":"","chainage_km":0,"type":"24","span_or_diameter":5,"culvert_length":24.7000007629395,"overall_rating":9,"condition":"","status":"","recommended_intervention":"","priority_score":null,"inspection_date":""}},{"type":"Feature","id":"culvert-426","geometry":{"type":"Point","coordinates":[33.9903106689453,0.928309977054596]},"properties":{"structure_type":"Major Culverts","culvert_n":"C914","link_no":"C833_Link01","link_name":"Nabumali junction-Busolwe","road_no":"C833","road_class":"C","district":"?","region":"Eastern","station":"Tororo","surface_ty":"Unpaved","river":"","chainage_km":0,"type":"27","span_or_diameter":2,"culvert_length":9.5,"overall_rating":7,"condition":"","status":"","recommended_intervention":"","priority_score":null,"inspection_date":""}},{"type":"Feature","id":"culvert-427","geometry":{"type":"Point","coordinates":[34.0658111572266,0.940150022506714]},"properties":{"structure_type":"Major Culverts","culvert_n":"C915","link_no":"C838_Link02","link_name":"Kidoko - Kachonga","road_no":"C838","road_class":"C","district":"18","region":"Eastern","station":"Tororo","surface_ty":"Unpaved","river":"","chainage_km":0,"type":"27","span_or_diameter":3,"culvert_length":9,"overall_rating":8,"condition":"","status":"","recommended_intervention":"","priority_score":null,"inspection_date":""}},{"type":"Feature","id":"culvert-428","geometry":{"type":"Point","coordinates":[34.1919593811035,83513]},"properties":{"structure_type":"Major Culverts","culvert_n":"C916","link_no":"C865_Link01","link_name":"Magodes-Busumbu","road_no":"C865","road_class":"C","district":"?","region":"Eastern","station":"Tororo","surface_ty":"Unpaved","river":"","chainage_km":0,"type":"27","span_or_diameter":3,"culvert_length":9,"overall_rating":7,"condition":"","status":"","recommended_intervention":"","priority_score":null,"inspection_date":""}},{"type":"Feature","id":"culvert-429","geometry":{"type":"Point","coordinates":[34.3599700927734,0.916220009326935]},"properties":{"structure_type":"Major Culverts","culvert_n":"C917","link_no":"C891_Link01","link_name":"Buseta - Bugiri","road_no":"C891","road_class":"C","district":"19","region":"Eastern","station":"Mbale","surface_ty":"Unpaved","river":"","chainage_km":0,"type":"24","span_or_diameter":4,"culvert_length":10.1000003814697,"overall_rating":7,"condition":"","status":"","recommended_intervention":"","priority_score":null,"inspection_date":""}},{"type":"Feature","id":"culvert-430","geometry":{"type":"Point","coordinates":[34.3596496582031,0.907729983329773]},"properties":{"structure_type":"Major Culverts","culvert_n":"C918","link_no":"C891_Link01","link_name":"Buseta - Bugiri","road_no":"C891","road_class":"C","district":"19","region":"Eastern","station":"Mbale","surface_ty":"Unpaved","river":"","chainage_km":0,"type":"24","span_or_diameter":5.5,"culvert_length":10.6000003814697,"overall_rating":7,"condition":"","status":"","recommended_intervention":"","priority_score":null,"inspection_date":""}},{"type":"Feature","id":"culvert-431","geometry":{"type":"Point","coordinates":[34.2959785461426,0.930769979953766]},"properties":{"structure_type":"Major Culverts","culvert_n":"C919","link_no":"C891_Link01","link_name":"Buseta - Bugiri","road_no":"C891","road_class":"C","district":"19","region":"Eastern","station":"Mbale","surface_ty":"Unpaved","river":"","chainage_km":0,"type":"27","span_or_diameter":2.5,"culvert_length":9,"overall_rating":8,"condition":"","status":"","recommended_intervention":"","priority_score":null,"inspection_date":""}},{"type":"Feature","id":"culvert-432","geometry":{"type":"Point","coordinates":[32.5665,0.3505]},"properties":{"structure_type":"Major Culverts","culvert_n":"CM20","link_no":"M20","link_name":"Kampala NorthernBypass","road_no":"M20","road_class":"M","district":"","region":"Central","station":"Kampala","surface_ty":"Paved","river":"","chainage_km":0,"type":"Box Culvert","span_or_diameter":0,"culvert_length":0,"overall_rating":8,"condition":"","status":"","recommended_intervention":"","priority_score":null,"inspection_date":""}},{"type":"Feature","id":"culvert-433","geometry":{"type":"Point","coordinates":[32.5101,0.1391]},"properties":{"structure_type":"Major Culverts","culvert_n":"CM3","link_no":"M3_Link01","link_name":"Kampala - Entebbe Expressway","road_no":"M3","road_class":"M","district":"","region":"Central","station":"Kampala","surface_ty":"Paved","river":"","chainage_km":0,"type":"Box Culvert","span_or_diameter":0,"culvert_length":0,"overall_rating":8,"condition":"","status":"","recommended_intervention":"","priority_score":null,"inspection_date":""}},{"type":"Feature","id":"culvert-434","geometry":{"type":"Point","coordinates":[32.5319,0.2158]},"properties":{"structure_type":"Major Culverts","culvert_n":"CMunyoyo Spur","link_no":"M3Int2_S1","link_name":"Kajjansi Interchange Slip 1","road_no":"M3","road_class":"M","district":"","region":"Central","station":"Kampala","surface_ty":"Paved","river":"","chainage_km":0,"type":"Box Culvert","span_or_diameter":0,"culvert_length":0,"overall_rating":8,"condition":"","status":"","recommended_intervention":"","priority_score":null,"inspection_date":""}},{"type":"Feature","id":"culvert-435","geometry":{"type":"Point","coordinates":[32.37433,2.47519]},"properties":{"structure_type":"Major Culverts","culvert_n":"C522","link_no":"","link_name":"","road_no":"","road_class":"","district":"","region":"","station":"","surface_ty":"Unpaved","river":"","chainage_km":null,"type":"Box Culvert","span_or_diameter":null,"culvert_length":null,"overall_rating":7,"condition":"Good","status":"Operational","recommended_intervention":"Routine Maintenance","priority_score":23.4,"inspection_date":"2020-11-10"}},{"type":"Feature","id":"culvert-436","geometry":{"type":"Point","coordinates":[31.7465,2.85108]},"properties":{"structure_type":"Major Culverts","culvert_n":"C531","link_no":"","link_name":"","road_no":"","road_class":"","district":"","region":"","station":"","surface_ty":"Unpaved","river":"","chainage_km":null,"type":"Box Culvert","span_or_diameter":null,"culvert_length":null,"overall_rating":7,"condition":"Good","status":"Operational","recommended_intervention":"Routine Maintenance","priority_score":28,"inspection_date":"2020-11-10"}},{"type":"Feature","id":"culvert-437","geometry":{"type":"Point","coordinates":[31.73063,2.85083]},"properties":{"structure_type":"Major Culverts","culvert_n":"C532","link_no":"","link_name":"","road_no":"","road_class":"","district":"","region":"","station":"","surface_ty":"Unpaved","river":"","chainage_km":null,"type":"Box Culvert","span_or_diameter":null,"culvert_length":null,"overall_rating":5,"condition":"Good","status":"Operational","recommended_intervention":"Preventive Repair","priority_score":70,"inspection_date":"2020-11-10"}},{"type":"Feature","id":"culvert-438","geometry":{"type":"Point","coordinates":[31.7149,2.86184]},"properties":{"structure_type":"Major Culverts","culvert_n":"C533","link_no":"","link_name":"","road_no":"","road_class":"","district":"","region":"","station":"","surface_ty":"Unpaved","river":"","chainage_km":null,"type":"Box Culvert","span_or_diameter":null,"culvert_length":null,"overall_rating":7,"condition":"Good","status":"Operational","recommended_intervention":"Routine Maintenance","priority_score":37,"inspection_date":"2020-11-25"}},{"type":"Feature","id":"culvert-439","geometry":{"type":"Point","coordinates":[30.32597,0.26368]},"properties":{"structure_type":"Major Culverts","culvert_n":"C156","link_no":"","link_name":"","road_no":"","road_class":"","district":"","region":"","station":"","surface_ty":"Unpaved","river":"","chainage_km":null,"type":"Box Culvert","span_or_diameter":null,"culvert_length":null,"overall_rating":7,"condition":"Good","status":"Operational","recommended_intervention":"Routine Maintenance","priority_score":28,"inspection_date":"2020-11-10"}},{"type":"Feature","id":"culvert-440","geometry":{"type":"Point","coordinates":[30.34501,0.10281]},"properties":{"structure_type":"Major Culverts","culvert_n":"C157","link_no":"","link_name":"","road_no":"","road_class":"","district":"","region":"","station":"","surface_ty":"Unpaved","river":"","chainage_km":null,"type":"Box Culvert","span_or_diameter":null,"culvert_length":null,"overall_rating":7,"condition":"Good","status":"Operational","recommended_intervention":"Routine Maintenance","priority_score":37,"inspection_date":"2020-11-10"}},{"type":"Feature","id":"culvert-441","geometry":{"type":"Point","coordinates":[29.95245,-0.11627]},"properties":{"structure_type":"Major Culverts","culvert_n":"C196","link_no":"","link_name":"","road_no":"","road_class":"","district":"","region":"","station":"","surface_ty":"Unpaved","river":"","chainage_km":null,"type":"Box Culvert","span_or_diameter":null,"culvert_length":null,"overall_rating":1,"condition":"Critical","status":"Operational","recommended_intervention":"Culvert Replacement","priority_score":310,"inspection_date":"2020-11-10"}},{"type":"Feature","id":"culvert-442","geometry":{"type":"Point","coordinates":[30.08559,-0.32696]},"properties":{"structure_type":"Major Culverts","culvert_n":"C197","link_no":"","link_name":"","road_no":"","road_class":"","district":"","region":"","station":"","surface_ty":"Unpaved","river":"","chainage_km":null,"type":"Box Culvert","span_or_diameter":null,"culvert_length":null,"overall_rating":7,"condition":"Good","status":"Operational","recommended_intervention":"Routine Maintenance","priority_score":19,"inspection_date":"2020-11-10"}},{"type":"Feature","id":"culvert-443","geometry":{"type":"Point","coordinates":[34.59978,1.41983]},"properties":{"structure_type":"Major Culverts","culvert_n":"C797","link_no":"","link_name":"","road_no":"","road_class":"","district":"","region":"","station":"","surface_ty":"Unpaved","river":"","chainage_km":null,"type":"Box Culvert","span_or_diameter":null,"culvert_length":null,"overall_rating":5,"condition":"Good","status":"Operational","recommended_intervention":"Preventive Repair","priority_score":96.3,"inspection_date":"2017-11-20"}},{"type":"Feature","id":"culvert-444","geometry":{"type":"Point","coordinates":[34.05447,3.76284]},"properties":{"structure_type":"Major Culverts","culvert_n":"C803","link_no":"","link_name":"","road_no":"","road_class":"","district":"","region":"","station":"","surface_ty":"Unpaved","river":"","chainage_km":null,"type":"Box Culvert","span_or_diameter":null,"culvert_length":null,"overall_rating":5,"condition":"Good","status":"Operational","recommended_intervention":"Preventive Repair","priority_score":85,"inspection_date":"2017-11-20"}},{"type":"Feature","id":"culvert-445","geometry":{"type":"Point","coordinates":[34.57632,2.5077]},"properties":{"structure_type":"Major Culverts","culvert_n":"C805","link_no":"","link_name":"","road_no":"","road_class":"","district":"","region":"","station":"","surface_ty":"Unpaved","river":"","chainage_km":null,"type":"Box Culvert","span_or_diameter":null,"culvert_length":null,"overall_rating":7,"condition":"Good","status":"Operational","recommended_intervention":"Routine Maintenance","priority_score":30.7,"inspection_date":"2017-11-20"}},{"type":"Feature","id":"culvert-446","geometry":{"type":"Point","coordinates":[34.0373,2.4921]},"properties":{"structure_type":"Major Culverts","culvert_n":"C822","link_no":"","link_name":"","road_no":"","road_class":"","district":"","region":"","station":"","surface_ty":"Unpaved","river":"","chainage_km":null,"type":"Box Culvert","span_or_diameter":null,"culvert_length":null,"overall_rating":5,"condition":"Good","status":"Operational","recommended_intervention":"Preventive Repair","priority_score":70,"inspection_date":"2017-11-20"}},{"type":"Feature","id":"culvert-447","geometry":{"type":"Point","coordinates":[33.9209,1.41237]},"properties":{"structure_type":"Major Culverts","culvert_n":"C828","link_no":"","link_name":"","road_no":"","road_class":"","district":"","region":"","station":"","surface_ty":"Unpaved","river":"","chainage_km":null,"type":"Box Culvert","span_or_diameter":null,"culvert_length":null,"overall_rating":5,"condition":"Good","status":"Operational","recommended_intervention":"Preventive Repair","priority_score":96.3,"inspection_date":"2017-11-20"}},{"type":"Feature","id":"culvert-448","geometry":{"type":"Point","coordinates":[34.17909,1.08308]},"properties":{"structure_type":"Major Culverts","culvert_n":"C848","link_no":"","link_name":"","road_no":"","road_class":"","district":"","region":"","station":"","surface_ty":"Unpaved","river":"","chainage_km":null,"type":"Box Culvert","span_or_diameter":null,"culvert_length":null,"overall_rating":1,"condition":"Critical","status":"Operational","recommended_intervention":"Culvert Replacement","priority_score":400,"inspection_date":"2018-12-21"}},{"type":"Feature","id":"culvert-449","geometry":{"type":"Point","coordinates":[33.769019230252724,1.190613416154642]},"properties":{"structure_type":"Major Culverts","culvert_n":"C849","link_no":"","link_name":"","road_no":"","road_class":"","district":"","region":"","station":"","surface_ty":"Unpaved","river":"","chainage_km":null,"type":"Box Culvert","span_or_diameter":null,"culvert_length":null,"overall_rating":1,"condition":"Critical","status":"Operational","recommended_intervention":"Culvert Replacement","priority_score":310,"inspection_date":"2020-11-10"}},{"type":"Feature","id":"culvert-450","geometry":{"type":"Point","coordinates":[33.7892,1.59338]},"properties":{"structure_type":"Major Culverts","culvert_n":"C850","link_no":"","link_name":"","road_no":"","road_class":"","district":"","region":"","station":"","surface_ty":"Unpaved","river":"","chainage_km":null,"type":"Box Culvert","span_or_diameter":null,"culvert_length":null,"overall_rating":1,"condition":"Critical","status":"Operational","recommended_intervention":"Culvert Replacement","priority_score":310,"inspection_date":"2020-11-10"}},{"type":"Feature","id":"culvert-451","geometry":{"type":"Point","coordinates":[34.3564,2.48765]},"properties":{"structure_type":"Major Culverts","culvert_n":"C852","link_no":"","link_name":"","road_no":"","road_class":"","district":"","region":"","station":"","surface_ty":"Unpaved","river":"","chainage_km":null,"type":"Box Culvert","span_or_diameter":null,"culvert_length":null,"overall_rating":7,"condition":"Good","status":"Operational","recommended_intervention":"Routine Maintenance","priority_score":37,"inspection_date":"2020-11-10"}},{"type":"Feature","id":"culvert-452","geometry":{"type":"Point","coordinates":[34.3561,2.48752]},"properties":{"structure_type":"Major Culverts","culvert_n":"C853","link_no":"","link_name":"","road_no":"","road_class":"","district":"","region":"","station":"","surface_ty":"Unpaved","river":"","chainage_km":null,"type":"Box Culvert","span_or_diameter":null,"culvert_length":null,"overall_rating":7,"condition":"Good","status":"Operational","recommended_intervention":"Routine Maintenance","priority_score":28,"inspection_date":"2020-11-10"}}]}