{"type":"FeatureCollection","name":"Bridges","features":[{"type":"Feature","id":"bridge-1","geometry":{"type":"Point","coordinates":[30.645356,-0.618523]},"properties":{"structure_type":"Bridges","bridge_no":"B548","bridge_nam":"Rwizi Bridge","link_no":"A002_Link08","link_name":"Mbarara(Bushenyi Junction)  - Ntungamo","road_no":"A002","road_class":"A","district":"06","region":"Southern","station":"Mbarara","surface_ty":"Paved","river":"RIVER RWIZI","chainage_km":264,"bridge_len":55.5,"bridge_wid":11,"no_of_spans":"03","overall_rating":7,"condition":"Good","status":"Operational","recommended_intervention":"Routine Maintenance","priority_score":56.8,"aadt_2026":3048.58,"inspection_date":"2022-04-09","location_status":"Placed on exact national road host link"}},{"type":"Feature","id":"bridge-2","geometry":{"type":"Point","coordinates":[33.51851,0.62873]},"properties":{"structure_type":"Bridges","bridge_no":"B001","bridge_nam":"Kibimba","link_no":"A001_Link08","link_name":"Nakalama - Bugiri - Namutere","road_no":"A001","road_class":"A","district":"17","region":"Eastern","station":"Jinja","surface_ty":"Paved","river":"KIBIMBA RIVER","chainage_km":117.86,"bridge_len":60,"bridge_wid":13,"no_of_spans":"03","overall_rating":1,"condition":"Critical","status":"Operational","recommended_intervention":"Bridge Replacement","priority_score":530,"aadt_2026":12039.86,"inspection_date":"2023-05-11","location_status":"Placed on exact national road host link"}},{"type":"Feature","id":"bridge-3","geometry":{"type":"Point","coordinates":[34.17312,0.66002]},"properties":{"structure_type":"Bridges","bridge_no":"B002","bridge_nam":"Malaba","link_no":"A001_Link11","link_name":"Tororo junction - Malaba(Uganda/Kenya border)","road_no":"A001","road_class":"A","district":"18","region":"Eastern","station":"Tororo","surface_ty":"Paved","river":"MALABA","chainage_km":201.009,"bridge_len":31.1,"bridge_wid":8.3,"no_of_spans":"03","overall_rating":7,"condition":"Good","status":"Operational","recommended_intervention":"Routine Maintenance","priority_score":41.2,"aadt_2026":12039.86,"inspection_date":"2023-05-11","location_status":"Placed on exact national road host link"}},{"type":"Feature","id":"bridge-4","geometry":{"type":"Point","coordinates":[32.511283,0.302108]},"properties":{"structure_type":"Bridges","bridge_no":"B003","bridge_nam":"Busega","link_no":"A002_Link02","link_name":"Busega - Mpigi","road_no":"A002","road_class":"A","district":"01","region":"Central","station":"Mpigi","surface_ty":"Paved","river":"Road Over Road","chainage_km":7.24,"bridge_len":8.9,"bridge_wid":17.6,"no_of_spans":"01","overall_rating":7,"condition":"Good","status":"Operational","recommended_intervention":"Routine Maintenance","priority_score":56.8,"aadt_2026":18984.68,"inspection_date":"","location_status":"Placed on exact national road host link"}},{"type":"Feature","id":"bridge-5","geometry":{"type":"Point","coordinates":[32.00763,-0.034141]},"properties":{"structure_type":"Bridges","bridge_no":"B004","bridge_nam":"Katonga Bridge","link_no":"A002_Link04","link_name":"Buwama - Lukaya","road_no":"A002","road_class":"A","district":"02","region":"Central","station":"Mpigi","surface_ty":"Paved","river":"River Katonga","chainage_km":79.45,"bridge_len":35,"bridge_wid":6.4,"no_of_spans":"03","overall_rating":7,"condition":"Good","status":"Operational","recommended_intervention":"Routine Maintenance","priority_score":41.2,"aadt_2026":8993.24,"inspection_date":"2022-04-27","location_status":"Placed on exact national road host link"}},{"type":"Feature","id":"bridge-6","geometry":{"type":"Point","coordinates":[30.645356,-0.618523]},"properties":{"structure_type":"Bridges","bridge_no":"B005","bridge_nam":"Rwizi Bridge","link_no":"A002_Link08","link_name":"Mbarara(Bushenyi Junction)  - Ntungamo","road_no":"A002","road_class":"A","district":"06","region":"Southern","station":"Mbarara","surface_ty":"Paved","river":"RIVER RWIZI","chainage_km":264,"bridge_len":55.5,"bridge_wid":11,"no_of_spans":"03","overall_rating":7,"condition":"Good","status":"Operational","recommended_intervention":"Routine Maintenance","priority_score":56.8,"aadt_2026":3048.58,"inspection_date":"2022-04-09","location_status":"Placed on exact national road host link"}},{"type":"Feature","id":"bridge-7","geometry":{"type":"Point","coordinates":[30.264758,-0.884379]},"properties":{"structure_type":"Bridges","bridge_no":"B006","bridge_nam":"Kamira Bridge","link_no":"A002_Link09","link_name":"Ntungamo - Rubaale","road_no":"A002","road_class":"A","district":"07","region":"Southern","station":"Kabale","surface_ty":"Paved","river":"KAMIRA RIVER","chainage_km":325.596,"bridge_len":42,"bridge_wid":8,"no_of_spans":"01","overall_rating":7,"condition":"Good","status":"Operational","recommended_intervention":"Routine Maintenance","priority_score":41.2,"aadt_2026":2320.79,"inspection_date":"2022-04-10","location_status":"Placed on exact national road host link"}},{"type":"Feature","id":"bridge-8","geometry":{"type":"Point","coordinates":[30.264751,-0.884414]},"properties":{"structure_type":"Bridges","bridge_no":"B007","bridge_nam":"Rubanga Bridge","link_no":"A002_Link09","link_name":"Ntungamo - Rubaale","road_no":"A002","road_class":"A","district":"07","region":"Southern","station":"Kabale","surface_ty":"Paved","river":"RUBANGA RIVER","chainage_km":325.6,"bridge_len":31.290001,"bridge_wid":8,"no_of_spans":"01","overall_rating":1,"condition":"Critical","status":"Operational","recommended_intervention":"Bridge Replacement","priority_score":530,"aadt_2026":2320.79,"inspection_date":"2022-04-10","location_status":"Placed on exact national road host link"}},{"type":"Feature","id":"bridge-9","geometry":{"type":"Point","coordinates":[30.20008,-0.98598]},"properties":{"structure_type":"Bridges","bridge_no":"B008","bridge_nam":"Katinada Bridge","link_no":"A002_Link09","link_name":"Ntungamo - Rubaale","road_no":"A002","road_class":"A","district":"07","region":"Southern","station":"Kabale","surface_ty":"Paved","river":"KEMYENDA RIVER","chainage_km":340.214,"bridge_len":14,"bridge_wid":11,"no_of_spans":"01","overall_rating":7,"condition":"Good","status":"Operational","recommended_intervention":"Routine Maintenance","priority_score":41.2,"aadt_2026":2320.79,"inspection_date":"2022-04-10","location_status":"Placed on exact national road host link"}},{"type":"Feature","id":"bridge-10","geometry":{"type":"Point","coordinates":[30.044739,-1.250167]},"properties":{"structure_type":"Bridges","bridge_no":"B009","bridge_nam":"Rubaale - Muhanga - Kabale","link_no":"A002_Link10","link_name":"Rubaale - Muhanga - Kabale","road_no":"A002","road_class":"A","district":"07","region":"Southern","station":"Kabale","surface_ty":"Paved","river":"KYANAMIRA","chainage_km":391,"bridge_len":21,"bridge_wid":10.84,"no_of_spans":"01","overall_rating":1,"condition":"Critical","status":"Operational","recommended_intervention":"Bridge Replacement","priority_score":530,"aadt_2026":2333.2,"inspection_date":"2022-02-23","location_status":"Placed on exact national road host link"}},{"type":"Feature","id":"bridge-11","geometry":{"type":"Point","coordinates":[32.517581,0.175826]},"properties":{"structure_type":"Bridges","bridge_no":"B045","bridge_nam":"Bumuli Overbridge 2","link_no":"M3_Link01","link_name":"Kampala - Entebbe Expressway","road_no":"M3","road_class":"M","district":"","region":"Central","station":"Kampala","surface_ty":"Paved","river":"Road Over Road","chainage_km":16.575,"bridge_len":null,"bridge_wid":null,"no_of_spans":"","overall_rating":7,"condition":"Good","status":"","recommended_intervention":"","priority_score":0,"aadt_2026":20711.35,"inspection_date":"2021-11-03 00:00:00","location_status":"Placed on exact national road host link"}},{"type":"Feature","id":"bridge-12","geometry":{"type":"Point","coordinates":[33.186628,0.439214]},"properties":{"structure_type":"Bridges","bridge_no":"B046","bridge_nam":"Source of the Nile Bridge (New Nile Bridge)","link_no":"A001N1_Link01","link_name":"Njeru - Jinja (Dual Section)","road_no":"A001N1","road_class":"A","district":"","region":"Central","station":"Kampala","surface_ty":"Paved","river":"NILE","chainage_km":null,"bridge_len":525,"bridge_wid":22.73,"no_of_spans":3,"overall_rating":7,"condition":"Good","status":"","recommended_intervention":"","priority_score":0,"aadt_2026":18798.83,"inspection_date":"2023-08-21 00:00:00","location_status":"Placed on exact national road host link"}},{"type":"Feature","id":"bridge-13","geometry":{"type":"Point","coordinates":[32.521202,0.259571]},"properties":{"structure_type":"Bridges","bridge_no":"B063","bridge_nam":"Kee B7 Overbridge","link_no":"M3_Link01","link_name":"Kampala - Entebbe Expressway","road_no":"M3","road_class":"M","district":"","region":"Central","station":"Kampala","surface_ty":"Paved","river":"Road Over Road","chainage_km":6.729,"bridge_len":null,"bridge_wid":null,"no_of_spans":"","overall_rating":7,"condition":"Good","status":"","recommended_intervention":"","priority_score":0,"aadt_2026":20711.35,"inspection_date":"2025-08-11 00:00:00","location_status":"Placed on exact national road host link"}},{"type":"Feature","id":"bridge-14","geometry":{"type":"Point","coordinates":[32.512424,0.159395]},"properties":{"structure_type":"Bridges","bridge_no":"B064","bridge_nam":"Sisa Bridge Underpass","link_no":"M3_Link01","link_name":"Kampala - Entebbe Expressway","road_no":"M3","road_class":"M","district":"","region":"Central","station":"Kampala","surface_ty":"Paved","river":"Road Underpass","chainage_km":18.513,"bridge_len":null,"bridge_wid":null,"no_of_spans":"","overall_rating":7,"condition":"Good","status":"","recommended_intervention":"","priority_score":0,"aadt_2026":20711.35,"inspection_date":"2025-08-20 00:00:00","location_status":"Placed on exact national road host link"}},{"type":"Feature","id":"bridge-15","geometry":{"type":"Point","coordinates":[30.011746,-1.424762]},"properties":{"structure_type":"Bridges","bridge_no":"B010","bridge_nam":"Mwanyare","link_no":"A002_Link11","link_name":"Kabale - Katuna","road_no":"A002","road_class":"A","district":"07","region":"Southern","station":"Kabale","surface_ty":"Paved","river":"Mwanyare River","chainage_km":421.317,"bridge_len":15.59,"bridge_wid":9.97,"no_of_spans":"01","overall_rating":7,"condition":"Good","status":"Development","recommended_intervention":"Routine Maintenance","priority_score":44.3,"aadt_2026":2333.2,"inspection_date":"2021-11-03","location_status":"Placed on exact national road host link"}},{"type":"Feature","id":"bridge-16","geometry":{"type":"Point","coordinates":[32.521838,0.252446]},"properties":{"structure_type":"Bridges","bridge_no":"B065","bridge_nam":"Kee B8 Overbridge","link_no":"M3_Link01","link_name":"Kampala - Entebbe Expressway","road_no":"M3","road_class":"M","district":"","region":"Central","station":"Kampala","surface_ty":"Paved","river":"Road Over Road","chainage_km":7.527,"bridge_len":null,"bridge_wid":null,"no_of_spans":"","overall_rating":6,"condition":"Satisfactory","status":"","recommended_intervention":"","priority_score":0,"aadt_2026":20711.35,"inspection_date":"2025-08-11 00:00:00","location_status":"Placed on exact national road host link"}},{"type":"Feature","id":"bridge-17","geometry":{"type":"Point","coordinates":[32.511006,0.148477]},"properties":{"structure_type":"Bridges","bridge_no":"B066","bridge_nam":"KEE Over Bridge","link_no":"M3_Link01","link_name":"Kampala - Entebbe Expressway","road_no":"M3","road_class":"M","district":"","region":"Central","station":"Kampala","surface_ty":"Paved","river":"Road Over Road","chainage_km":19.744,"bridge_len":null,"bridge_wid":null,"no_of_spans":"","overall_rating":7,"condition":"Good","status":"","recommended_intervention":"","priority_score":0,"aadt_2026":20711.35,"inspection_date":"2025-08-21 00:00:00","location_status":"Placed on exact national road host link"}},{"type":"Feature","id":"bridge-18","geometry":{"type":"Point","coordinates":[31.488546,-0.842608]},"properties":{"structure_type":"Bridges","bridge_no":"B011","bridge_nam":"Bukoola","link_no":"A004_Link02","link_name":"Kyotera - Mutukula","road_no":"A004","road_class":"A","district":"03","region":"Central","station":"Masaka","surface_ty":"Paved","river":"River Bukoola","chainage_km":68.7,"bridge_len":30,"bridge_wid":10.8,"no_of_spans":2,"overall_rating":7,"condition":"Good","status":"Operational","recommended_intervention":"Routine Maintenance","priority_score":41.2,"aadt_2026":3647.09,"inspection_date":"","location_status":"Placed on exact national road host link"}},{"type":"Feature","id":"bridge-19","geometry":{"type":"Point","coordinates":[32.523626,0.23241]},"properties":{"structure_type":"Bridges","bridge_no":"B083","bridge_nam":"Kee B9 Overbridge","link_no":"M3_Link01","link_name":"Kampala - Entebbe Expressway","road_no":"M3","road_class":"M","district":"","region":"Central","station":"Kampala","surface_ty":"Paved","river":"Road Over Road","chainage_km":9.771,"bridge_len":null,"bridge_wid":null,"no_of_spans":"","overall_rating":4,"condition":"Marginal","status":"","recommended_intervention":"","priority_score":0,"aadt_2026":20711.35,"inspection_date":"2025-08-12 00:00:00","location_status":"Placed on exact national road host link"}},{"type":"Feature","id":"bridge-20","geometry":{"type":"Point","coordinates":[32.510718,0.145173]},"properties":{"structure_type":"Bridges","bridge_no":"B084","bridge_nam":"Ziiru Overbridge","link_no":"M3_Link01","link_name":"Kampala - Entebbe Expressway","road_no":"M3","road_class":"M","district":"","region":"Central","station":"Kampala","surface_ty":"Paved","river":"Road Over Road","chainage_km":20.114,"bridge_len":null,"bridge_wid":null,"no_of_spans":"","overall_rating":4,"condition":"Marginal","status":"","recommended_intervention":"","priority_score":0,"aadt_2026":20711.35,"inspection_date":"2025-08-22 00:00:00","location_status":"Placed on exact national road host link"}},{"type":"Feature","id":"bridge-21","geometry":{"type":"Point","coordinates":[32.418442,0.329366]},"properties":{"structure_type":"Bridges","bridge_no":"B012","bridge_nam":"Buyala","link_no":"A005_Link01","link_name":"Busega - Bujuuko","road_no":"A005","road_class":"A","district":"02","region":"Central","station":"Mpigi","surface_ty":"Paved","river":"Road Over Rail","chainage_km":12.427,"bridge_len":29.1,"bridge_wid":11.3,"no_of_spans":1,"overall_rating":5,"condition":"Good","status":"Operational","recommended_intervention":"Preventive Repair","priority_score":114,"aadt_2026":8329.03,"inspection_date":"","location_status":"Placed on exact national road host link"}},{"type":"Feature","id":"bridge-22","geometry":{"type":"Point","coordinates":[32.531218,0.215266]},"properties":{"structure_type":"Bridges","bridge_no":"B086","bridge_nam":"Kajjansi Interchange Kee B10","link_no":"M3_Link01","link_name":"Kampala - Entebbe Expressway","road_no":"M3","road_class":"M","district":"","region":"Central","station":"Kampala","surface_ty":"Paved","river":"Road Over Road","chainage_km":11.863,"bridge_len":null,"bridge_wid":null,"no_of_spans":"","overall_rating":7,"condition":"Good","status":"","recommended_intervention":"","priority_score":0,"aadt_2026":20711.35,"inspection_date":"2025-08-12 00:00:00","location_status":"Placed on exact national road host link"}},{"type":"Feature","id":"bridge-23","geometry":{"type":"Point","coordinates":[32.510405,0.135803]},"properties":{"structure_type":"Bridges","bridge_no":"B273","bridge_nam":"Ziiru Overbridge 2","link_no":"M3_Link01","link_name":"Kampala - Entebbe Expressway","road_no":"M3","road_class":"M","district":"","region":"Central","station":"Kampala","surface_ty":"Paved","river":"Road Over Road","chainage_km":21.164,"bridge_len":null,"bridge_wid":null,"no_of_spans":"","overall_rating":7,"condition":"Good","status":"","recommended_intervention":"","priority_score":0,"aadt_2026":20711.35,"inspection_date":"2025-08-23 00:00:00","location_status":"Placed on exact national road host link"}},{"type":"Feature","id":"bridge-24","geometry":{"type":"Point","coordinates":[30.39366,0.643257]},"properties":{"structure_type":"Bridges","bridge_no":"B013","bridge_nam":"Mpanga","link_no":"A005_Link10","link_name":"Kyenjojo - Rugombe - Fortportal","road_no":"A005","road_class":"A","district":"09","region":"Western","station":"Fort Portal","surface_ty":"Paved","river":"Mpanga","chainage_km":266.129,"bridge_len":26.98,"bridge_wid":10.3,"no_of_spans":3,"overall_rating":7,"condition":"Good","status":"Operational","recommended_intervention":"Routine Maintenance","priority_score":56.8,"aadt_2026":3674.32,"inspection_date":"2022-03-16","location_status":"Placed on exact national road host link"}},{"type":"Feature","id":"bridge-25","geometry":{"type":"Point","coordinates":[32.51892,0.31555]},"properties":{"structure_type":"Bridges","bridge_no":"B132","bridge_nam":"Kajjansi Interchange Kee B11","link_no":"M3_Link01","link_name":"Kampala - Entebbe Expressway","road_no":"M3","road_class":"M","district":0,"region":"Central","station":"Kampala","surface_ty":"Paved","river":0,"chainage_km":0,"bridge_len":0,"bridge_wid":0,"no_of_spans":0,"overall_rating":6,"condition":"Satisfactory","status":"","recommended_intervention":"","priority_score":0,"aadt_2026":20711.35,"inspection_date":"2025-08-12 00:00:00","location_status":"Placed on exact national road host link"}},{"type":"Feature","id":"bridge-26","geometry":{"type":"Point","coordinates":[32.51892,0.31555]},"properties":{"structure_type":"Bridges","bridge_no":"B133","bridge_nam":"Nambigirwa Bridge 1","link_no":"M3_Link01","link_name":"Kampala - Entebbe Expressway","road_no":"M3","road_class":"M","district":0,"region":"Central","station":"Kampala","surface_ty":"Paved","river":0,"chainage_km":0,"bridge_len":0,"bridge_wid":0,"no_of_spans":0,"overall_rating":6,"condition":"Satisfactory","status":"","recommended_intervention":"","priority_score":0,"aadt_2026":20711.35,"inspection_date":"2025-08-24 00:00:00","location_status":"Placed on exact national road host link"}},{"type":"Feature","id":"bridge-27","geometry":{"type":"Point","coordinates":[30.297238,0.65954]},"properties":{"structure_type":"Bridges","bridge_no":"B014","bridge_nam":"Mpanga","link_no":"C542_Link01","link_name":"Fortportal - Kijura - Kabende Bridge-Sogahe-Kyarusozi","road_no":"C542","road_class":"C","district":"?","region":"Western","station":"Fort Portal","surface_ty":"Unpaved","river":"Mpanga River","chainage_km":0.272,"bridge_len":16.4,"bridge_wid":7.2,"no_of_spans":"4","overall_rating":1,"condition":"Critical","status":"Operational","recommended_intervention":"Bridge Replacement","priority_score":410,"aadt_2026":1151.09,"inspection_date":"2021-11-03","location_status":"Placed on exact national road host link"}},{"type":"Feature","id":"bridge-28","geometry":{"type":"Point","coordinates":[32.529725,0.208645]},"properties":{"structure_type":"Bridges","bridge_no":"B375","bridge_nam":"Kajjansi Overbridge 1 Kee B11","link_no":"M3_Link01","link_name":"Kampala - Entebbe Expressway","road_no":"M3","road_class":"M","district":"09","region":"Central","station":"Kampala","surface_ty":"Paved","river":"Mpanga River","chainage_km":12.623,"bridge_len":15,"bridge_wid":7.80000019073486,"no_of_spans":2,"overall_rating":5,"condition":"Fair","status":"","recommended_intervention":"","priority_score":0,"aadt_2026":20711.35,"inspection_date":"2025-08-12 00:00:00","location_status":"Placed on exact national road host link"}},{"type":"Feature","id":"bridge-29","geometry":{"type":"Point","coordinates":[32.51145,0.126609]},"properties":{"structure_type":"Bridges","bridge_no":"B633","bridge_nam":"Nambigirwa Bridge 2","link_no":"M3_Link01","link_name":"Kampala - Entebbe Expressway","road_no":"M3","road_class":"M","district":"09","region":"Central","station":"Kampala","surface_ty":"Paved","river":"Mpanga River","chainage_km":13.419,"bridge_len":15,"bridge_wid":7.80000019073486,"no_of_spans":2,"overall_rating":5,"condition":"Fair","status":"","recommended_intervention":"","priority_score":0,"aadt_2026":20711.35,"inspection_date":"2025-08-25 00:00:00","location_status":"Placed on exact national road host link"}},{"type":"Feature","id":"bridge-30","geometry":{"type":"Point","coordinates":[30.277909,0.657052]},"properties":{"structure_type":"Bridges","bridge_no":"B015","bridge_nam":"Mpanga","link_no":"A005_Link10","link_name":"Kyenjojo - Rugombe - Fortportal","road_no":"A005","road_class":"A","district":"09","region":"Western","station":"Fort Portal","surface_ty":"Paved","river":"Mpanga River","chainage_km":282.433,"bridge_len":15,"bridge_wid":7.8,"no_of_spans":2,"overall_rating":5,"condition":"Good","status":"Operational","recommended_intervention":"Preventive Repair","priority_score":114,"aadt_2026":3674.32,"inspection_date":"2022-03-16","location_status":"Placed on exact national road host link"}},{"type":"Feature","id":"bridge-31","geometry":{"type":"Point","coordinates":[32.528892,0.20514]},"properties":{"structure_type":"Bridges","bridge_no":"B721","bridge_nam":"Kajjansi Overbridge 2 Kee B12","link_no":"M3_Link01","link_name":"Kampala - Entebbe Expressway","road_no":"M3","road_class":"M","district":"09","region":"Central","station":"Kampala","surface_ty":"Paved","river":"RWIMI","chainage_km":13.025,"bridge_len":15.6999998092651,"bridge_wid":7.80000019073486,"no_of_spans":1,"overall_rating":7,"condition":"Good","status":"","recommended_intervention":"","priority_score":0,"aadt_2026":20711.35,"inspection_date":"2025-08-12 00:00:00","location_status":"Placed on exact national road host link"}},{"type":"Feature","id":"bridge-32","geometry":{"type":"Point","coordinates":[33.270755,3.091984]},"properties":{"structure_type":"Bridges","bridge_no":"B722","bridge_nam":"Mpalla 1","link_no":"C677_Link02","link_name":"Kalongo - Kitgum Matidi","road_no":"C677","road_class":"C","district":"09","region":"Northern","station":"Kitgum","surface_ty":"Unpaved","river":"RWIMI","chainage_km":45.533,"bridge_len":15.6999998092651,"bridge_wid":7.80000019073486,"no_of_spans":1,"overall_rating":7,"condition":"Good","status":"","recommended_intervention":"","priority_score":0,"aadt_2026":726.62,"inspection_date":"2025-08-26 00:00:00","location_status":"Placed on exact national road host link"}},{"type":"Feature","id":"bridge-33","geometry":{"type":"Point","coordinates":[30.211397,0.373341]},"properties":{"structure_type":"Bridges","bridge_no":"B016","bridge_nam":"Rwimi","link_no":"A005_Link11","link_name":"FortPortal - Rwimi(bridge)","road_no":"A005","road_class":"A","district":"09","region":"Western","station":"Fort Portal","surface_ty":"Paved","river":"RWIMI","chainage_km":327.701,"bridge_len":15.7,"bridge_wid":7.8,"no_of_spans":1,"overall_rating":3,"condition":"Poor","status":"Operational","recommended_intervention":"Major Rehabilitation","priority_score":283,"aadt_2026":5246.59,"inspection_date":"2022-03-16","location_status":"Placed on exact national road host link"}},{"type":"Feature","id":"bridge-34","geometry":{"type":"Point","coordinates":[32.527008,0.197212]},"properties":{"structure_type":"Bridges","bridge_no":"B723","bridge_nam":"Kajjansi Overbridge 3 Kee 13","link_no":"M3_Link01","link_name":"Kampala - Entebbe Expressway","road_no":"M3","road_class":"M","district":"09","region":"Central","station":"Kampala","surface_ty":"Paved","river":"Road Over Road","chainage_km":13.934,"bridge_len":15.3999996185303,"bridge_wid":8.30000019073486,"no_of_spans":1,"overall_rating":4,"condition":"Marginal","status":"","recommended_intervention":"","priority_score":0,"aadt_2026":20711.35,"inspection_date":"2025-08-12 00:00:00","location_status":"Placed on exact national road host link"}},{"type":"Feature","id":"bridge-35","geometry":{"type":"Point","coordinates":[34.91421,2.317555]},"properties":{"structure_type":"Bridges","bridge_no":"B017","bridge_nam":"Mpalla 2","link_no":"C963_Link02","link_name":"Lokitanyara-Loro-Amudat","road_no":"C963","road_class":"C","district":"09","region":"North Eastern","station":"Moroto","surface_ty":"Unpaved","river":"","chainage_km":46.1,"bridge_len":15.4,"bridge_wid":8.3,"no_of_spans":1,"overall_rating":4,"condition":"Marginal","status":"","recommended_intervention":"","priority_score":0,"aadt_2026":126.84,"inspection_date":"2025-08-27 00:00:00","location_status":"Placed on exact national road host link"}},{"type":"Feature","id":"bridge-36","geometry":{"type":"Point","coordinates":[30.380972,0.132079]},"properties":{"structure_type":"Bridges","bridge_no":"B644","bridge_nam":"Nsonja","link_no":"C547_Link01","link_name":"Rwimi-Dura-Kamwenge","road_no":"C547","road_class":"C","district":"09","region":"Western","station":"Fort Portal","surface_ty":"Unpaved","river":"","chainage_km":46.1,"bridge_len":15.4,"bridge_wid":8.3,"no_of_spans":1,"overall_rating":5,"condition":"Good","status":"Operational","recommended_intervention":"Preventive Repair","priority_score":90,"aadt_2026":3312.86,"inspection_date":"2022-12-03","location_status":"Placed on exact national road host link"}},{"type":"Feature","id":"bridge-37","geometry":{"type":"Point","coordinates":[30.117778,0.258476]},"properties":{"structure_type":"Bridges","bridge_no":"B767","bridge_nam":"Mubuku Bridge","link_no":"A005_Link13","link_name":"Mubuku - Kasese","road_no":"A005","road_class":"A","district":"08","region":"Southern","station":"Kasese","surface_ty":"Paved","river":"MUBUKU RIVER","chainage_km":346.19,"bridge_len":30.799999,"bridge_wid":10,"no_of_spans":2,"overall_rating":3,"condition":"Fair","status":"Operational","recommended_intervention":"Major Rehabilitation","priority_score":244,"aadt_2026":5246.59,"inspection_date":"2022-04-10","location_status":"Placed on exact national road host link"}},{"type":"Feature","id":"bridge-38","geometry":{"type":"Point","coordinates":[32.51194,0.105169]},"properties":{"structure_type":"Bridges","bridge_no":"B768","bridge_nam":"Mpalla 3","link_no":"M3Int4_S1","link_name":"Mpala Interchange Slip 1","road_no":"M3","road_class":"M","district":"08","region":"Central","station":"Kampala","surface_ty":"Paved","river":"MUBUKU RIVER","chainage_km":47.849,"bridge_len":30.7999992370605,"bridge_wid":10,"no_of_spans":2,"overall_rating":6,"condition":"Satisfactory","status":"","recommended_intervention":"","priority_score":0,"aadt_2026":20711.35,"inspection_date":"2025-08-28 00:00:00","location_status":"Placed on exact national road host link"}},{"type":"Feature","id":"bridge-39","geometry":{"type":"Point","coordinates":[30.117778,0.258476]},"properties":{"structure_type":"Bridges","bridge_no":"B018","bridge_nam":"Mubuku Bridge","link_no":"A005_Link13","link_name":"Mubuku - Kasese","road_no":"A005","road_class":"A","district":"08","region":"Southern","station":"Kasese","surface_ty":"Paved","river":"MUBUKU RIVER","chainage_km":346.19,"bridge_len":30.799999,"bridge_wid":10,"no_of_spans":2,"overall_rating":3,"condition":"Fair","status":"Operational","recommended_intervention":"Major Rehabilitation","priority_score":244,"aadt_2026":5246.59,"inspection_date":"2022-04-10","location_status":"Placed on exact national road host link"}},{"type":"Feature","id":"bridge-40","geometry":{"type":"Point","coordinates":[30.117351,0.252003]},"properties":{"structure_type":"Bridges","bridge_no":"B769","bridge_nam":"Mubuku","link_no":"A005_Link13","link_name":"Mubuku - Kasese","road_no":"A005","road_class":"A","district":"08","region":"Southern","station":"Kasese","surface_ty":"Paved","river":"RIVER MUBUKU","chainage_km":2.15,"bridge_len":14.4,"bridge_wid":9.85,"no_of_spans":1,"overall_rating":3,"condition":"Fair","status":"Operational","recommended_intervention":"Major Rehabilitation","priority_score":244,"aadt_2026":5246.59,"inspection_date":"2022-04-10","location_status":"Placed on exact national road host link"}},{"type":"Feature","id":"bridge-41","geometry":{"type":"Point","coordinates":[34.333296,2.579508]},"properties":{"structure_type":"Bridges","bridge_no":"B019","bridge_nam":"Lopei Irish Crossing","link_no":"B301_Link01","link_name":"Ariamoi - Kaladonapal - Kaperimoru","road_no":"B301","road_class":"B","district":"08","region":"North Eastern","station":"Kotido","surface_ty":"Unpaved","river":"RIVER MUBUKU","chainage_km":28.51,"bridge_len":14.3999996185303,"bridge_wid":9.85000038146973,"no_of_spans":1,"overall_rating":0,"condition":"No Data","status":"Development","recommended_intervention":"Routine Maintenance","priority_score":0,"aadt_2026":1147.52,"inspection_date":"2021-11-03","location_status":"Placed on exact national road host link"}},{"type":"Feature","id":"bridge-42","geometry":{"type":"Point","coordinates":[30.100704,0.191362]},"properties":{"structure_type":"Bridges","bridge_no":"B544","bridge_nam":"Nyamwamba Bridge","link_no":"A005_Link13","link_name":"Mubuku - Kasese","road_no":"A005","road_class":"A","district":"08","region":"Southern","station":"Kasese","surface_ty":"Paved","river":"NYAMWAMBA RIVER","chainage_km":354.33,"bridge_len":18.5,"bridge_wid":10.3,"no_of_spans":1,"overall_rating":7,"condition":"Good","status":"Operational","recommended_intervention":"Routine Maintenance","priority_score":41.2,"aadt_2026":5246.59,"inspection_date":"2022-04-10","location_status":"Placed on exact national road host link"}},{"type":"Feature","id":"bridge-43","geometry":{"type":"Point","coordinates":[34.34093,2.572513]},"properties":{"structure_type":"Bridges","bridge_no":"B020","bridge_nam":"Lopei Irish Crossing","link_no":"B301_Link01","link_name":"Ariamoi - Kaladonapal - Kaperimoru","road_no":"B301","road_class":"B","district":"08","region":"North Eastern","station":"Kotido","surface_ty":"Unpaved","river":"NYAMWAMBA RIVER","chainage_km":27.344,"bridge_len":18.5,"bridge_wid":10.3000001907349,"no_of_spans":1,"overall_rating":0,"condition":"No Data","status":"Development","recommended_intervention":"Routine Maintenance","priority_score":0,"aadt_2026":1147.52,"inspection_date":"2021-11-03","location_status":"Placed on exact national road host link"}},{"type":"Feature","id":"bridge-44","geometry":{"type":"Point","coordinates":[33.1872,0.435]},"properties":{"structure_type":"Bridges","bridge_no":"B387","bridge_nam":"Old Railway Bridge","link_no":"C023_Link01","link_name":"Old Njeru - Jinja","road_no":"C023","road_class":"C","district":"08","region":"Eastern","station":"Jinja","surface_ty":"Paved","river":"Nile","chainage_km":101.552,"bridge_len":13.7,"bridge_wid":9.9,"no_of_spans":2,"overall_rating":7,"condition":"Good","status":"","recommended_intervention":"","priority_score":0,"aadt_2026":5684.07,"inspection_date":"2022-03-11 00:00:00","location_status":"Placed on exact national road host link"}},{"type":"Feature","id":"bridge-45","geometry":{"type":"Point","coordinates":[34.222484,2.097629]},"properties":{"structure_type":"Bridges","bridge_no":"B021","bridge_nam":"Iriri Mpcs","link_no":"B303_Link03","link_name":"Iriri - Akisim (Lorengechora) - Ariamoi - Nadunget","road_no":"B303","road_class":"B","district":"08","region":"North Eastern","station":"Moroto","surface_ty":"Paved","river":"NYAMWAMBA","chainage_km":92.893,"bridge_len":13.6999998092651,"bridge_wid":9.89999961853027,"no_of_spans":2,"overall_rating":3,"condition":"Fair","status":"Development","recommended_intervention":"Major Rehabilitation","priority_score":236.2,"aadt_2026":2002.57,"inspection_date":"2021-11-03","location_status":"Placed on exact national road host link"}},{"type":"Feature","id":"bridge-46","geometry":{"type":"Point","coordinates":[29.72021,0.04122]},"properties":{"structure_type":"Bridges","bridge_no":"B022","bridge_nam":"Mpondwe Bridge","link_no":"A005_Link15","link_name":"Kikorongo - Bwera - Mpondwe","road_no":"A005","road_class":"A","district":"08","region":"Southern","station":"Kasese","surface_ty":"Paved","river":"RUBIRIHA RIVER","chainage_km":417.336,"bridge_len":21.200001,"bridge_wid":10,"no_of_spans":1,"overall_rating":7,"condition":"Good","status":"Operational","recommended_intervention":"Routine Maintenance","priority_score":31.2,"aadt_2026":5246.59,"inspection_date":"2022-02-14","location_status":"Placed on exact national road host link"}},{"type":"Feature","id":"bridge-47","geometry":{"type":"Point","coordinates":[34.339568,1.002206]},"properties":{"structure_type":"Bridges","bridge_no":"B388","bridge_nam":"Bunamubi Bridge","link_no":"C867_Link02","link_name":"Bubulo-Bududa Circle road","road_no":"C867","road_class":"C","district":"01","region":"Eastern","station":"Mbale","surface_ty":"Unpaved","river":"SEZIBWA","chainage_km":43.266,"bridge_len":43.2,"bridge_wid":7.2,"no_of_spans":1,"overall_rating":7,"condition":"Good","status":"","recommended_intervention":"","priority_score":0,"aadt_2026":1588.56,"inspection_date":"2021-11-03 00:00:00","location_status":"Placed on exact national road host link"}},{"type":"Feature","id":"bridge-48","geometry":{"type":"Point","coordinates":[32.412008,1.335146]},"properties":{"structure_type":"Bridges","bridge_no":"B023","bridge_nam":"Kafu Bridge","link_no":"A006_Link06","link_name":"Nakasongola - Kafu","road_no":"A006","road_class":"A","district":"05","region":"Central","station":"Luwero","surface_ty":"Paved","river":"River Kafu","chainage_km":117.21,"bridge_len":73.7,"bridge_wid":9.8,"no_of_spans":"3","overall_rating":7,"condition":"Good","status":"Operational","recommended_intervention":"Routine Maintenance","priority_score":56.8,"aadt_2026":3799.64,"inspection_date":"","location_status":"Placed on exact national road host link"}},{"type":"Feature","id":"bridge-49","geometry":{"type":"Point","coordinates":[33.1855,0.4439]},"properties":{"structure_type":"Bridges","bridge_no":"B389","bridge_nam":"Nalubaale Dam / Owen Falls","link_no":"C023_Link01","link_name":"Old Njeru - Jinja","road_no":"C023","road_class":"C","district":"","region":"Eastern","station":"Jinja","surface_ty":"Unpaved","river":"Nile","chainage_km":0.338,"bridge_len":30.6,"bridge_wid":6,"no_of_spans":0,"overall_rating":7,"condition":"Good","status":"","recommended_intervention":"","priority_score":0,"aadt_2026":4005.53,"inspection_date":"2021-11-03 00:00:00","location_status":"Placed on exact national road host link"}},{"type":"Feature","id":"bridge-50","geometry":{"type":"Point","coordinates":[32.020889,1.826092]},"properties":{"structure_type":"Bridges","bridge_no":"B024","bridge_nam":"Titi","link_no":"A006_Link08","link_name":"Kigumba - Karuma","road_no":"A006","road_class":"A","district":"11","region":"Western","station":"Masindi","surface_ty":"Paved","river":"Titi Swamp river","chainage_km":33.664,"bridge_len":12,"bridge_wid":9.8,"no_of_spans":1,"overall_rating":5,"condition":"Good","status":"Operational","recommended_intervention":"Preventive Repair","priority_score":114,"aadt_2026":5217.12,"inspection_date":"2022-02-22","location_status":"Placed on exact national road host link"}},{"type":"Feature","id":"bridge-51","geometry":{"type":"Point","coordinates":[33.547611,2.722019]},"properties":{"structure_type":"Bridges","bridge_no":"B890","bridge_nam":"Agago Irish Crossing","link_no":"B302_Link02","link_name":"Abim - Kilak","road_no":"B302","road_class":"B","district":"08","region":"Northern","station":"Kitgum","surface_ty":"Unpaved","river":"RIVER MUBUKU","chainage_km":38.938,"bridge_len":14.3999996185303,"bridge_wid":9.85000038146973,"no_of_spans":1,"overall_rating":0,"condition":"No Data","status":"Development","recommended_intervention":"Routine Maintenance","priority_score":0,"aadt_2026":861.37,"inspection_date":"2009-05-22","location_status":"Placed on exact national road host link"}},{"type":"Feature","id":"bridge-52","geometry":{"type":"Point","coordinates":[32.239732,2.242655]},"properties":{"structure_type":"Bridges","bridge_no":"B025","bridge_nam":"Karuma Bridge","link_no":"A006_Link09","link_name":"Karuma - Kamdini","road_no":"A006","road_class":"A","district":"13","region":"Northern","station":"Gulu","surface_ty":"Paved","river":"WHITE NILE","chainage_km":32.053,"bridge_len":86,"bridge_wid":8.27,"no_of_spans":3,"overall_rating":1,"condition":"Critical","status":"Operational","recommended_intervention":"Bridge Replacement","priority_score":530,"aadt_2026":3753.67,"inspection_date":"2022-03-14","location_status":"Placed on exact national road host link"}},{"type":"Feature","id":"bridge-53","geometry":{"type":"Point","coordinates":[30.101702,0.321817]},"properties":{"structure_type":"Bridges","bridge_no":"B557","bridge_nam":"Kitekena","link_no":"C510_Link01","link_name":"Mubuku-Maliba-Nyakalingijo","road_no":"C510","road_class":"C","district":"","region":"Southern","station":"Kasese","surface_ty":"Unpaved","river":"","chainage_km":10.125,"bridge_len":6.7,"bridge_wid":4,"no_of_spans":1,"overall_rating":0,"condition":"No Data","status":"Development","recommended_intervention":"Routine Maintenance","priority_score":0,"aadt_2026":1287.6,"inspection_date":"2021-11-03","location_status":"Placed on exact national road host link"}},{"type":"Feature","id":"bridge-54","geometry":{"type":"Point","coordinates":[34.170111,0.827451]},"properties":{"structure_type":"Bridges","bridge_no":"B026","bridge_nam":"Magodes","link_no":"A007_Link02","link_name":"Tororo - Magodes - Nabumali","road_no":"A007","road_class":"A","district":"18","region":"Eastern","station":"Tororo","surface_ty":"Paved","river":"Magodes","chainage_km":116.766,"bridge_len":7,"bridge_wid":9.5,"no_of_spans":1,"overall_rating":5,"condition":"Good","status":"Operational","recommended_intervention":"Preventive Repair","priority_score":140,"aadt_2026":23460.74,"inspection_date":"2023-05-11","location_status":"Placed on exact national road host link"}},{"type":"Feature","id":"bridge-55","geometry":{"type":"Point","coordinates":[34.158517,0.939491]},"properties":{"structure_type":"Bridges","bridge_no":"B770","bridge_nam":"Manafwa","link_no":"A007_Link02","link_name":"Tororo - Magodes - Nabumali","road_no":"A007","road_class":"A","district":"","region":"Eastern","station":"Tororo","surface_ty":"Paved","river":"River Manafwa","chainage_km":32.058,"bridge_len":7.45,"bridge_wid":4.55,"no_of_spans":"","overall_rating":1,"condition":"Critical","status":"Development","recommended_intervention":"Bridge Replacement","priority_score":431.2,"aadt_2026":23460.74,"inspection_date":"2019-01-31","location_status":"Placed on exact national road host link"}},{"type":"Feature","id":"bridge-56","geometry":{"type":"Point","coordinates":[34.172568,1.108766]},"properties":{"structure_type":"Bridges","bridge_no":"B028","bridge_nam":"Namatala","link_no":"A007_Link04","link_name":"Mbale - Namunsi - Kumi","road_no":"A007","road_class":"A","district":"19","region":"Eastern","station":"Mbale","surface_ty":"Paved","river":"NAMATALA","chainage_km":1.427,"bridge_len":9.5,"bridge_wid":6.5,"no_of_spans":1,"overall_rating":5,"condition":"Good","status":"Operational","recommended_intervention":"Preventive Repair","priority_score":114,"aadt_2026":10667.71,"inspection_date":"2023-06-20","location_status":"Placed on exact national road host link"}},{"type":"Feature","id":"bridge-57","geometry":{"type":"Point","coordinates":[30.567479,-0.996403]},"properties":{"structure_type":"Bridges","bridge_no":"B875","bridge_nam":"Kabobo - Mpcs","link_no":"C419_Link01","link_name":"Kafunzo-Kikagati","road_no":"C419","road_class":"C","district":"18","region":"Southern","station":"Mbarara","surface_ty":"Unpaved","river":"NANGIPA","chainage_km":18.218,"bridge_len":5.2,"bridge_wid":4.42,"no_of_spans":1,"overall_rating":3,"condition":"Fair","status":"Development","recommended_intervention":"Major Rehabilitation","priority_score":190,"aadt_2026":5978.82,"inspection_date":"2009-05-22","location_status":"Placed on exact national road host link"}},{"type":"Feature","id":"bridge-58","geometry":{"type":"Point","coordinates":[34.176178,1.072826]},"properties":{"structure_type":"Bridges","bridge_no":"B029","bridge_nam":"Fika-Salaama","link_no":"A007_Link04","link_name":"Mbale - Namunsi - Kumi","road_no":"A007","road_class":"A","district":"19","region":"Eastern","station":"Mbale","surface_ty":"Paved","river":"LWERE","chainage_km":48,"bridge_len":4.2,"bridge_wid":8.4,"no_of_spans":1,"overall_rating":3,"condition":"Fair","status":"Operational","recommended_intervention":"Major Rehabilitation","priority_score":244,"aadt_2026":10667.71,"inspection_date":"2023-06-20","location_status":"Placed on exact national road host link"}},{"type":"Feature","id":"bridge-59","geometry":{"type":"Point","coordinates":[30.886008,0.126361]},"properties":{"structure_type":"Bridges","bridge_no":"B879","bridge_nam":"Nyabisheke - Mpcs","link_no":"C357_Link01","link_name":"Muzizi-Buremba","road_no":"C357","road_class":"C","district":"19","region":"Southern","station":"Ibanda","surface_ty":"Unpaved","river":"LWERE","chainage_km":48,"bridge_len":4.19999980926514,"bridge_wid":8.39999961853027,"no_of_spans":1,"overall_rating":1,"condition":"Critical","status":"Development","recommended_intervention":"Bridge Replacement","priority_score":354,"aadt_2026":2213.75,"inspection_date":"2021-11-03","location_status":"Placed on exact national road host link"}},{"type":"Feature","id":"bridge-60","geometry":{"type":"Point","coordinates":[33.737146,1.667837]},"properties":{"structure_type":"Bridges","bridge_no":"B030","bridge_nam":"Awoja","link_no":"A007_Link05","link_name":"Kumi - Soroti","road_no":"A007","road_class":"A","district":"20","region":"North Eastern","station":"Soroti","surface_ty":"Paved","river":"AWOJA","chainage_km":16.643,"bridge_len":60,"bridge_wid":10.6,"no_of_spans":3,"overall_rating":7,"condition":"Good","status":"Operational","recommended_intervention":"Routine Maintenance","priority_score":41.2,"aadt_2026":8890.71,"inspection_date":"2023-05-11","location_status":"Placed on exact national road host link"}},{"type":"Feature","id":"bridge-61","geometry":{"type":"Point","coordinates":[30.607077,-0.108781]},"properties":{"structure_type":"Bridges","bridge_no":"B399","bridge_nam":"Ekyambu - Mpcc","link_no":"C356_Link01","link_name":"Ibanda-Kanoni-Kazo","road_no":"C356","road_class":"C","district":"01","region":"Southern","station":"Ibanda","surface_ty":"Paved","river":"","chainage_km":13.4,"bridge_len":21,"bridge_wid":10,"no_of_spans":2,"overall_rating":1,"condition":"Critical","status":"Development","recommended_intervention":"Bridge Replacement","priority_score":346,"aadt_2026":2213.75,"inspection_date":"2018-03-19","location_status":"Placed on exact national road host link"}},{"type":"Feature","id":"bridge-62","geometry":{"type":"Point","coordinates":[32.342558,2.227382]},"properties":{"structure_type":"Bridges","bridge_no":"B031","bridge_nam":"Tochi Bridge","link_no":"A007_Link10","link_name":"Ayer - Kamdini","road_no":"A007","road_class":"A","district":"12","region":"Northern","station":"Lira","surface_ty":"Paved","river":"TOCHI RIVER","chainage_km":339.331,"bridge_len":31.200001,"bridge_wid":9.84,"no_of_spans":1,"overall_rating":5,"condition":"Good","status":"Operational","recommended_intervention":"Preventive Repair","priority_score":114,"aadt_2026":3127.56,"inspection_date":"2022-04-28","location_status":"Placed on exact national road host link"}},{"type":"Feature","id":"bridge-63","geometry":{"type":"Point","coordinates":[34.559105,1.953339]},"properties":{"structure_type":"Bridges","bridge_no":"B401","bridge_nam":"Nakironget Irish Crossing","link_no":"C960_Link01","link_name":"Angatun-Nabilatuk-Lokapel","road_no":"C960","road_class":"C","district":"01","region":"North Eastern","station":"Moroto","surface_ty":"Unpaved","river":"River Nakironget","chainage_km":13.4,"bridge_len":21,"bridge_wid":10,"no_of_spans":2,"overall_rating":0,"condition":"No Data","status":"Development","recommended_intervention":"Routine Maintenance","priority_score":0,"aadt_2026":1323.61,"inspection_date":"2009-05-22","location_status":"Placed on exact national road host link"}},{"type":"Feature","id":"bridge-64","geometry":{"type":"Point","coordinates":[31.507183,2.459826]},"properties":{"structure_type":"Bridges","bridge_no":"B032","bridge_nam":"Albert Nile Bridge","link_no":"A008_Link03","link_name":"Packwach - Nebbi","road_no":"A008","road_class":"A","district":"16","region":"Northern","station":"Arua","surface_ty":"Paved","river":"ALBERT NILE","chainage_km":106.199,"bridge_len":241.899994,"bridge_wid":11,"no_of_spans":3,"overall_rating":7,"condition":"Good","status":"Operational","recommended_intervention":"Routine Maintenance","priority_score":41.2,"aadt_2026":2895.11,"inspection_date":"2022-04-01","location_status":"Placed on exact national road host link"}},{"type":"Feature","id":"bridge-65","geometry":{"type":"Point","coordinates":[34.56141,1.92599]},"properties":{"structure_type":"Bridges","bridge_no":"B402","bridge_nam":"Lolachat Irish Crossing/Splash","link_no":"C960_Link01","link_name":"Angatun-Nabilatuk-Lokapel","road_no":"C960","road_class":"C","district":"01","region":"North Eastern","station":"Moroto","surface_ty":"Unpaved","river":"Lolachat River","chainage_km":10.253,"bridge_len":35.2,"bridge_wid":10,"no_of_spans":2,"overall_rating":0,"condition":"No Data","status":"Development","recommended_intervention":"Routine Maintenance","priority_score":0,"aadt_2026":1323.61,"inspection_date":"2009-05-22","location_status":"Placed on exact national road host link"}},{"type":"Feature","id":"bridge-66","geometry":{"type":"Point","coordinates":[31.188496,2.469222]},"properties":{"structure_type":"Bridges","bridge_no":"B033","bridge_nam":"Achwera Bridge","link_no":"A008_Link03","link_name":"Packwach - Nebbi","road_no":"A008","road_class":"A","district":"16","region":"Northern","station":"Arua","surface_ty":"Paved","river":"ACHWERA","chainage_km":147.1,"bridge_len":16.5,"bridge_wid":9.9,"no_of_spans":1,"overall_rating":5,"condition":"Good","status":"Operational","recommended_intervention":"Preventive Repair","priority_score":140,"aadt_2026":2895.11,"inspection_date":"2022-04-01","location_status":"Placed on exact national road host link"}},{"type":"Feature","id":"bridge-67","geometry":{"type":"Point","coordinates":[34.583719,1.861837]},"properties":{"structure_type":"Bridges","bridge_no":"B888","bridge_nam":"Nabilatuk Irish Crossing","link_no":"C960_Link01","link_name":"Angatun-Nabilatuk-Lokapel","road_no":"C960","road_class":"C","district":"11","region":"North Eastern","station":"Moroto","surface_ty":"Unpaved","river":"MAIRIRWE","chainage_km":2.12,"bridge_len":17.1000003814697,"bridge_wid":3.97000002861023,"no_of_spans":1,"overall_rating":0,"condition":"No Data","status":"Development","recommended_intervention":"Routine Maintenance","priority_score":0,"aadt_2026":1323.61,"inspection_date":"2009-05-22","location_status":"Placed on exact national road host link"}},{"type":"Feature","id":"bridge-68","geometry":{"type":"Point","coordinates":[31.168052,2.484182]},"properties":{"structure_type":"Bridges","bridge_no":"B034","bridge_nam":"Akaba Bridge","link_no":"A008_Link03","link_name":"Packwach - Nebbi","road_no":"A008","road_class":"A","district":"16","region":"Northern","station":"Arua","surface_ty":"Paved","river":"AKABA RIVER","chainage_km":150.1,"bridge_len":11.48,"bridge_wid":9.9,"no_of_spans":1,"overall_rating":5,"condition":"Good","status":"Operational","recommended_intervention":"Preventive Repair","priority_score":140,"aadt_2026":2895.11,"inspection_date":"2022-02-15","location_status":"Placed on exact national road host link"}},{"type":"Feature","id":"bridge-69","geometry":{"type":"Point","coordinates":[31.149975,2.488967]},"properties":{"structure_type":"Bridges","bridge_no":"B035","bridge_nam":"Nyarwodho Bridge","link_no":"A008_Link03","link_name":"Packwach - Nebbi","road_no":"A008","road_class":"A","district":"16","region":"Northern","station":"Arua","surface_ty":"Paved","river":"NYARWODHO","chainage_km":152.2,"bridge_len":11.5,"bridge_wid":9.9,"no_of_spans":1,"overall_rating":7,"condition":"Good","status":"Operational","recommended_intervention":"Routine Maintenance","priority_score":56.8,"aadt_2026":2895.11,"inspection_date":"2022-02-17","location_status":"Placed on exact national road host link"}},{"type":"Feature","id":"bridge-70","geometry":{"type":"Point","coordinates":[31.089761,2.515232]},"properties":{"structure_type":"Bridges","bridge_no":"B036","bridge_nam":"Namthin Bridge","link_no":"A008_Link04","link_name":"Nebbi - Eruba","road_no":"A008","road_class":"A","district":"16","region":"Northern","station":"Arua","surface_ty":"Paved","river":"NAMTHIN RIVER","chainage_km":163.7,"bridge_len":16.35,"bridge_wid":9.9,"no_of_spans":1,"overall_rating":7,"condition":"Good","status":"Operational","recommended_intervention":"Routine Maintenance","priority_score":41.2,"aadt_2026":1723.32,"inspection_date":"2022-02-18","location_status":"Placed on exact national road host link"}},{"type":"Feature","id":"bridge-71","geometry":{"type":"Point","coordinates":[31.14069,2.6556]},"properties":{"structure_type":"Bridges","bridge_no":"B037","bridge_nam":"Ora Bridge","link_no":"A008_Link04","link_name":"Nebbi - Eruba","road_no":"A008","road_class":"A","district":"16","region":"Northern","station":"Arua","surface_ty":"Paved","river":"ORA RIVER","chainage_km":181.8,"bridge_len":44.27,"bridge_wid":9.7,"no_of_spans":1,"overall_rating":7,"condition":"Good","status":"Operational","recommended_intervention":"Routine Maintenance","priority_score":56.8,"aadt_2026":1723.32,"inspection_date":"2022-03-09","location_status":"Placed on exact national road host link"}},{"type":"Feature","id":"bridge-72","geometry":{"type":"Point","coordinates":[30.99522,2.824566]},"properties":{"structure_type":"Bridges","bridge_no":"B038","bridge_nam":"Aguyi Bridge","link_no":"A008_Link04","link_name":"Nebbi - Eruba","road_no":"A008","road_class":"A","district":"16","region":"Northern","station":"Arua","surface_ty":"Paved","river":"AGUYI RIVER","chainage_km":208,"bridge_len":16.450001,"bridge_wid":9.9,"no_of_spans":1,"overall_rating":7,"condition":"Good","status":"Operational","recommended_intervention":"Routine Maintenance","priority_score":41.2,"aadt_2026":1723.32,"inspection_date":"2022-02-19","location_status":"Placed on exact national road host link"}},{"type":"Feature","id":"bridge-73","geometry":{"type":"Point","coordinates":[30.984172,2.859082]},"properties":{"structure_type":"Bridges","bridge_no":"B039","bridge_nam":"Ozuva Bridge","link_no":"A008_Link04","link_name":"Nebbi - Eruba","road_no":"A008","road_class":"A","district":"16","region":"Northern","station":"Arua","surface_ty":"Paved","river":"OZUVA","chainage_km":212.1,"bridge_len":9.4,"bridge_wid":9.8,"no_of_spans":1,"overall_rating":7,"condition":"Good","status":"Operational","recommended_intervention":"Routine Maintenance","priority_score":41.2,"aadt_2026":1723.32,"inspection_date":"2022-04-01","location_status":"Placed on exact national road host link"}},{"type":"Feature","id":"bridge-74","geometry":{"type":"Point","coordinates":[30.981932,2.875703]},"properties":{"structure_type":"Bridges","bridge_no":"B040","bridge_nam":"Wiki Bridge","link_no":"A008_Link04","link_name":"Nebbi - Eruba","road_no":"A008","road_class":"A","district":"16","region":"Northern","station":"Arua","surface_ty":"Paved","river":"WIKI","chainage_km":214.1,"bridge_len":16.5,"bridge_wid":9.9,"no_of_spans":1,"overall_rating":7,"condition":"Good","status":"Operational","recommended_intervention":"Routine Maintenance","priority_score":56.8,"aadt_2026":1723.32,"inspection_date":"2022-04-02","location_status":"Placed on exact national road host link"}},{"type":"Feature","id":"bridge-75","geometry":{"type":"Point","coordinates":[31.917754,0.811415]},"properties":{"structure_type":"Bridges","bridge_no":"B041","bridge_nam":"Kayirila Bridge","link_no":"A009_Link03","link_name":"Busunju - Kiboga - Lwamata","road_no":"A009","road_class":"A","district":"01","region":"Central","station":"Kampala","surface_ty":"Paved","river":"KAYIRIIRA RIVER","chainage_km":97.864,"bridge_len":5.2,"bridge_wid":9.3,"no_of_spans":1,"overall_rating":5,"condition":"Good","status":"Operational","recommended_intervention":"Preventive Repair","priority_score":114,"aadt_2026":10893.97,"inspection_date":"","location_status":"Placed on exact national road host link"}},{"type":"Feature","id":"bridge-76","geometry":{"type":"Point","coordinates":[33.73775,0.966936]},"properties":{"structure_type":"Bridges","bridge_no":"B042","bridge_nam":"Mpologoma","link_no":"A012_Link01","link_name":"Nakalama - Namutumba - Mpologoma bridge","road_no":"A012","road_class":"A","district":"15","region":"Eastern","station":"Jinja","surface_ty":"Paved","river":"MPOLOGOMA","chainage_km":46.3,"bridge_len":33.639999,"bridge_wid":10.7,"no_of_spans":2,"overall_rating":7,"condition":"Good","status":"Operational","recommended_intervention":"Routine Maintenance","priority_score":56.8,"aadt_2026":27494.19,"inspection_date":"2023-05-11","location_status":"Placed on exact national road host link"}},{"type":"Feature","id":"bridge-77","geometry":{"type":"Point","coordinates":[30.704986,-0.085684]},"properties":{"structure_type":"Bridges","bridge_no":"B043","bridge_nam":"Rushango-Bridge","link_no":"C356_Link01","link_name":"Ibanda-Kanoni-Kazo","road_no":"C356","road_class":"C","district":"06","region":"Southern","station":"Ibanda","surface_ty":"Paved","river":"RUSHANGO RIVER","chainage_km":25.7,"bridge_len":31.65,"bridge_wid":11.35,"no_of_spans":1,"overall_rating":7,"condition":"Good","status":"Operational","recommended_intervention":"Routine Maintenance","priority_score":34,"aadt_2026":2213.75,"inspection_date":"2022-04-10","location_status":"Placed on exact national road host link"}},{"type":"Feature","id":"bridge-78","geometry":{"type":"Point","coordinates":[30.461584,0.100458]},"properties":{"structure_type":"Bridges","bridge_no":"B044","bridge_nam":"Mpanga - Bridge","link_no":"B150_Link03","link_name":"Ibanda - Muziza - Kamwenge","road_no":"B150","road_class":"B","district":"06","region":"Southern","station":"Ibanda","surface_ty":"Paved","river":"","chainage_km":97.499,"bridge_len":11.5,"bridge_wid":4.5,"no_of_spans":"1","overall_rating":7,"condition":"Good","status":"Development","recommended_intervention":"Routine Maintenance","priority_score":44.5,"aadt_2026":3474.98,"inspection_date":"2022-04-14","location_status":"Placed on exact national road host link"}},{"type":"Feature","id":"bridge-79","geometry":{"type":"Point","coordinates":[30.091465,-0.258862]},"properties":{"structure_type":"Bridges","bridge_no":"B047","bridge_nam":"Katunguru Bridge","link_no":"B152_Link03","link_name":"Ishaka - Buhinda - Rugazi","road_no":"B152","road_class":"B","district":"08","region":"Southern","station":"Mbarara","surface_ty":"Paved","river":"KAZINGA CHANNEL","chainage_km":90,"bridge_len":60.77,"bridge_wid":8,"no_of_spans":3,"overall_rating":7,"condition":"Good","status":"Operational","recommended_intervention":"Routine Maintenance","priority_score":51.4,"aadt_2026":5684.07,"inspection_date":"2022-03-14","location_status":"Placed on exact national road host link"}},{"type":"Feature","id":"bridge-80","geometry":{"type":"Point","coordinates":[30.72323,0.746319]},"properties":{"structure_type":"Bridges","bridge_no":"B048","bridge_nam":"Muzizi","link_no":"B202_Link01","link_name":"Kyenjojo - Katoke - R. Muzizi","road_no":"B202","road_class":"B","district":"10","region":"Western","station":"Fort Portal","surface_ty":"Paved","river":"MUZIZI","chainage_km":20.07,"bridge_len":40.779999,"bridge_wid":9.65,"no_of_spans":2,"overall_rating":7,"condition":"Good","status":"","recommended_intervention":"","priority_score":0,"aadt_2026":1258.13,"inspection_date":"2022-03-11 00:00:00","location_status":"Placed on exact national road host link"}},{"type":"Feature","id":"bridge-81","geometry":{"type":"Point","coordinates":[30.994662,1.129791]},"properties":{"structure_type":"Bridges","bridge_no":"B049","bridge_nam":"Nkusi","link_no":"B202_Link03","link_name":"Kagadi - Mabale - Kabwoya","road_no":"B202","road_class":"B","district":"10","region":"Western","station":"Hoima","surface_ty":"Paved","river":"NKUSI","chainage_km":70.605,"bridge_len":21.1,"bridge_wid":11.05,"no_of_spans":1,"overall_rating":7,"condition":"Good","status":"Operational","recommended_intervention":"Routine Maintenance","priority_score":51.4,"aadt_2026":1069.38,"inspection_date":"2022-03-11","location_status":"Placed on exact national road host link"}},{"type":"Feature","id":"bridge-82","geometry":{"type":"Point","coordinates":[34.270291,1.244165]},"properties":{"structure_type":"Bridges","bridge_no":"B050","bridge_nam":"Rwere","link_no":"B300_Link01","link_name":"Namunsi - Sironko","road_no":"B300","road_class":"B","district":"19","region":"Eastern","station":"Mbale","surface_ty":"Paved","river":"RWERE","chainage_km":21.5,"bridge_len":7,"bridge_wid":7.8,"no_of_spans":1,"overall_rating":5,"condition":"Good","status":"Operational","recommended_intervention":"Preventive Repair","priority_score":102,"aadt_2026":5887.29,"inspection_date":"2023-06-20","location_status":"Placed on exact national road host link"}},{"type":"Feature","id":"bridge-83","geometry":{"type":"Point","coordinates":[34.223952,1.211618]},"properties":{"structure_type":"Bridges","bridge_no":"B051","bridge_nam":"Sironko","link_no":"B300_Link01","link_name":"Namunsi - Sironko","road_no":"B300","road_class":"B","district":"19","region":"Eastern","station":"Mbale","surface_ty":"Paved","river":"SIRONKO","chainage_km":14.917,"bridge_len":20,"bridge_wid":10,"no_of_spans":1,"overall_rating":5,"condition":"Good","status":"Operational","recommended_intervention":"Preventive Repair","priority_score":125,"aadt_2026":5887.29,"inspection_date":"2023-06-20","location_status":"Placed on exact national road host link"}},{"type":"Feature","id":"bridge-84","geometry":{"type":"Point","coordinates":[34.272306,1.245872]},"properties":{"structure_type":"Bridges","bridge_no":"B052","bridge_nam":"Nalugugu","link_no":"B300_Link01","link_name":"Namunsi - Sironko","road_no":"B300","road_class":"B","district":"19","region":"Eastern","station":"Mbale","surface_ty":"Paved","river":"NALUGUGU","chainage_km":21.8,"bridge_len":7,"bridge_wid":10.8,"no_of_spans":1,"overall_rating":7,"condition":"Good","status":"Operational","recommended_intervention":"Routine Maintenance","priority_score":51.4,"aadt_2026":5887.29,"inspection_date":"2023-06-20","location_status":"Placed on exact national road host link"}},{"type":"Feature","id":"bridge-85","geometry":{"type":"Point","coordinates":[34.271813,1.247564]},"properties":{"structure_type":"Bridges","bridge_no":"B053","bridge_nam":"Simu","link_no":"B300_Link02","link_name":"Sironko - Muyembe","road_no":"B300","road_class":"B","district":"19","region":"Eastern","station":"Mbale","surface_ty":"Paved","river":"SIMU","chainage_km":22,"bridge_len":10,"bridge_wid":10,"no_of_spans":1,"overall_rating":5,"condition":"Good","status":"Operational","recommended_intervention":"Preventive Repair","priority_score":102,"aadt_2026":4182.9,"inspection_date":"2023-06-20","location_status":"Placed on exact national road host link"}},{"type":"Feature","id":"bridge-86","geometry":{"type":"Point","coordinates":[34.533875,1.574854]},"properties":{"structure_type":"Bridges","bridge_no":"B054","bridge_nam":"Yembe","link_no":"B300_Link03","link_name":"Muyembe - Namalu","road_no":"B300","road_class":"B","district":"19","region":"Eastern","station":"Mbale","surface_ty":"Unpaved","river":"YEMBE","chainage_km":72.1,"bridge_len":16,"bridge_wid":8,"no_of_spans":1,"overall_rating":7,"condition":"Good","status":"Operational","recommended_intervention":"Routine Maintenance","priority_score":37.6,"aadt_2026":1443.05,"inspection_date":"2023-06-20","location_status":"Placed on exact national road host link"}},{"type":"Feature","id":"bridge-87","geometry":{"type":"Point","coordinates":[34.743303,1.264884]},"properties":{"structure_type":"Bridges","bridge_no":"B055","bridge_nam":"Atari","link_no":"B304_Link02","link_name":"Kapchorwa-Suam","road_no":"B304","road_class":"B","district":"19","region":"Eastern","station":"Mbale","surface_ty":"Paved","river":"ATARI","chainage_km":98.6,"bridge_len":20,"bridge_wid":15,"no_of_spans":1,"overall_rating":7,"condition":"Good","status":"Operational","recommended_intervention":"Routine Maintenance","priority_score":51.4,"aadt_2026":1695.6,"inspection_date":"2023-06-20","location_status":"Placed on exact national road host link"}},{"type":"Feature","id":"bridge-88","geometry":{"type":"Point","coordinates":[34.507876,1.406869]},"properties":{"structure_type":"Bridges","bridge_no":"B056","bridge_nam":"Ngenge","link_no":"B304_Link02","link_name":"Kapchorwa-Suam","road_no":"B304","road_class":"B","district":"19","region":"Eastern","station":"Mbale","surface_ty":"Paved","river":"NGENGE","chainage_km":36.456,"bridge_len":16,"bridge_wid":15,"no_of_spans":1,"overall_rating":7,"condition":"Good","status":"Operational","recommended_intervention":"Routine Maintenance","priority_score":37.6,"aadt_2026":1695.6,"inspection_date":"2023-06-20","location_status":"Placed on exact national road host link"}},{"type":"Feature","id":"bridge-89","geometry":{"type":"Point","coordinates":[34.515359,1.415037]},"properties":{"structure_type":"Bridges","bridge_no":"B057","bridge_nam":"Emjong","link_no":"B304_Link02","link_name":"Kapchorwa-Suam","road_no":"B304","road_class":"B","district":"19","region":"Eastern","station":"Mbale","surface_ty":"Paved","river":"EMJONG","chainage_km":38.076,"bridge_len":18,"bridge_wid":15,"no_of_spans":1,"overall_rating":7,"condition":"Good","status":"Operational","recommended_intervention":"Routine Maintenance","priority_score":37.6,"aadt_2026":1695.6,"inspection_date":"2023-06-20","location_status":"Placed on exact national road host link"}},{"type":"Feature","id":"bridge-90","geometry":{"type":"Point","coordinates":[33.921269,1.414977]},"properties":{"structure_type":"Bridges","bridge_no":"B058","bridge_nam":"Kanyago 2","link_no":"B305_Link03","link_name":"Kanyago Bridge - Kumi","road_no":"B305","road_class":"B","district":"?","region":"North Eastern","station":"Soroti","surface_ty":"Paved","river":"River Oladot","chainage_km":59.166,"bridge_len":6.9,"bridge_wid":4.34,"no_of_spans":"1","overall_rating":1,"condition":"Critical","status":"Operational","recommended_intervention":"Bridge Replacement","priority_score":470,"aadt_2026":3609.7,"inspection_date":"2021-11-03","location_status":"Placed on exact national road host link"}},{"type":"Feature","id":"bridge-91","geometry":{"type":"Point","coordinates":[33.87268,1.26554]},"properties":{"structure_type":"Bridges","bridge_no":"B060","bridge_nam":"Kanyago","link_no":"B305_Link03","link_name":"Kanyago Bridge - Kumi","road_no":"B305","road_class":"B","district":"19","region":"North Eastern","station":"Soroti","surface_ty":"Paved","river":"LADOT","chainage_km":41.446,"bridge_len":4.55,"bridge_wid":4.53,"no_of_spans":"1","overall_rating":3,"condition":"Poor","status":"Operational","recommended_intervention":"Major Rehabilitation","priority_score":251.5,"aadt_2026":3609.7,"inspection_date":"2021-11-03","location_status":"Placed on exact national road host link"}},{"type":"Feature","id":"bridge-92","geometry":{"type":"Point","coordinates":[31.198463,-0.469037]},"properties":{"structure_type":"Bridges","bridge_no":"B061","bridge_nam":"Buyanja","link_no":"C214_Link01","link_name":"Lyantonde - Lumbugu","road_no":"C214","road_class":"C","district":"03","region":"Central","station":"Masaka","surface_ty":"Unpaved","river":"Buyanja","chainage_km":8.965,"bridge_len":5.2,"bridge_wid":4.3,"no_of_spans":1,"overall_rating":7,"condition":"Good","status":"Operational","recommended_intervention":"Routine Maintenance","priority_score":41,"aadt_2026":673.76,"inspection_date":"","location_status":"Placed on exact national road host link"}},{"type":"Feature","id":"bridge-93","geometry":{"type":"Point","coordinates":[30.98671,-0.81035]},"properties":{"structure_type":"Bridges","bridge_no":"B062","bridge_nam":"Kibale Bridge","link_no":"C351_Link01","link_name":"Isingiro-Kityanza","road_no":"C351","road_class":"C","district":"06","region":"Southern","station":"Mbarara","surface_ty":"Unpaved","river":"KIBAL RIVER","chainage_km":22.203,"bridge_len":21.940001,"bridge_wid":5,"no_of_spans":1,"overall_rating":7,"condition":"Good","status":"Operational","recommended_intervention":"Routine Maintenance","priority_score":34,"aadt_2026":2021.64,"inspection_date":"2022-04-10","location_status":"Placed on exact national road host link"}},{"type":"Feature","id":"bridge-94","geometry":{"type":"Point","coordinates":[30.051498,-0.833268]},"properties":{"structure_type":"Bridges","bridge_no":"B067","bridge_nam":"Kahenge Bridge","link_no":"C410_Link01","link_name":"Kagamba-Kebisoni","road_no":"C410","road_class":"C","district":"07","region":"Southern","station":"Kabale","surface_ty":"Paved","river":"KAHENGE","chainage_km":14.1,"bridge_len":15.8,"bridge_wid":7.9,"no_of_spans":1,"overall_rating":7,"condition":"Good","status":"Operational","recommended_intervention":"Routine Maintenance","priority_score":29,"aadt_2026":2531.77,"inspection_date":"2022-04-10","location_status":"Placed on exact national road host link"}},{"type":"Feature","id":"bridge-95","geometry":{"type":"Point","coordinates":[30.012172,-0.904888]},"properties":{"structure_type":"Bridges","bridge_no":"B068","bridge_nam":"Minera 01","link_no":"C411_Link01","link_name":"Muhanga-Kisiizi-Kebisoni","road_no":"C411","road_class":"C","district":"07","region":"Southern","station":"Kabale","surface_ty":"Unpaved","river":"RIVER MINERA","chainage_km":53.4,"bridge_len":10.6,"bridge_wid":4.7,"no_of_spans":1,"overall_rating":1,"condition":"Critical","status":"Operational","recommended_intervention":"Bridge Replacement","priority_score":410,"aadt_2026":716.71,"inspection_date":"2022-04-11","location_status":"Placed on exact national road host link"}},{"type":"Feature","id":"bridge-96","geometry":{"type":"Point","coordinates":[30.012168,-0.904628]},"properties":{"structure_type":"Bridges","bridge_no":"B069","bridge_nam":"Minera 02","link_no":"C411_Link01","link_name":"Muhanga-Kisiizi-Kebisoni","road_no":"C411","road_class":"C","district":"07","region":"Southern","station":"Kabale","surface_ty":"Unpaved","river":"RIVER MINERA","chainage_km":53.43,"bridge_len":12.6,"bridge_wid":5,"no_of_spans":2,"overall_rating":3,"condition":"Fair","status":"Operational","recommended_intervention":"Major Rehabilitation","priority_score":190,"aadt_2026":716.71,"inspection_date":"2022-02-28","location_status":"Placed on exact national road host link"}},{"type":"Feature","id":"bridge-97","geometry":{"type":"Point","coordinates":[29.711591,-0.601255]},"properties":{"structure_type":"Bridges","bridge_no":"B070","bridge_nam":"Nyamwiru Bridge","link_no":"C414_Link01","link_name":"Katunguru - Ishasha","road_no":"C414","road_class":"C","district":"08","region":"Southern","station":"Kasese","surface_ty":"Unpaved","river":"NYAMWIRU RIVER","chainage_km":17,"bridge_len":18.700001,"bridge_wid":9.87,"no_of_spans":3,"overall_rating":7,"condition":"Good","status":"Operational","recommended_intervention":"Routine Maintenance","priority_score":34,"aadt_2026":246.66,"inspection_date":"2022-04-12","location_status":"Placed on exact national road host link"}},{"type":"Feature","id":"bridge-98","geometry":{"type":"Point","coordinates":[29.803849,-0.455712]},"properties":{"structure_type":"Bridges","bridge_no":"B071","bridge_nam":"Rwempunu Bridge","link_no":"C414_Link01","link_name":"Katunguru - Ishasha","road_no":"C414","road_class":"C","district":"08","region":"Southern","station":"Kasese","surface_ty":"Unpaved","river":"RWEMPUNU RIVER","chainage_km":37.2,"bridge_len":25,"bridge_wid":9.87,"no_of_spans":4,"overall_rating":7,"condition":"Good","status":"Operational","recommended_intervention":"Routine Maintenance","priority_score":34,"aadt_2026":246.66,"inspection_date":"2022-04-12","location_status":"Placed on exact national road host link"}},{"type":"Feature","id":"bridge-99","geometry":{"type":"Point","coordinates":[29.8417,-0.441127]},"properties":{"structure_type":"Bridges","bridge_no":"B072","bridge_nam":"Kaizi Bridge","link_no":"C414_Link01","link_name":"Katunguru - Ishasha","road_no":"C414","road_class":"C","district":"08","region":"Southern","station":"Kasese","surface_ty":"Unpaved","river":"KAIZI RIVER","chainage_km":41.7,"bridge_len":25,"bridge_wid":9.87,"no_of_spans":4,"overall_rating":1,"condition":"Critical","status":"Operational","recommended_intervention":"Bridge Replacement","priority_score":410,"aadt_2026":246.66,"inspection_date":"2022-03-05","location_status":"Placed on exact national road host link"}},{"type":"Feature","id":"bridge-100","geometry":{"type":"Point","coordinates":[29.874855,-0.379872]},"properties":{"structure_type":"Bridges","bridge_no":"B073","bridge_nam":"Nchwera Bridge","link_no":"C414_Link01","link_name":"Katunguru - Ishasha","road_no":"C414","road_class":"C","district":"08","region":"Southern","station":"Kasese","surface_ty":"Unpaved","river":"NSHWERA RIVER","chainage_km":50.2,"bridge_len":30.700001,"bridge_wid":8.6,"no_of_spans":1,"overall_rating":7,"condition":"Good","status":"Operational","recommended_intervention":"Routine Maintenance","priority_score":34,"aadt_2026":246.66,"inspection_date":"2022-04-12","location_status":"Placed on exact national road host link"}},{"type":"Feature","id":"bridge-101","geometry":{"type":"Point","coordinates":[29.929971,-0.265923]},"properties":{"structure_type":"Bridges","bridge_no":"B074","bridge_nam":"Ntungwe Bridge","link_no":"C414_Link01","link_name":"Katunguru - Ishasha","road_no":"C414","road_class":"C","district":"08","region":"Southern","station":"Kasese","surface_ty":"Unpaved","river":"NTUNGWE RIVER","chainage_km":66.6,"bridge_len":45.599998,"bridge_wid":10,"no_of_spans":1,"overall_rating":7,"condition":"Good","status":"Operational","recommended_intervention":"Routine Maintenance","priority_score":34,"aadt_2026":246.66,"inspection_date":"2022-04-12","location_status":"Placed on exact national road host link"}},{"type":"Feature","id":"bridge-102","geometry":{"type":"Point","coordinates":[30.060412,-0.151381]},"properties":{"structure_type":"Bridges","bridge_no":"B075","bridge_nam":"Ishasha Bridge","link_no":"C414_Link01","link_name":"Katunguru - Ishasha","road_no":"C414","road_class":"C","district":"?","region":"Southern","station":"Kasese","surface_ty":"Unpaved","river":"ISHASHA RIVER","chainage_km":86.3,"bridge_len":36.5,"bridge_wid":8,"no_of_spans":3,"overall_rating":5,"condition":"Good","status":"Operational","recommended_intervention":"Preventive Repair","priority_score":110,"aadt_2026":246.66,"inspection_date":"2022-04-12","location_status":"Placed on exact national road host link"}},{"type":"Feature","id":"bridge-103","geometry":{"type":"Point","coordinates":[30.467704,-0.429878]},"properties":{"structure_type":"Bridges","bridge_no":"B076","bridge_nam":"Nyamukambu Bridge","link_no":"C415_Link02","link_name":"Bihanga - Bwizibwera","road_no":"C415","road_class":"C","district":"06","region":"Southern","station":"Ibanda","surface_ty":"Unpaved","river":"NYAKAMBUGU SWAMP","chainage_km":22.13,"bridge_len":13.5,"bridge_wid":3.34,"no_of_spans":1,"overall_rating":1,"condition":"Critical","status":"Operational","recommended_intervention":"Bridge Replacement","priority_score":410,"aadt_2026":1597.87,"inspection_date":"2022-03-31","location_status":"Placed on exact national road host link"}},{"type":"Feature","id":"bridge-104","geometry":{"type":"Point","coordinates":[30.434509,-0.364177]},"properties":{"structure_type":"Bridges","bridge_no":"B077","bridge_nam":"Kamiira Bridge","link_no":"C416_Link01","link_name":"Bihanga - Nsiika","road_no":"C416","road_class":"C","district":"06","region":"Southern","station":"Ibanda","surface_ty":"Unpaved","river":"KAMIIRA STREAM","chainage_km":13.2,"bridge_len":13,"bridge_wid":4.37,"no_of_spans":1,"overall_rating":1,"condition":"Critical","status":"Operational","recommended_intervention":"Bridge Replacement","priority_score":410,"aadt_2026":1048.7,"inspection_date":"2022-03-31","location_status":"Placed on exact national road host link"}},{"type":"Feature","id":"bridge-105","geometry":{"type":"Point","coordinates":[30.427222,-1.015659]},"properties":{"structure_type":"Bridges","bridge_no":"B078","bridge_nam":"Mirama 01","link_no":"C417_Link03","link_name":"Kafunzo-Kakitumba","road_no":"C417","road_class":"C","district":"07","region":"Southern","station":"Kabale","surface_ty":"Paved","river":"RIVER KAGERA","chainage_km":29.707,"bridge_len":21.700001,"bridge_wid":12.2,"no_of_spans":1,"overall_rating":7,"condition":"Good","status":"Operational","recommended_intervention":"Routine Maintenance","priority_score":34,"aadt_2026":2744.3,"inspection_date":"2022-04-13","location_status":"Placed on exact national road host link"}},{"type":"Feature","id":"bridge-106","geometry":{"type":"Point","coordinates":[30.218774,-0.990543]},"properties":{"structure_type":"Bridges","bridge_no":"B079","bridge_nam":"Katengure Bridge","link_no":"C418_Link01","link_name":"Kakukuru - Rubale","road_no":"C418","road_class":"C","district":"07","region":"Southern","station":"Kabale","surface_ty":"Unpaved","river":"KATENGURE RIVER","chainage_km":9.14,"bridge_len":8.3,"bridge_wid":4.5,"no_of_spans":1,"overall_rating":1,"condition":"Critical","status":"Operational","recommended_intervention":"Bridge Replacement","priority_score":410,"aadt_2026":8031.23,"inspection_date":"2022-02-21","location_status":"Placed on exact national road host link"}},{"type":"Feature","id":"bridge-107","geometry":{"type":"Point","coordinates":[30.097971,0.322111]},"properties":{"structure_type":"Bridges","bridge_no":"B080","bridge_nam":"Mubuku Bridge","link_no":"C510_Link01","link_name":"Mubuku-Maliba-Nyakalingijo","road_no":"C510","road_class":"C","district":"08","region":"Southern","station":"Kasese","surface_ty":"Unpaved","river":"MUBUKU RIVER","chainage_km":10.7,"bridge_len":19,"bridge_wid":5.4,"no_of_spans":1,"overall_rating":3,"condition":"Poor","status":"Operational","recommended_intervention":"Major Rehabilitation","priority_score":220,"aadt_2026":1287.6,"inspection_date":"2022-03-12","location_status":"Placed on exact national road host link"}},{"type":"Feature","id":"bridge-108","geometry":{"type":"Point","coordinates":[30.012483,0.197222]},"properties":{"structure_type":"Bridges","bridge_no":"B081","bridge_nam":"Kilembe Bridge","link_no":"C511_Link01","link_name":"Kasese - Kilembe mines","road_no":"C511","road_class":"C","district":"08","region":"Southern","station":"Kasese","surface_ty":"Paved","river":"RIVER NYAMWAMBA","chainage_km":10.2,"bridge_len":20,"bridge_wid":10.05,"no_of_spans":1,"overall_rating":7,"condition":"Good","status":"Operational","recommended_intervention":"Routine Maintenance","priority_score":34,"aadt_2026":1287.6,"inspection_date":"2022-04-13","location_status":"Placed on exact national road host link"}},{"type":"Feature","id":"bridge-109","geometry":{"type":"Point","coordinates":[29.856377,0.044865]},"properties":{"structure_type":"Bridges","bridge_no":"B082","bridge_nam":"Kanyampala Bridge","link_no":"C513_Link01","link_name":"Kinyamaseke-Kisinga","road_no":"C513","road_class":"C","district":"08","region":"Southern","station":"Kasese","surface_ty":"Unpaved","river":"KANYAMPALA","chainage_km":6.3,"bridge_len":15.2,"bridge_wid":4,"no_of_spans":1,"overall_rating":7,"condition":"Good","status":"Operational","recommended_intervention":"Routine Maintenance","priority_score":46,"aadt_2026":1287.6,"inspection_date":"2022-03-18","location_status":"Placed on exact national road host link"}},{"type":"Feature","id":"bridge-110","geometry":{"type":"Point","coordinates":[29.841637,-0.12191]},"properties":{"structure_type":"Bridges","bridge_no":"B085","bridge_nam":"Nyamugasani Bridge","link_no":"C516_Link01","link_name":"Katojo-Katwe-Rwentale","road_no":"C516","road_class":"C","district":"08","region":"Southern","station":"Kasese","surface_ty":"Unpaved","river":"NAMUSAGANI","chainage_km":14.3,"bridge_len":25.200001,"bridge_wid":3.8,"no_of_spans":3,"overall_rating":7,"condition":"Good","status":"Operational","recommended_intervention":"Routine Maintenance","priority_score":46,"aadt_2026":1287.6,"inspection_date":"2022-03-16","location_status":"Placed on exact national road host link"}},{"type":"Feature","id":"bridge-111","geometry":{"type":"Point","coordinates":[30.363654,0.934512]},"properties":{"structure_type":"Bridges","bridge_no":"B087","bridge_nam":"Wassa","link_no":"C541_Link01","link_name":"Karugutu - Ntoroko","road_no":"C541","road_class":"C","district":"09","region":"Western","station":"Fort Portal","surface_ty":"Unpaved","river":"WASSA","chainage_km":24.06,"bridge_len":19.799999,"bridge_wid":3.07,"no_of_spans":1,"overall_rating":5,"condition":"Good","status":"Operational","recommended_intervention":"Preventive Repair","priority_score":110,"aadt_2026":383.18,"inspection_date":"2022-03-14","location_status":"Placed on exact national road host link"}},{"type":"Feature","id":"bridge-112","geometry":{"type":"Point","coordinates":[30.494034,0.881631]},"properties":{"structure_type":"Bridges","bridge_no":"B088","bridge_nam":"Sogoha","link_no":"C542_Link01","link_name":"Fortportal - Kijura - Kabende Bridge-Sogahe-Kyarusozi","road_no":"C542","road_class":"C","district":"09","region":"Western","station":"Fort Portal","surface_ty":"Unpaved","river":"SOGOHA","chainage_km":40.285,"bridge_len":30,"bridge_wid":4.9,"no_of_spans":2,"overall_rating":5,"condition":"Good","status":"Operational","recommended_intervention":"Preventive Repair","priority_score":90,"aadt_2026":1151.09,"inspection_date":"2022-03-13","location_status":"Placed on exact national road host link"}},{"type":"Feature","id":"bridge-113","geometry":{"type":"Point","coordinates":[31.476058,1.990847]},"properties":{"structure_type":"Bridges","bridge_no":"B089","bridge_nam":"Waiga","link_no":"C623_Link01","link_name":"Bukumi-Bulisa","road_no":"C623","road_class":"C","district":"11","region":"Western","station":"Masindi","surface_ty":"Paved","river":"WAIGA","chainage_km":25.35,"bridge_len":38.400002,"bridge_wid":14.5,"no_of_spans":2,"overall_rating":5,"condition":"Good","status":"Operational","recommended_intervention":"Preventive Repair","priority_score":110,"aadt_2026":650.01,"inspection_date":"2022-03-01","location_status":"Placed on exact national road host link"}},{"type":"Feature","id":"bridge-114","geometry":{"type":"Point","coordinates":[31.703584,1.978491]},"properties":{"structure_type":"Bridges","bridge_no":"B090","bridge_nam":"Waiga","link_no":"C625_Link01","link_name":"Kisanja-Park junction","road_no":"C625","road_class":"C","district":"11","region":"Western","station":"Masindi","surface_ty":"Paved","river":"WAIGA","chainage_km":41.16,"bridge_len":36,"bridge_wid":10,"no_of_spans":1,"overall_rating":7,"condition":"Good","status":"Operational","recommended_intervention":"Routine Maintenance","priority_score":22,"aadt_2026":578.65,"inspection_date":"2022-02-23","location_status":"Placed on exact national road host link"}},{"type":"Feature","id":"bridge-115","geometry":{"type":"Point","coordinates":[31.713854,1.942916]},"properties":{"structure_type":"Bridges","bridge_no":"B091","bridge_nam":"Waringo","link_no":"C625_Link01","link_name":"Kisanja-Park junction","road_no":"C625","road_class":"C","district":"11","region":"Western","station":"Masindi","surface_ty":"Paved","river":"WARINGO","chainage_km":45.53,"bridge_len":18,"bridge_wid":10,"no_of_spans":1,"overall_rating":7,"condition":"Good","status":"Operational","recommended_intervention":"Routine Maintenance","priority_score":22,"aadt_2026":578.65,"inspection_date":"2022-02-24","location_status":"Placed on exact national road host link"}},{"type":"Feature","id":"bridge-116","geometry":{"type":"Point","coordinates":[31.711604,1.890965]},"properties":{"structure_type":"Bridges","bridge_no":"B092","bridge_nam":"Zoleya","link_no":"C625_Link01","link_name":"Kisanja-Park junction","road_no":"C625","road_class":"C","district":"11","region":"Western","station":"Masindi","surface_ty":"Paved","river":"ZOLIYA","chainage_km":51.81,"bridge_len":36,"bridge_wid":10,"no_of_spans":1,"overall_rating":7,"condition":"Good","status":"Operational","recommended_intervention":"Routine Maintenance","priority_score":22,"aadt_2026":578.65,"inspection_date":"2022-02-24","location_status":"Placed on exact national road host link"}},{"type":"Feature","id":"bridge-117","geometry":{"type":"Point","coordinates":[31.709702,1.860353]},"properties":{"structure_type":"Bridges","bridge_no":"B093","bridge_nam":"Sambiya","link_no":"C625_Link01","link_name":"Kisanja-Park junction","road_no":"C625","road_class":"C","district":"11","region":"Western","station":"Masindi","surface_ty":"Paved","river":"SAMBIYA","chainage_km":55.36,"bridge_len":5.2,"bridge_wid":10,"no_of_spans":1,"overall_rating":7,"condition":"Good","status":"Operational","recommended_intervention":"Routine Maintenance","priority_score":22,"aadt_2026":578.65,"inspection_date":"2022-02-24","location_status":"Placed on exact national road host link"}},{"type":"Feature","id":"bridge-118","geometry":{"type":"Point","coordinates":[34.162274,0.701974]},"properties":{"structure_type":"Bridges","bridge_no":"B094","bridge_nam":"Aturukuru","link_no":"C832_Link01","link_name":"Tororo-Nagongera","road_no":"C832","road_class":"C","district":"18","region":"Eastern","station":"Tororo","surface_ty":"Unpaved","river":"RUBONGE","chainage_km":2.3,"bridge_len":6.5,"bridge_wid":8.5,"no_of_spans":1,"overall_rating":3,"condition":"Fair","status":"Operational","recommended_intervention":"Major Rehabilitation","priority_score":190,"aadt_2026":4196.34,"inspection_date":"2023-05-11","location_status":"Placed on exact national road host link"}},{"type":"Feature","id":"bridge-119","geometry":{"type":"Point","coordinates":[33.928153,0.847531]},"properties":{"structure_type":"Bridges","bridge_no":"B095","bridge_nam":"Pakamu","link_no":"C832_Link01","link_name":"Tororo-Nagongera","road_no":"C832","road_class":"C","district":"18","region":"Eastern","station":"Tororo","surface_ty":"Unpaved","river":"PAKAMU","chainage_km":33.5,"bridge_len":3.2,"bridge_wid":5,"no_of_spans":1,"overall_rating":3,"condition":"Fair","status":"Operational","recommended_intervention":"Major Rehabilitation","priority_score":190,"aadt_2026":4196.34,"inspection_date":"2023-05-11","location_status":"Placed on exact national road host link"}},{"type":"Feature","id":"bridge-120","geometry":{"type":"Point","coordinates":[33.928153,0.847531]},"properties":{"structure_type":"Bridges","bridge_no":"B096","bridge_nam":"Mahanga","link_no":"C832_Link01","link_name":"Tororo-Nagongera","road_no":"C832","road_class":"C","district":"18","region":"Eastern","station":"Tororo","surface_ty":"Unpaved","river":"MAHANGA","chainage_km":33.5,"bridge_len":5.8,"bridge_wid":5,"no_of_spans":1,"overall_rating":5,"condition":"Good","status":"Operational","recommended_intervention":"Preventive Repair","priority_score":90,"aadt_2026":4196.34,"inspection_date":"2023-05-11","location_status":"Placed on exact national road host link"}},{"type":"Feature","id":"bridge-121","geometry":{"type":"Point","coordinates":[33.92727,0.850405]},"properties":{"structure_type":"Bridges","bridge_no":"B097","bridge_nam":"Nakulumutu","link_no":"C833_Link01","link_name":"Nabumali junction-Busolwe","road_no":"C833","road_class":"C","district":"18","region":"Eastern","station":"Tororo","surface_ty":"Unpaved","river":"NAKULUMUTU","chainage_km":34.5,"bridge_len":4.5,"bridge_wid":4,"no_of_spans":1,"overall_rating":5,"condition":"Good","status":"Operational","recommended_intervention":"Preventive Repair","priority_score":90,"aadt_2026":4210.82,"inspection_date":"2023-05-11","location_status":"Placed on exact national road host link"}},{"type":"Feature","id":"bridge-122","geometry":{"type":"Point","coordinates":[33.92727,0.850405]},"properties":{"structure_type":"Bridges","bridge_no":"B098","bridge_nam":"Nkola","link_no":"C833_Link01","link_name":"Nabumali junction-Busolwe","road_no":"C833","road_class":"C","district":"18","region":"Eastern","station":"Tororo","surface_ty":"Unpaved","river":"MANAFA","chainage_km":34.5,"bridge_len":7.5,"bridge_wid":3.6,"no_of_spans":1,"overall_rating":3,"condition":"Poor","status":"Operational","recommended_intervention":"Major Rehabilitation","priority_score":220,"aadt_2026":4210.82,"inspection_date":"2023-05-11","location_status":"Placed on exact national road host link"}},{"type":"Feature","id":"bridge-123","geometry":{"type":"Point","coordinates":[33.92727,0.850405]},"properties":{"structure_type":"Bridges","bridge_no":"B099","bridge_nam":"Nakwazi","link_no":"C833_Link01","link_name":"Nabumali junction-Busolwe","road_no":"C833","road_class":"C","district":"18","region":"Eastern","station":"Tororo","surface_ty":"Unpaved","river":"NAKWAZI","chainage_km":34.5,"bridge_len":5,"bridge_wid":4.6,"no_of_spans":1,"overall_rating":3,"condition":"Fair","status":"Operational","recommended_intervention":"Major Rehabilitation","priority_score":190,"aadt_2026":4210.82,"inspection_date":"2023-05-11","location_status":"Placed on exact national road host link"}},{"type":"Feature","id":"bridge-124","geometry":{"type":"Point","coordinates":[33.915277,0.844362]},"properties":{"structure_type":"Bridges","bridge_no":"B100","bridge_nam":"Budumbba","link_no":"C833_Link02","link_name":"Busolwe-Budumba","road_no":"C833","road_class":"C","district":"18","region":"Eastern","station":"Tororo","surface_ty":"Unpaved","river":"MPOLOGOMA","chainage_km":36,"bridge_len":101.5,"bridge_wid":3.3,"no_of_spans":4,"overall_rating":6,"condition":"Satisfactory","status":"","recommended_intervention":"","priority_score":0,"aadt_2026":5179.88,"inspection_date":"2023-05-11 00:00:00","location_status":"Placed on exact national road host link"}},{"type":"Feature","id":"bridge-125","geometry":{"type":"Point","coordinates":[34.369628,1.151285]},"properties":{"structure_type":"Bridges","bridge_no":"B101","bridge_nam":"Miwu","link_no":"C861_Link01","link_name":"Nalugugu-Mutufu-Budadiri","road_no":"C861","road_class":"C","district":"19","region":"Eastern","station":"Mbale","surface_ty":"Unpaved","river":"MIWU","chainage_km":16.2,"bridge_len":4,"bridge_wid":4.2,"no_of_spans":1,"overall_rating":5,"condition":"Good","status":"Operational","recommended_intervention":"Preventive Repair","priority_score":90,"aadt_2026":1929.85,"inspection_date":"2023-06-20","location_status":"Placed on exact national road host link"}},{"type":"Feature","id":"bridge-126","geometry":{"type":"Point","coordinates":[34.368106,1.152151]},"properties":{"structure_type":"Bridges","bridge_no":"B102","bridge_nam":"Sironko","link_no":"C861_Link01","link_name":"Nalugugu-Mutufu-Budadiri","road_no":"C861","road_class":"C","district":"19","region":"Eastern","station":"Mbale","surface_ty":"Unpaved","river":"Sironko","chainage_km":16,"bridge_len":20,"bridge_wid":8,"no_of_spans":1,"overall_rating":7,"condition":"Good","status":"Operational","recommended_intervention":"Routine Maintenance","priority_score":46,"aadt_2026":1929.85,"inspection_date":"2023-06-20","location_status":"Placed on exact national road host link"}},{"type":"Feature","id":"bridge-127","geometry":{"type":"Point","coordinates":[34.335592,1.170617]},"properties":{"structure_type":"Bridges","bridge_no":"B103","bridge_nam":"Kado","link_no":"C862_Link01","link_name":"Namagumba - Budadiri","road_no":"C862","road_class":"C","district":"19","region":"Eastern","station":"Mbale","surface_ty":"Unpaved","river":"KADO","chainage_km":18.4,"bridge_len":7,"bridge_wid":9.1,"no_of_spans":1,"overall_rating":7,"condition":"Good","status":"Operational","recommended_intervention":"Routine Maintenance","priority_score":46,"aadt_2026":1929.85,"inspection_date":"2023-06-20","location_status":"Placed on exact national road host link"}},{"type":"Feature","id":"bridge-128","geometry":{"type":"Point","coordinates":[34.335592,1.170617]},"properties":{"structure_type":"Bridges","bridge_no":"B104","bridge_nam":"Sonoli","link_no":"C862_Link01","link_name":"Namagumba - Budadiri","road_no":"C862","road_class":"C","district":"19","region":"Eastern","station":"Mbale","surface_ty":"Unpaved","river":"SONOLI","chainage_km":18.4,"bridge_len":6.5,"bridge_wid":7.8,"no_of_spans":1,"overall_rating":3,"condition":"Poor","status":"Operational","recommended_intervention":"Major Rehabilitation","priority_score":220,"aadt_2026":1929.85,"inspection_date":"2023-06-20","location_status":"Placed on exact national road host link"}},{"type":"Feature","id":"bridge-129","geometry":{"type":"Point","coordinates":[34.227246,1.038862]},"properties":{"structure_type":"Bridges","bridge_no":"B105","bridge_nam":"Namatsu","link_no":"C863_Link01","link_name":"Mbale - Nkokonjeru","road_no":"C863","road_class":"C","district":"19","region":"Eastern","station":"Mbale","surface_ty":"Unpaved","river":"NAMATSU","chainage_km":21,"bridge_len":7,"bridge_wid":9.5,"no_of_spans":1,"overall_rating":3,"condition":"Poor","status":"Operational","recommended_intervention":"Major Rehabilitation","priority_score":220,"aadt_2026":2272.7,"inspection_date":"2023-06-20","location_status":"Placed on exact national road host link"}},{"type":"Feature","id":"bridge-130","geometry":{"type":"Point","coordinates":[34.227246,1.038862]},"properties":{"structure_type":"Bridges","bridge_no":"B106","bridge_nam":"Kigezi","link_no":"C863_Link01","link_name":"Mbale - Nkokonjeru","road_no":"C863","road_class":"C","district":"19","region":"Eastern","station":"Mbale","surface_ty":"Unpaved","river":"NABUYONGA","chainage_km":21,"bridge_len":5,"bridge_wid":4.5,"no_of_spans":1,"overall_rating":7,"condition":"Good","status":"Operational","recommended_intervention":"Routine Maintenance","priority_score":34,"aadt_2026":2272.7,"inspection_date":"2023-06-20","location_status":"Placed on exact national road host link"}},{"type":"Feature","id":"bridge-131","geometry":{"type":"Point","coordinates":[34.378671,0.794757]},"properties":{"structure_type":"Bridges","bridge_no":"B107","bridge_nam":"Namikhoma","link_no":"C866_Link01","link_name":"Munamba - Lwakhakha","road_no":"C866","road_class":"C","district":"19","region":"Eastern","station":"Tororo","surface_ty":"Paved","river":"NAMIKHOMA","chainage_km":4.5,"bridge_len":12,"bridge_wid":11.6,"no_of_spans":1,"overall_rating":7,"condition":"Good","status":"Operational","recommended_intervention":"Routine Maintenance","priority_score":46,"aadt_2026":1588.56,"inspection_date":"2023-05-11","location_status":"Placed on exact national road host link"}},{"type":"Feature","id":"bridge-132","geometry":{"type":"Point","coordinates":[34.326436,1.032512]},"properties":{"structure_type":"Bridges","bridge_no":"B108","bridge_nam":"Pasa","link_no":"C867_Link02","link_name":"Bubulo-Bududa Circle road","road_no":"C867","road_class":"C","district":"19","region":"Eastern","station":"Mbale","surface_ty":"Unpaved","river":"PASA","chainage_km":28.4,"bridge_len":8,"bridge_wid":8,"no_of_spans":1,"overall_rating":5,"condition":"Good","status":"Operational","recommended_intervention":"Preventive Repair","priority_score":110,"aadt_2026":1588.56,"inspection_date":"2023-06-20","location_status":"Placed on exact national road host link"}},{"type":"Feature","id":"bridge-133","geometry":{"type":"Point","coordinates":[34.326436,1.032512]},"properties":{"structure_type":"Bridges","bridge_no":"B109","bridge_nam":"Tsutsu","link_no":"C867_Link02","link_name":"Bubulo-Bududa Circle road","road_no":"C867","road_class":"C","district":"19","region":"Eastern","station":"Mbale","surface_ty":"Unpaved","river":"TSUTSU","chainage_km":28.4,"bridge_len":8,"bridge_wid":7.8,"no_of_spans":1,"overall_rating":3,"condition":"Poor","status":"Operational","recommended_intervention":"Major Rehabilitation","priority_score":220,"aadt_2026":1588.56,"inspection_date":"2023-06-20","location_status":"Placed on exact national road host link"}},{"type":"Feature","id":"bridge-134","geometry":{"type":"Point","coordinates":[34.366937,1.010453]},"properties":{"structure_type":"Bridges","bridge_no":"B110","bridge_nam":"Manafa","link_no":"C867_Link02","link_name":"Bubulo-Bududa Circle road","road_no":"C867","road_class":"C","district":"?","region":"Eastern","station":"Mbale","surface_ty":"Unpaved","river":"","chainage_km":39.625,"bridge_len":9.7,"bridge_wid":5.5,"no_of_spans":1,"overall_rating":1,"condition":"Critical","status":"Development","recommended_intervention":"Bridge Replacement","priority_score":330,"aadt_2026":1588.56,"inspection_date":"2021-11-03","location_status":"Placed on exact national road host link"}},{"type":"Feature","id":"bridge-135","geometry":{"type":"Point","coordinates":[34.361333,1.003988]},"properties":{"structure_type":"Bridges","bridge_no":"B111","bridge_nam":"Manafwa","link_no":"C867_Link02","link_name":"Bubulo-Bududa Circle road","road_no":"C867","road_class":"C","district":"?","region":"Eastern","station":"Mbale","surface_ty":"Unpaved","river":"","chainage_km":40.605,"bridge_len":20.4,"bridge_wid":7.7,"no_of_spans":2,"overall_rating":1,"condition":"Critical","status":"Operational","recommended_intervention":"Bridge Replacement","priority_score":410,"aadt_2026":1588.56,"inspection_date":"2021-11-03","location_status":"Placed on exact national road host link"}},{"type":"Feature","id":"bridge-136","geometry":{"type":"Point","coordinates":[34.282917,0.835691]},"properties":{"structure_type":"Bridges","bridge_no":"B112","bridge_nam":"Manafa","link_no":"C870_Link01","link_name":"Bubulo-Busumbu","road_no":"C870","road_class":"C","district":"19","region":"Eastern","station":"Mbale","surface_ty":"Paved","river":"MANAFA","chainage_km":15.6,"bridge_len":24,"bridge_wid":11.6,"no_of_spans":2,"overall_rating":7,"condition":"Good","status":"Operational","recommended_intervention":"Routine Maintenance","priority_score":46,"aadt_2026":1588.56,"inspection_date":"2023-06-20","location_status":"Placed on exact national road host link"}},{"type":"Feature","id":"bridge-137","geometry":{"type":"Point","coordinates":[34.285518,0.833619]},"properties":{"structure_type":"Bridges","bridge_no":"B113","bridge_nam":"Namunyiri","link_no":"C870_Link02","link_name":"Busumbu - Munamba","road_no":"C870","road_class":"C","district":"19","region":"Eastern","station":"Tororo","surface_ty":"Paved","river":"NAMUNYIRI","chainage_km":16,"bridge_len":12,"bridge_wid":11.6,"no_of_spans":1,"overall_rating":5,"condition":"Good","status":"Operational","recommended_intervention":"Preventive Repair","priority_score":90,"aadt_2026":1588.56,"inspection_date":"2023-05-11","location_status":"Placed on exact national road host link"}},{"type":"Feature","id":"bridge-138","geometry":{"type":"Point","coordinates":[34.338265,1.319924]},"properties":{"structure_type":"Bridges","bridge_no":"B114","bridge_nam":"Mbigi","link_no":"C871_Link01","link_name":"Simu corner - Kaserem","road_no":"C871","road_class":"C","district":"19","region":"Eastern","station":"Mbale","surface_ty":"Unpaved","river":"YEMBE","chainage_km":9.8,"bridge_len":16,"bridge_wid":8,"no_of_spans":1,"overall_rating":7,"condition":"Good","status":"Operational","recommended_intervention":"Routine Maintenance","priority_score":34,"aadt_2026":854.78,"inspection_date":"2023-06-20","location_status":"Placed on exact national road host link"}},{"type":"Feature","id":"bridge-139","geometry":{"type":"Point","coordinates":[33.55097,1.500244]},"properties":{"structure_type":"Bridges","bridge_no":"B115","bridge_nam":"Kumi","link_no":"C920_Link01","link_name":"Kumi-Brooks corner","road_no":"C920","road_class":"C","district":"20","region":"North Eastern","station":"Soroti","surface_ty":"Unpaved","river":"AMOKOKA","chainage_km":45.5,"bridge_len":31.5,"bridge_wid":4.3,"no_of_spans":4,"overall_rating":7,"condition":"Good","status":"Operational","recommended_intervention":"Routine Maintenance","priority_score":46,"aadt_2026":3855.92,"inspection_date":"2022-11-08","location_status":"Placed on exact national road host link"}},{"type":"Feature","id":"bridge-140","geometry":{"type":"Point","coordinates":[33.55097,1.500244]},"properties":{"structure_type":"Bridges","bridge_no":"B116","bridge_nam":"Abuket","link_no":"C920_Link01","link_name":"Kumi-Brooks corner","road_no":"C920","road_class":"C","district":"20","region":"North Eastern","station":"Soroti","surface_ty":"Unpaved","river":"ABUKET","chainage_km":45.5,"bridge_len":24,"bridge_wid":7.4,"no_of_spans":3,"overall_rating":7,"condition":"Good","status":"Operational","recommended_intervention":"Routine Maintenance","priority_score":46,"aadt_2026":3855.92,"inspection_date":"2022-11-08","location_status":"Placed on exact national road host link"}},{"type":"Feature","id":"bridge-141","geometry":{"type":"Point","coordinates":[32.366309,2.504555]},"properties":{"structure_type":"Bridges","bridge_no":"B117","bridge_nam":"Tochi Bridge","link_no":"A006_Link11","link_name":"Minakulu - Bobi - Gulu","road_no":"A006","road_class":"A","district":"13","region":"Northern","station":"Gulu","surface_ty":"Paved","river":"TOCHI RIVER","chainage_km":297.383,"bridge_len":18.9,"bridge_wid":9.8,"no_of_spans":1,"overall_rating":3,"condition":"Fair","status":"Operational","recommended_intervention":"Major Rehabilitation","priority_score":244,"aadt_2026":3453.82,"inspection_date":"2022-03-15","location_status":"Placed on exact national road host link"}},{"type":"Feature","id":"bridge-142","geometry":{"type":"Point","coordinates":[32.072588,3.56966]},"properties":{"structure_type":"Bridges","bridge_no":"B118","bridge_nam":"Unyama","link_no":"A006_Link13","link_name":"Atiak - Nimule(Uganda/Sudan border)","road_no":"A006","road_class":"A","district":"?","region":"Northern","station":"Gulu","surface_ty":"Paved","river":"Unyama River","chainage_km":433.456,"bridge_len":36.44,"bridge_wid":4.95,"no_of_spans":3,"overall_rating":1,"condition":"Critical","status":"Operational","recommended_intervention":"Bridge Replacement","priority_score":530,"aadt_2026":3453.82,"inspection_date":"2021-11-03","location_status":"Placed on exact national road host link"}},{"type":"Feature","id":"bridge-143","geometry":{"type":"Point","coordinates":[30.906898,3.089331]},"properties":{"structure_type":"Bridges","bridge_no":"B119","bridge_nam":"Enyau Bridge","link_no":"A008_Link06","link_name":"Manibe - Maracha - Koboko","road_no":"A008","road_class":"A","district":"16","region":"Northern","station":"Arua","surface_ty":"Paved","river":"ENYAU RIVER","chainage_km":246.399,"bridge_len":21.6,"bridge_wid":10.8,"no_of_spans":1,"overall_rating":7,"condition":"Good","status":"Operational","recommended_intervention":"Routine Maintenance","priority_score":41.2,"aadt_2026":5279.92,"inspection_date":"2022-02-21","location_status":"Placed on exact national road host link"}},{"type":"Feature","id":"bridge-144","geometry":{"type":"Point","coordinates":[30.910303,3.510532]},"properties":{"structure_type":"Bridges","bridge_no":"B120","bridge_nam":"Enve Bridge","link_no":"A008_Link07","link_name":"Koboko - Oraba(Uganda/Sudan border)","road_no":"A008","road_class":"A","district":"16","region":"Northern","station":"Arua","surface_ty":"Paved","river":"ENVE RIVER","chainage_km":306.372,"bridge_len":22.5,"bridge_wid":10.8,"no_of_spans":1,"overall_rating":7,"condition":"Good","status":"","recommended_intervention":"","priority_score":0,"aadt_2026":4063.31,"inspection_date":"2022-03-06 00:00:00","location_status":"Placed on exact national road host link"}},{"type":"Feature","id":"bridge-145","geometry":{"type":"Point","coordinates":[30.905202,3.148989]},"properties":{"structure_type":"Bridges","bridge_no":"B724","bridge_nam":"Enve","link_no":"A008_Link06","link_name":"Manibe - Maracha - Koboko","road_no":"A008","road_class":"A","district":"16","region":"Northern","station":"Arua","surface_ty":"Paved","river":"ENVE RIVER","chainage_km":253.8,"bridge_len":22.5,"bridge_wid":10.8000001907349,"no_of_spans":1,"overall_rating":7,"condition":"Good","status":"Operational","recommended_intervention":"Routine Maintenance","priority_score":41.2,"aadt_2026":5279.92,"inspection_date":"2021-11-03","location_status":"Placed on exact national road host link"}},{"type":"Feature","id":"bridge-146","geometry":{"type":"Point","coordinates":[30.933391,3.185571]},"properties":{"structure_type":"Bridges","bridge_no":"B121","bridge_nam":"Oluffe","link_no":"A008_Link06","link_name":"Manibe - Maracha - Koboko","road_no":"A008","road_class":"A","district":"16","region":"Northern","station":"Arua","surface_ty":"Paved","river":"OLUFFE","chainage_km":260,"bridge_len":22,"bridge_wid":10.7,"no_of_spans":1,"overall_rating":7,"condition":"Good","status":"Operational","recommended_intervention":"Routine Maintenance","priority_score":41.2,"aadt_2026":5279.92,"inspection_date":"2022-03-09","location_status":"Placed on exact national road host link"}},{"type":"Feature","id":"bridge-147","geometry":{"type":"Point","coordinates":[30.942211,3.249016]},"properties":{"structure_type":"Bridges","bridge_no":"B122","bridge_nam":"Ayi Bridge","link_no":"A008_Link06","link_name":"Manibe - Maracha - Koboko","road_no":"A008","road_class":"A","district":"16","region":"Northern","station":"Arua","surface_ty":"Paved","river":"AYI RIVER","chainage_km":270.299,"bridge_len":20.299999,"bridge_wid":10.7,"no_of_spans":1,"overall_rating":7,"condition":"Good","status":"Operational","recommended_intervention":"Routine Maintenance","priority_score":41.2,"aadt_2026":5279.92,"inspection_date":"2022-03-09","location_status":"Placed on exact national road host link"}},{"type":"Feature","id":"bridge-148","geometry":{"type":"Point","coordinates":[30.942173,3.320805]},"properties":{"structure_type":"Bridges","bridge_no":"B123","bridge_nam":"Yoo","link_no":"A008_Link06","link_name":"Manibe - Maracha - Koboko","road_no":"A008","road_class":"A","district":"16","region":"Northern","station":"Arua","surface_ty":"Paved","river":"YOYO RIVER","chainage_km":280.6,"bridge_len":17.299999,"bridge_wid":10.7,"no_of_spans":1,"overall_rating":7,"condition":"Good","status":"Operational","recommended_intervention":"Routine Maintenance","priority_score":41.2,"aadt_2026":5279.92,"inspection_date":"2022-03-10","location_status":"Placed on exact national road host link"}},{"type":"Feature","id":"bridge-149","geometry":{"type":"Point","coordinates":[30.948703,3.326755]},"properties":{"structure_type":"Bridges","bridge_no":"B124","bridge_nam":"Oru Bridge","link_no":"A008_Link06","link_name":"Manibe - Maracha - Koboko","road_no":"A008","road_class":"A","district":"16","region":"Northern","station":"Arua","surface_ty":"Paved","river":"ORU RIVER","chainage_km":281.6,"bridge_len":24.299999,"bridge_wid":10.7,"no_of_spans":1,"overall_rating":1,"condition":"Critical","status":"Operational","recommended_intervention":"Bridge Replacement","priority_score":530,"aadt_2026":5279.92,"inspection_date":"2022-03-29","location_status":"Placed on exact national road host link"}},{"type":"Feature","id":"bridge-150","geometry":{"type":"Point","coordinates":[30.953963,3.33936]},"properties":{"structure_type":"Bridges","bridge_no":"B125","bridge_nam":"Apa Bridge","link_no":"A008_Link06","link_name":"Manibe - Maracha - Koboko","road_no":"A008","road_class":"A","district":"16","region":"Northern","station":"Arua","surface_ty":"Paved","river":"APA RIVER","chainage_km":283.2,"bridge_len":17.1,"bridge_wid":10.8,"no_of_spans":1,"overall_rating":7,"condition":"Good","status":"Operational","recommended_intervention":"Routine Maintenance","priority_score":41.2,"aadt_2026":5279.92,"inspection_date":"2022-03-01","location_status":"Placed on exact national road host link"}},{"type":"Feature","id":"bridge-151","geometry":{"type":"Point","coordinates":[30.94455,3.465599]},"properties":{"structure_type":"Bridges","bridge_no":"B126","bridge_nam":"Kochi Bridge","link_no":"A008_Link07","link_name":"Koboko - Oraba(Uganda/Sudan border)","road_no":"A008","road_class":"A","district":"16","region":"Northern","station":"Arua","surface_ty":"Paved","river":"KOCHI","chainage_km":298.3,"bridge_len":14.9,"bridge_wid":10.75,"no_of_spans":1,"overall_rating":7,"condition":"Good","status":"Operational","recommended_intervention":"Routine Maintenance","priority_score":41.2,"aadt_2026":4063.31,"inspection_date":"2022-03-01","location_status":"Placed on exact national road host link"}},{"type":"Feature","id":"bridge-152","geometry":{"type":"Point","coordinates":[31.826085,3.588312]},"properties":{"structure_type":"Bridges","bridge_no":"B127","bridge_nam":"Ayugi Bridge","link_no":"B250_Link01","link_name":"Laropi - Moyo","road_no":"B250","road_class":"B","district":"15","region":"Northern","station":"Moyo","surface_ty":"Unpaved","river":"AYUGI RIVER","chainage_km":20.1,"bridge_len":43.200001,"bridge_wid":11.1,"no_of_spans":3,"overall_rating":7,"condition":"Good","status":"Operational","recommended_intervention":"Routine Maintenance","priority_score":37.6,"aadt_2026":7586.69,"inspection_date":"2022-03-08","location_status":"Placed on exact national road host link"}},{"type":"Feature","id":"bridge-153","geometry":{"type":"Point","coordinates":[31.804318,3.63008]},"properties":{"structure_type":"Bridges","bridge_no":"B129","bridge_nam":"Eria Bridge","link_no":"B250_Link01","link_name":"Laropi - Moyo","road_no":"B250","road_class":"B","district":"15","region":"Northern","station":"Moyo","surface_ty":"Unpaved","river":"ERIA RIVER","chainage_km":42.2,"bridge_len":37.25,"bridge_wid":11.05,"no_of_spans":3,"overall_rating":7,"condition":"Good","status":"Operational","recommended_intervention":"Routine Maintenance","priority_score":37.6,"aadt_2026":7586.69,"inspection_date":"2022-03-08","location_status":"Placed on exact national road host link"}},{"type":"Feature","id":"bridge-154","geometry":{"type":"Point","coordinates":[31.574334,3.580072]},"properties":{"structure_type":"Bridges","bridge_no":"B134","bridge_nam":"Yii Bridge","link_no":"B250_Link02","link_name":"Moyo - Yumbe","road_no":"B250","road_class":"B","district":"15","region":"Northern","station":"Moyo","surface_ty":"Unpaved","river":"YII","chainage_km":111.779,"bridge_len":7.65,"bridge_wid":3.6,"no_of_spans":1,"overall_rating":1,"condition":"Critical","status":"Operational","recommended_intervention":"Bridge Replacement","priority_score":470,"aadt_2026":1674.92,"inspection_date":"2021-11-03","location_status":"Placed on exact national road host link"}},{"type":"Feature","id":"bridge-155","geometry":{"type":"Point","coordinates":[31.574334,3.580072]},"properties":{"structure_type":"Bridges","bridge_no":"B725","bridge_nam":"Yii","link_no":"B250_Link02","link_name":"Moyo - Yumbe","road_no":"B250","road_class":"B","district":"15","region":"Northern","station":"Moyo","surface_ty":"Unpaved","river":"YII","chainage_km":111.779,"bridge_len":7.65000009536743,"bridge_wid":3.59999990463257,"no_of_spans":1,"overall_rating":1,"condition":"Critical","status":"Operational","recommended_intervention":"Bridge Replacement","priority_score":470,"aadt_2026":1674.92,"inspection_date":"2021-11-03","location_status":"Placed on exact national road host link"}},{"type":"Feature","id":"bridge-156","geometry":{"type":"Point","coordinates":[31.53333,3.608758]},"properties":{"structure_type":"Bridges","bridge_no":"B726","bridge_nam":"Nyawa Bridge","link_no":"B250_Link02","link_name":"Moyo - Yumbe","road_no":"B250","road_class":"B","district":"15","region":"Northern","station":"Moyo","surface_ty":"Unpaved","river":"NYAWA BRIDGE","chainage_km":117.8,"bridge_len":31.450001,"bridge_wid":8.6,"no_of_spans":2,"overall_rating":7,"condition":"Good","status":"","recommended_intervention":"","priority_score":0,"aadt_2026":1674.92,"inspection_date":"2022-03-02 00:00:00","location_status":"Placed on exact national road host link"}},{"type":"Feature","id":"bridge-157","geometry":{"type":"Point","coordinates":[31.53333,3.608758]},"properties":{"structure_type":"Bridges","bridge_no":"B135","bridge_nam":"Nyawa","link_no":"B250_Link02","link_name":"Moyo - Yumbe","road_no":"B250","road_class":"B","district":"15","region":"Northern","station":"Moyo","surface_ty":"Unpaved","river":"NYAWA BRIDGE","chainage_km":117.8,"bridge_len":36,"bridge_wid":8.6,"no_of_spans":"2","overall_rating":7,"condition":"Good","status":"Operational","recommended_intervention":"Routine Maintenance","priority_score":37.6,"aadt_2026":1674.92,"inspection_date":"2021-11-03","location_status":"Placed on exact national road host link"}},{"type":"Feature","id":"bridge-158","geometry":{"type":"Point","coordinates":[31.500728,3.575274]},"properties":{"structure_type":"Bridges","bridge_no":"B136","bridge_nam":"Kochi","link_no":"B250_Link02","link_name":"Moyo - Yumbe","road_no":"B250","road_class":"B","district":"15","region":"Northern","station":"Moyo","surface_ty":"Unpaved","river":"KOCHI","chainage_km":123.6,"bridge_len":37.5,"bridge_wid":8.63,"no_of_spans":2,"overall_rating":7,"condition":"Good","status":"Operational","recommended_intervention":"Routine Maintenance","priority_score":37.6,"aadt_2026":1674.92,"inspection_date":"2022-03-02","location_status":"Placed on exact national road host link"}},{"type":"Feature","id":"bridge-159","geometry":{"type":"Point","coordinates":[31.279984,3.383565]},"properties":{"structure_type":"Bridges","bridge_no":"B137","bridge_nam":"Jure","link_no":"B250_Link03","link_name":"Yumbe - Manibe","road_no":"B250","road_class":"B","district":"15","region":"Northern","station":"Arua","surface_ty":"Unpaved","river":"JURE","chainage_km":169.334,"bridge_len":7.5,"bridge_wid":4,"no_of_spans":1,"overall_rating":1,"condition":"Critical","status":"Operational","recommended_intervention":"Bridge Replacement","priority_score":470,"aadt_2026":1796.22,"inspection_date":"2021-11-03","location_status":"Placed on exact national road host link"}},{"type":"Feature","id":"bridge-160","geometry":{"type":"Point","coordinates":[31.262939,3.365956]},"properties":{"structure_type":"Bridges","bridge_no":"B138","bridge_nam":"Dacha","link_no":"B250_Link03","link_name":"Yumbe - Manibe","road_no":"B250","road_class":"B","district":"01","region":"Northern","station":"Arua","surface_ty":"Unpaved","river":"DACHA","chainage_km":172.533,"bridge_len":11.7,"bridge_wid":8.7,"no_of_spans":1,"overall_rating":7,"condition":"Good","status":"Operational","recommended_intervention":"Routine Maintenance","priority_score":37.6,"aadt_2026":1796.22,"inspection_date":"2022-02-28","location_status":"Placed on exact national road host link"}},{"type":"Feature","id":"bridge-161","geometry":{"type":"Point","coordinates":[31.20467,3.337573]},"properties":{"structure_type":"Bridges","bridge_no":"B139","bridge_nam":"Ore Bridge","link_no":"B250_Link03","link_name":"Yumbe - Manibe","road_no":"B250","road_class":"B","district":"16","region":"Northern","station":"Arua","surface_ty":"Unpaved","river":"ORE RIVER","chainage_km":181.114,"bridge_len":11.47,"bridge_wid":8.7,"no_of_spans":1,"overall_rating":7,"condition":"Good","status":"Operational","recommended_intervention":"Routine Maintenance","priority_score":51.4,"aadt_2026":1796.22,"inspection_date":"2022-02-28","location_status":"Placed on exact national road host link"}},{"type":"Feature","id":"bridge-162","geometry":{"type":"Point","coordinates":[31.140674,3.267843]},"properties":{"structure_type":"Bridges","bridge_no":"B142","bridge_nam":"Oru Bridge","link_no":"B250_Link03","link_name":"Yumbe - Manibe","road_no":"B250","road_class":"B","district":"16","region":"Northern","station":"Arua","surface_ty":"Unpaved","river":"ORU BRIDGE","chainage_km":192.734,"bridge_len":33.93,"bridge_wid":3.65,"no_of_spans":5,"overall_rating":7,"condition":"Good","status":"Operational","recommended_intervention":"Routine Maintenance","priority_score":37.6,"aadt_2026":1796.22,"inspection_date":"2022-04-03","location_status":"Placed on exact national road host link"}},{"type":"Feature","id":"bridge-163","geometry":{"type":"Point","coordinates":[31.122776,3.25326]},"properties":{"structure_type":"Bridges","bridge_no":"B143","bridge_nam":"Enyawu Bridge","link_no":"B250_Link03","link_name":"Yumbe - Manibe","road_no":"B250","road_class":"B","district":"16","region":"Northern","station":"Arua","surface_ty":"Unpaved","river":"ENYAWU RIVER","chainage_km":198.9,"bridge_len":33.560001,"bridge_wid":4.2,"no_of_spans":4,"overall_rating":1,"condition":"Critical","status":"Operational","recommended_intervention":"Bridge Replacement","priority_score":470,"aadt_2026":1796.22,"inspection_date":"2022-02-27","location_status":"Placed on exact national road host link"}},{"type":"Feature","id":"bridge-164","geometry":{"type":"Point","coordinates":[32.057063,2.617554]},"properties":{"structure_type":"Bridges","bridge_no":"B144","bridge_nam":"Ayago Bridge","link_no":"B251_Link01","link_name":"Gulu - Olwiyo","road_no":"B251","road_class":"B","district":"13","region":"Northern","station":"Gulu","surface_ty":"Paved","river":"AYAGO RIVER","chainage_km":35.8,"bridge_len":19,"bridge_wid":11.6,"no_of_spans":1,"overall_rating":7,"condition":"Good","status":"Operational","recommended_intervention":"Routine Maintenance","priority_score":37.6,"aadt_2026":11446.6,"inspection_date":"2022-03-13","location_status":"Placed on exact national road host link"}},{"type":"Feature","id":"bridge-165","geometry":{"type":"Point","coordinates":[31.965467,2.447473]},"properties":{"structure_type":"Bridges","bridge_no":"B145","bridge_nam":"Ayago Bridge","link_no":"A008_Link01","link_name":"Karuma - Olwiyo","road_no":"A008","road_class":"A","district":"13","region":"Northern","station":"Gulu","surface_ty":"Paved","river":"AYAGO RIVER","chainage_km":38.2,"bridge_len":32.380001,"bridge_wid":7.5,"no_of_spans":3,"overall_rating":7,"condition":"Good","status":"Operational","recommended_intervention":"Routine Maintenance","priority_score":56.8,"aadt_2026":745.74,"inspection_date":"2022-03-13","location_status":"Placed on exact national road host link"}},{"type":"Feature","id":"bridge-166","geometry":{"type":"Point","coordinates":[31.937167,2.594498]},"properties":{"structure_type":"Bridges","bridge_no":"B146","bridge_nam":"Akaku","link_no":"B251_Link01","link_name":"Gulu - Olwiyo","road_no":"B251","road_class":"B","district":"13","region":"Northern","station":"Gulu","surface_ty":"Paved","river":"AKAKU","chainage_km":53,"bridge_len":11.7,"bridge_wid":7.6,"no_of_spans":"2","overall_rating":3,"condition":"Good","status":"Development","recommended_intervention":"Major Rehabilitation","priority_score":189.4,"aadt_2026":11446.6,"inspection_date":"2021-11-03","location_status":"Placed on exact national road host link"}},{"type":"Feature","id":"bridge-167","geometry":{"type":"Point","coordinates":[32.932532,2.551834]},"properties":{"structure_type":"Bridges","bridge_no":"B147","bridge_nam":"Itunga Bridge","link_no":"B252_Link01","link_name":"Lira - Puranga Bridge","road_no":"B252","road_class":"B","district":"12","region":"Northern","station":"Lira","surface_ty":"Unpaved","river":"ITUNGA STREAM","chainage_km":35.392,"bridge_len":7.3,"bridge_wid":7.92,"no_of_spans":1,"overall_rating":1,"condition":"Critical","status":"Operational","recommended_intervention":"Bridge Replacement","priority_score":470,"aadt_2026":3392.27,"inspection_date":"2022-03-13","location_status":"Placed on exact national road host link"}},{"type":"Feature","id":"bridge-168","geometry":{"type":"Point","coordinates":[32.936287,2.605823]},"properties":{"structure_type":"Bridges","bridge_no":"B148","bridge_nam":"Puranga Bridge","link_no":"B252_Link01","link_name":"Lira - Puranga Bridge","road_no":"B252","road_class":"B","district":"12","region":"Northern","station":"Lira","surface_ty":"Unpaved","river":"PURANGA RIVER","chainage_km":42.091,"bridge_len":57,"bridge_wid":11.63,"no_of_spans":3,"overall_rating":7,"condition":"Good","status":"Operational","recommended_intervention":"Routine Maintenance","priority_score":27.6,"aadt_2026":3392.27,"inspection_date":"2022-03-13","location_status":"Placed on exact national road host link"}},{"type":"Feature","id":"bridge-169","geometry":{"type":"Point","coordinates":[32.949551,2.737609]},"properties":{"structure_type":"Bridges","bridge_no":"B149","bridge_nam":"Atup Bridge","link_no":"B252_Link02","link_name":"Puranga Bridge - Corner Kilak - Pejule - Acholibur","road_no":"B252","road_class":"B","district":"14","region":"Northern","station":"Kitgum","surface_ty":"Unpaved","river":"ATUP RIVER","chainage_km":58.215,"bridge_len":8.3,"bridge_wid":7.95,"no_of_spans":2,"overall_rating":1,"condition":"Critical","status":"Operational","recommended_intervention":"Bridge Replacement","priority_score":470,"aadt_2026":5225.34,"inspection_date":"2022-03-12","location_status":"Placed on exact national road host link"}},{"type":"Feature","id":"bridge-170","geometry":{"type":"Point","coordinates":[32.91386,3.14379]},"properties":{"structure_type":"Bridges","bridge_no":"B150","bridge_nam":"Agora Bridge","link_no":"B252_Link02","link_name":"Puranga Bridge - Corner Kilak - Pejule - Acholibur","road_no":"B252","road_class":"B","district":"14","region":"Northern","station":"Kitgum","surface_ty":"Unpaved","river":"AGORA RIVER","chainage_km":104.5,"bridge_len":4.82,"bridge_wid":8.03,"no_of_spans":1,"overall_rating":3,"condition":"Poor","status":"Operational","recommended_intervention":"Major Rehabilitation","priority_score":251.5,"aadt_2026":5225.34,"inspection_date":"2022-03-12","location_status":"Placed on exact national road host link"}},{"type":"Feature","id":"bridge-171","geometry":{"type":"Point","coordinates":[32.964726,2.839816]},"properties":{"structure_type":"Bridges","bridge_no":"B151","bridge_nam":"Agago Bridge","link_no":"B252_Link02","link_name":"Puranga Bridge - Corner Kilak - Pejule - Acholibur","road_no":"B252","road_class":"B","district":"14","region":"Northern","station":"Kitgum","surface_ty":"Unpaved","river":"AGAGO","chainage_km":69.825,"bridge_len":30.450001,"bridge_wid":8,"no_of_spans":6,"overall_rating":7,"condition":"Good","status":"Operational","recommended_intervention":"Routine Maintenance","priority_score":37.6,"aadt_2026":5225.34,"inspection_date":"2022-03-12","location_status":"Placed on exact national road host link"}},{"type":"Feature","id":"bridge-172","geometry":{"type":"Point","coordinates":[32.879749,3.300847]},"properties":{"structure_type":"Bridges","bridge_no":"B154","bridge_nam":"Pager Bridge","link_no":"B252_Link03","link_name":"Acholibur - Kitgum","road_no":"B252","road_class":"B","district":"14","region":"Northern","station":"Kitgum","surface_ty":"Paved","river":"PAGER RIVER","chainage_km":123.967,"bridge_len":56.049999,"bridge_wid":15,"no_of_spans":3,"overall_rating":7,"condition":"Good","status":"Operational","recommended_intervention":"Routine Maintenance","priority_score":32.6,"aadt_2026":2841.93,"inspection_date":"2022-03-18","location_status":"Placed on exact national road host link"}},{"type":"Feature","id":"bridge-173","geometry":{"type":"Point","coordinates":[33.004674,3.396426]},"properties":{"structure_type":"Bridges","bridge_no":"B156","bridge_nam":"Aringa Bridge","link_no":"B252_Link04","link_name":"Kitgum - Madi Opei","road_no":"B252","road_class":"B","district":"14","region":"Northern","station":"Kitgum","surface_ty":"Paved","river":"ARINGA","chainage_km":141.934,"bridge_len":37.400002,"bridge_wid":11.6,"no_of_spans":2,"overall_rating":7,"condition":"Good","status":"Operational","recommended_intervention":"Routine Maintenance","priority_score":27.6,"aadt_2026":3267.38,"inspection_date":"2022-03-19","location_status":"Placed on exact national road host link"}},{"type":"Feature","id":"bridge-174","geometry":{"type":"Point","coordinates":[34.533875,1.574854]},"properties":{"structure_type":"Bridges","bridge_no":"B158","bridge_nam":"Sipi","link_no":"B300_Link03","link_name":"Muyembe - Namalu","road_no":"B300","road_class":"B","district":"19","region":"Eastern","station":"Mbale","surface_ty":"Unpaved","river":"SIPI","chainage_km":72.1,"bridge_len":8,"bridge_wid":4.5,"no_of_spans":1,"overall_rating":7,"condition":"Good","status":"Operational","recommended_intervention":"Routine Maintenance","priority_score":51.4,"aadt_2026":1443.05,"inspection_date":"2023-06-20","location_status":"Placed on exact national road host link"}},{"type":"Feature","id":"bridge-175","geometry":{"type":"Point","coordinates":[34.296604,1.335438]},"properties":{"structure_type":"Bridges","bridge_no":"B159","bridge_nam":"Cheptui","link_no":"B300_Link03","link_name":"Muyembe - Namalu","road_no":"B300","road_class":"B","district":"19","region":"Eastern","station":"Mbale","surface_ty":"Unpaved","river":"CHEPTUI","chainage_km":32.5,"bridge_len":21,"bridge_wid":5.5,"no_of_spans":1,"overall_rating":1,"condition":"Critical","status":"Operational","recommended_intervention":"Bridge Replacement","priority_score":470,"aadt_2026":1443.05,"inspection_date":"2023-06-20","location_status":"Placed on exact national road host link"}},{"type":"Feature","id":"bridge-176","geometry":{"type":"Point","coordinates":[34.296604,1.335438]},"properties":{"structure_type":"Bridges","bridge_no":"B160","bridge_nam":"Chesebere","link_no":"B300_Link03","link_name":"Muyembe - Namalu","road_no":"B300","road_class":"B","district":"19","region":"Eastern","station":"Mbale","surface_ty":"Unpaved","river":"CHESEBERE","chainage_km":32.5,"bridge_len":5,"bridge_wid":9,"no_of_spans":1,"overall_rating":5,"condition":"Good","status":"Operational","recommended_intervention":"Preventive Repair","priority_score":125,"aadt_2026":1443.05,"inspection_date":"2023-06-20","location_status":"Placed on exact national road host link"}},{"type":"Feature","id":"bridge-177","geometry":{"type":"Point","coordinates":[34.296604,1.335438]},"properties":{"structure_type":"Bridges","bridge_no":"B161","bridge_nam":"Muyembe-Angutum","link_no":"B300_Link03","link_name":"Muyembe - Namalu","road_no":"B300","road_class":"B","district":"19","region":"Eastern","station":"Mbale","surface_ty":"Unpaved","river":"KAPUTOKOI","chainage_km":32.5,"bridge_len":12,"bridge_wid":8,"no_of_spans":1,"overall_rating":4,"condition":"Marginal","status":"","recommended_intervention":"","priority_score":0,"aadt_2026":1443.05,"inspection_date":"2022-11-08 00:00:00","location_status":"Placed on exact national road host link"}},{"type":"Feature","id":"bridge-178","geometry":{"type":"Point","coordinates":[34.296604,1.335438]},"properties":{"structure_type":"Bridges","bridge_no":"B162","bridge_nam":"Road Over River","link_no":"B300_Link03","link_name":"Muyembe - Namalu","road_no":"B300","road_class":"B","district":"19","region":"Eastern","station":"Mbale","surface_ty":"Unpaved","river":"Atari River","chainage_km":32.5,"bridge_len":7,"bridge_wid":7.6,"no_of_spans":1,"overall_rating":2,"condition":"Very Poor","status":"","recommended_intervention":"","priority_score":0,"aadt_2026":1443.05,"inspection_date":"2022-11-08 00:00:00","location_status":"Placed on exact national road host link"}},{"type":"Feature","id":"bridge-179","geometry":{"type":"Point","coordinates":[34.493902,1.538957]},"properties":{"structure_type":"Bridges","bridge_no":"B163","bridge_nam":"Seretyo","link_no":"B300_Link03","link_name":"Muyembe - Namalu","road_no":"B300","road_class":"B","district":"19","region":"Eastern","station":"Mbale","surface_ty":"Unpaved","river":"SERETYO","chainage_km":65.747,"bridge_len":20,"bridge_wid":11.4,"no_of_spans":1,"overall_rating":1,"condition":"Critical","status":"Operational","recommended_intervention":"Bridge Replacement","priority_score":470,"aadt_2026":1443.05,"inspection_date":"2023-06-20","location_status":"Placed on exact national road host link"}},{"type":"Feature","id":"bridge-180","geometry":{"type":"Point","coordinates":[34.534174,1.575484]},"properties":{"structure_type":"Bridges","bridge_no":"B164","bridge_nam":"Okilim","link_no":"B300_Link03","link_name":"Muyembe - Namalu","road_no":"B300","road_class":"B","district":"19","region":"Eastern","station":"Mbale","surface_ty":"Unpaved","river":"OKILIM","chainage_km":72.178,"bridge_len":24.700001,"bridge_wid":20,"no_of_spans":3,"overall_rating":5,"condition":"Good","status":"Operational","recommended_intervention":"Preventive Repair","priority_score":102,"aadt_2026":1443.05,"inspection_date":"2023-03-14","location_status":"Placed on exact national road host link"}},{"type":"Feature","id":"bridge-181","geometry":{"type":"Point","coordinates":[34.692301,2.150103]},"properties":{"structure_type":"Bridges","bridge_no":"B165","bridge_nam":"Lorengedwat","link_no":"B300_Link05","link_name":"Lokapel - Ariamoi","road_no":"B300","road_class":"B","district":"21","region":"North Eastern","station":"Moroto","surface_ty":"Paved","river":"OMANIMAN","chainage_km":162,"bridge_len":49,"bridge_wid":11,"no_of_spans":2,"overall_rating":7,"condition":"Good","status":"Operational","recommended_intervention":"Routine Maintenance","priority_score":51.4,"aadt_2026":473.04,"inspection_date":"2021-11-03","location_status":"Placed on exact national road host link"}},{"type":"Feature","id":"bridge-182","geometry":{"type":"Point","coordinates":[34.69344,2.148754]},"properties":{"structure_type":"Bridges","bridge_no":"B166","bridge_nam":"Namalera","link_no":"B300_Link05","link_name":"Lokapel - Ariamoi","road_no":"B300","road_class":"B","district":"21","region":"North Eastern","station":"Moroto","surface_ty":"Paved","river":"NAMALERA","chainage_km":161.8,"bridge_len":25,"bridge_wid":11,"no_of_spans":1,"overall_rating":7,"condition":"Good","status":"Operational","recommended_intervention":"Routine Maintenance","priority_score":51.4,"aadt_2026":473.04,"inspection_date":"2021-11-03","location_status":"Placed on exact national road host link"}},{"type":"Feature","id":"bridge-183","geometry":{"type":"Point","coordinates":[34.692301,2.150103]},"properties":{"structure_type":"Bridges","bridge_no":"B167","bridge_nam":"Lokali","link_no":"B300_Link05","link_name":"Lokapel - Ariamoi","road_no":"B300","road_class":"B","district":"21","region":"North Eastern","station":"Moroto","surface_ty":"Paved","river":"LOKALI","chainage_km":162,"bridge_len":25,"bridge_wid":11,"no_of_spans":1,"overall_rating":5,"condition":"Good","status":"Operational","recommended_intervention":"Preventive Repair","priority_score":102,"aadt_2026":473.04,"inspection_date":"2021-11-03","location_status":"Placed on exact national road host link"}},{"type":"Feature","id":"bridge-184","geometry":{"type":"Point","coordinates":[34.568435,2.504801]},"properties":{"structure_type":"Bridges","bridge_no":"B168","bridge_nam":"Nadunget","link_no":"B300_Link06","link_name":"Ariamoi - Moroto","road_no":"B300","road_class":"B","district":"20","region":"North Eastern","station":"Moroto","surface_ty":"Paved","river":"ANGOLOT","chainage_km":208,"bridge_len":25,"bridge_wid":11,"no_of_spans":1,"overall_rating":7,"condition":"Good","status":"Operational","recommended_intervention":"Routine Maintenance","priority_score":51.4,"aadt_2026":473.04,"inspection_date":"2022-11-08","location_status":"Placed on exact national road host link"}},{"type":"Feature","id":"bridge-185","geometry":{"type":"Point","coordinates":[34.265879,2.777574]},"properties":{"structure_type":"Bridges","bridge_no":"B169","bridge_nam":"Lokichar","link_no":"B301_Link01","link_name":"Ariamoi - Kaladonapal - Kaperimoru","road_no":"B301","road_class":"B","district":"22","region":"North Eastern","station":"Kotido","surface_ty":"Unpaved","river":"LOKICHAR","chainage_km":54,"bridge_len":21.8,"bridge_wid":5.98,"no_of_spans":1,"overall_rating":3,"condition":"Fair","status":"Operational","recommended_intervention":"Major Rehabilitation","priority_score":217,"aadt_2026":1147.52,"inspection_date":"2021-11-03","location_status":"Placed on exact national road host link"}},{"type":"Feature","id":"bridge-186","geometry":{"type":"Point","coordinates":[34.18944,2.971109]},"properties":{"structure_type":"Bridges","bridge_no":"B170","bridge_nam":"Danyangala","link_no":"B301_Link02","link_name":"Kapelimoru - Kotido","road_no":"B301","road_class":"B","district":"22","region":"North Eastern","station":"Kotido","surface_ty":"Unpaved","river":"NANGOLOLO","chainage_km":83.5,"bridge_len":31,"bridge_wid":4.8,"no_of_spans":1,"overall_rating":3,"condition":"Fair","status":"Operational","recommended_intervention":"Major Rehabilitation","priority_score":217,"aadt_2026":1147.52,"inspection_date":"2021-11-03","location_status":"Placed on exact national road host link"}},{"type":"Feature","id":"bridge-187","geometry":{"type":"Point","coordinates":[33.660627,2.71419]},"properties":{"structure_type":"Bridges","bridge_no":"B171","bridge_nam":"Kotido- Kailong","link_no":"B302_Link01","link_name":"Kotido - Abim","road_no":"B302","road_class":"B","district":"22","region":"North Eastern","station":"Kotido","surface_ty":"Unpaved","river":"LONGIRO","chainage_km":63.5,"bridge_len":18.799999,"bridge_wid":4.5,"no_of_spans":1,"overall_rating":7,"condition":"Good","status":"","recommended_intervention":"","priority_score":0,"aadt_2026":1022.18,"inspection_date":"2022-11-08 00:00:00","location_status":"Placed on exact national road host link"}},{"type":"Feature","id":"bridge-188","geometry":{"type":"Point","coordinates":[34.07841,3.010695]},"properties":{"structure_type":"Bridges","bridge_no":"B172","bridge_nam":"Katulangole","link_no":"B301_Link03","link_name":"Kotido - Apaan - Kabong","road_no":"B301","road_class":"B","district":"22","region":"North Eastern","station":"Kotido","surface_ty":"Unpaved","river":"KATULANGOLE","chainage_km":102.5,"bridge_len":21.5,"bridge_wid":4.5,"no_of_spans":1,"overall_rating":7,"condition":"Good","status":"Operational","recommended_intervention":"Routine Maintenance","priority_score":37.6,"aadt_2026":717.02,"inspection_date":"2022-11-08","location_status":"Placed on exact national road host link"}},{"type":"Feature","id":"bridge-189","geometry":{"type":"Point","coordinates":[34.07841,3.010695]},"properties":{"structure_type":"Bridges","bridge_no":"B173","bridge_nam":"Lochom","link_no":"B301_Link03","link_name":"Kotido - Apaan - Kabong","road_no":"B301","road_class":"B","district":"22","region":"North Eastern","station":"Kotido","surface_ty":"Unpaved","river":"LOCHOM","chainage_km":102.5,"bridge_len":15.8,"bridge_wid":4.5,"no_of_spans":1,"overall_rating":7,"condition":"Good","status":"Operational","recommended_intervention":"Routine Maintenance","priority_score":51.4,"aadt_2026":717.02,"inspection_date":"2022-11-08","location_status":"Placed on exact national road host link"}},{"type":"Feature","id":"bridge-190","geometry":{"type":"Point","coordinates":[34.07841,3.010695]},"properties":{"structure_type":"Bridges","bridge_no":"B174","bridge_nam":"Lomusan","link_no":"B301_Link03","link_name":"Kotido - Apaan - Kabong","road_no":"B301","road_class":"B","district":"22","region":"North Eastern","station":"Kotido","surface_ty":"Unpaved","river":"LOMUSAN","chainage_km":102.5,"bridge_len":15.6,"bridge_wid":4.5,"no_of_spans":1,"overall_rating":7,"condition":"Good","status":"Operational","recommended_intervention":"Routine Maintenance","priority_score":37.6,"aadt_2026":717.02,"inspection_date":"2021-11-03","location_status":"Placed on exact national road host link"}},{"type":"Feature","id":"bridge-191","geometry":{"type":"Point","coordinates":[34.07841,3.010695]},"properties":{"structure_type":"Bridges","bridge_no":"B175","bridge_nam":"Kaabong","link_no":"B301_Link03","link_name":"Kotido - Apaan - Kabong","road_no":"B301","road_class":"B","district":"21","region":"North Eastern","station":"Kotido","surface_ty":"Unpaved","river":"KAABONG","chainage_km":102.5,"bridge_len":40,"bridge_wid":10.4,"no_of_spans":2,"overall_rating":7,"condition":"Good","status":"Operational","recommended_intervention":"Routine Maintenance","priority_score":37.6,"aadt_2026":717.02,"inspection_date":"2022-11-08","location_status":"Placed on exact national road host link"}},{"type":"Feature","id":"bridge-192","geometry":{"type":"Point","coordinates":[34.07841,3.010695]},"properties":{"structure_type":"Bridges","bridge_no":"B176","bridge_nam":"Lakapelot","link_no":"B301_Link03","link_name":"Kotido - Apaan - Kabong","road_no":"B301","road_class":"B","district":"22","region":"North Eastern","station":"Kotido","surface_ty":"Unpaved","river":"AKAPELOT","chainage_km":102.5,"bridge_len":15,"bridge_wid":4.5,"no_of_spans":1,"overall_rating":1,"condition":"Critical","status":"Operational","recommended_intervention":"Bridge Replacement","priority_score":378,"aadt_2026":717.02,"inspection_date":"2022-11-08","location_status":"Placed on exact national road host link"}},{"type":"Feature","id":"bridge-193","geometry":{"type":"Point","coordinates":[34.07841,3.010695]},"properties":{"structure_type":"Bridges","bridge_no":"B177","bridge_nam":"Yadalala","link_no":"B301_Link03","link_name":"Kotido - Apaan - Kabong","road_no":"B301","road_class":"B","district":"22","region":"North Eastern","station":"Kotido","surface_ty":"Unpaved","river":"NAKWOSONGWAN","chainage_km":102.5,"bridge_len":15,"bridge_wid":4.5,"no_of_spans":1,"overall_rating":5,"condition":"Good","status":"Operational","recommended_intervention":"Preventive Repair","priority_score":125,"aadt_2026":717.02,"inspection_date":"2022-11-08","location_status":"Placed on exact national road host link"}},{"type":"Feature","id":"bridge-194","geometry":{"type":"Point","coordinates":[34.07841,3.010695]},"properties":{"structure_type":"Bridges","bridge_no":"B178","bridge_nam":"Nariamabune","link_no":"B301_Link03","link_name":"Kotido - Apaan - Kabong","road_no":"B301","road_class":"B","district":"22","region":"North Eastern","station":"Kotido","surface_ty":"Unpaved","river":"LOBALOKILI","chainage_km":102.5,"bridge_len":16,"bridge_wid":10.5,"no_of_spans":1,"overall_rating":7,"condition":"Good","status":"Operational","recommended_intervention":"Routine Maintenance","priority_score":37.6,"aadt_2026":717.02,"inspection_date":"2022-11-08","location_status":"Placed on exact national road host link"}},{"type":"Feature","id":"bridge-195","geometry":{"type":"Point","coordinates":[33.778937,2.835157]},"properties":{"structure_type":"Bridges","bridge_no":"B179","bridge_nam":"Loyoroit","link_no":"B302_Link01","link_name":"Kotido - Abim","road_no":"B302","road_class":"B","district":"21","region":"North Eastern","station":"Kotido","surface_ty":"Unpaved","river":"LOYOROIT","chainage_km":43,"bridge_len":27,"bridge_wid":5,"no_of_spans":1,"overall_rating":7,"condition":"Good","status":"Operational","recommended_intervention":"Routine Maintenance","priority_score":37.6,"aadt_2026":1022.18,"inspection_date":"2022-11-08","location_status":"Placed on exact national road host link"}},{"type":"Feature","id":"bridge-196","geometry":{"type":"Point","coordinates":[33.614885,2.712747]},"properties":{"structure_type":"Bridges","bridge_no":"B181","bridge_nam":"Otaka Bridge","link_no":"B302_Link02","link_name":"Abim - Kilak","road_no":"B302","road_class":"B","district":"14","region":"Northern","station":"Kitgum","surface_ty":"Unpaved","river":"OTAKA RIVER","chainage_km":68.9,"bridge_len":46.57,"bridge_wid":10.04,"no_of_spans":"3","overall_rating":1,"condition":"Critical","status":"Operational","recommended_intervention":"Bridge Replacement","priority_score":470,"aadt_2026":861.37,"inspection_date":"2022-03-12","location_status":"Placed on exact national road host link"}},{"type":"Feature","id":"bridge-197","geometry":{"type":"Point","coordinates":[33.778598,1.865801]},"properties":{"structure_type":"Bridges","bridge_no":"B182","bridge_nam":"Komolo","link_no":"B303_Link02","link_name":"Arapai - Katakwi - Iriri","road_no":"B303","road_class":"B","district":"20","region":"North Eastern","station":"Soroti","surface_ty":"Paved","river":"KOMOLO","chainage_km":29.6,"bridge_len":78,"bridge_wid":11,"no_of_spans":3,"overall_rating":3,"condition":"Fair","status":"Operational","recommended_intervention":"Major Rehabilitation","priority_score":217,"aadt_2026":2002.57,"inspection_date":"2022-11-08","location_status":"Placed on exact national road host link"}},{"type":"Feature","id":"bridge-198","geometry":{"type":"Point","coordinates":[34.142034,2.044835]},"properties":{"structure_type":"Bridges","bridge_no":"B183","bridge_nam":"Getom","link_no":"B303_Link02","link_name":"Arapai - Katakwi - Iriri","road_no":"B303","road_class":"B","district":"20","region":"North Eastern","station":"Soroti","surface_ty":"Paved","river":"ABRAITU","chainage_km":81.862,"bridge_len":21.8,"bridge_wid":5.8,"no_of_spans":1,"overall_rating":5,"condition":"Good","status":"Operational","recommended_intervention":"Preventive Repair","priority_score":125,"aadt_2026":2002.57,"inspection_date":"2021-11-03","location_status":"Placed on exact national road host link"}},{"type":"Feature","id":"bridge-199","geometry":{"type":"Point","coordinates":[33.97947,1.919301]},"properties":{"structure_type":"Bridges","bridge_no":"B184","bridge_nam":"Akangole","link_no":"B303_Link02","link_name":"Arapai - Katakwi - Iriri","road_no":"B303","road_class":"B","district":"21","region":"North Eastern","station":"Soroti","surface_ty":"Paved","river":"OMANIMA","chainage_km":54.1,"bridge_len":78,"bridge_wid":18.799999,"no_of_spans":3,"overall_rating":7,"condition":"Good","status":"","recommended_intervention":"","priority_score":0,"aadt_2026":2002.57,"inspection_date":"2022-11-08 00:00:00","location_status":"Placed on exact national road host link"}},{"type":"Feature","id":"bridge-200","geometry":{"type":"Point","coordinates":[32.97404,2.23975]},"properties":{"structure_type":"Bridges","bridge_no":"B185","bridge_nam":"Apak Bridge","link_no":"C650_Link01","link_name":"Lira - Akia","road_no":"C650","road_class":"C","district":"12","region":"Northern","station":"Lira","surface_ty":"Paved","river":"Apak River","chainage_km":8.2,"bridge_len":5.5,"bridge_wid":5.5,"no_of_spans":2,"overall_rating":7,"condition":"Good","status":"Operational","recommended_intervention":"Routine Maintenance","priority_score":24,"aadt_2026":469.76,"inspection_date":"2021-11-03","location_status":"Placed on exact national road host link"}},{"type":"Feature","id":"bridge-201","geometry":{"type":"Point","coordinates":[32.97404,2.23975]},"properties":{"structure_type":"Bridges","bridge_no":"B186","bridge_nam":"Apak Bridge","link_no":"C650_Link01","link_name":"Lira - Akia","road_no":"C650","road_class":"C","district":"12","region":"Northern","station":"Lira","surface_ty":"Paved","river":"APAK RIVER","chainage_km":8.2,"bridge_len":40.360001,"bridge_wid":9.71,"no_of_spans":2,"overall_rating":7,"condition":"Good","status":"Operational","recommended_intervention":"Routine Maintenance","priority_score":46,"aadt_2026":469.76,"inspection_date":"2022-03-14","location_status":"Placed on exact national road host link"}},{"type":"Feature","id":"bridge-202","geometry":{"type":"Point","coordinates":[32.404081,2.525141]},"properties":{"structure_type":"Bridges","bridge_no":"B187","bridge_nam":"Tochi (Awol) Bridge","link_no":"C655_Link01","link_name":"Bobi-Aboke-Ayer","road_no":"C655","road_class":"C","district":"13","region":"Northern","station":"Gulu","surface_ty":"Unpaved","river":"TOCHI RIVER","chainage_km":7.93,"bridge_len":26.65,"bridge_wid":11.17,"no_of_spans":1,"overall_rating":7,"condition":"Good","status":"Operational","recommended_intervention":"Routine Maintenance","priority_score":34,"aadt_2026":1773.28,"inspection_date":"2022-03-15","location_status":"Placed on exact national road host link"}},{"type":"Feature","id":"bridge-203","geometry":{"type":"Point","coordinates":[32.73203,2.68058]},"properties":{"structure_type":"Bridges","bridge_no":"B188","bridge_nam":"Odek","link_no":"C680_Link02","link_name":"Opit-Rwackoko","road_no":"C680","road_class":"C","district":"13","region":"Northern","station":"Gulu","surface_ty":"Unpaved","river":"ODEK RIVER","chainage_km":64.43,"bridge_len":5.9,"bridge_wid":4,"no_of_spans":2,"overall_rating":1,"condition":"Critical","status":"Operational","recommended_intervention":"Bridge Replacement","priority_score":410,"aadt_2026":1515.38,"inspection_date":"2021-11-03","location_status":"Placed on exact national road host link"}},{"type":"Feature","id":"bridge-204","geometry":{"type":"Point","coordinates":[32.820169,2.704904]},"properties":{"structure_type":"Bridges","bridge_no":"B189","bridge_nam":"Awere Bridge","link_no":"C680_Link02","link_name":"Opit-Rwackoko","road_no":"C680","road_class":"C","district":"13","region":"Northern","station":"Gulu","surface_ty":"Unpaved","river":"ASWA RIVER","chainage_km":74.91,"bridge_len":49.400002,"bridge_wid":6.8,"no_of_spans":3,"overall_rating":3,"condition":"Poor","status":"Operational","recommended_intervention":"Major Rehabilitation","priority_score":220,"aadt_2026":1515.38,"inspection_date":"2022-03-15","location_status":"Placed on exact national road host link"}},{"type":"Feature","id":"bridge-205","geometry":{"type":"Point","coordinates":[32.764804,3.028109]},"properties":{"structure_type":"Bridges","bridge_no":"B192","bridge_nam":"Ajan Bridge","link_no":"C681_Link01","link_name":"Acholibur - Aswa","road_no":"C681","road_class":"C","district":"14","region":"Northern","station":"Kitgum","surface_ty":"Paved","river":"AJAN RIVER","chainage_km":21.525,"bridge_len":38.799999,"bridge_wid":11.7,"no_of_spans":2,"overall_rating":7,"condition":"Good","status":"Operational","recommended_intervention":"Routine Maintenance","priority_score":34,"aadt_2026":1358.82,"inspection_date":"2022-03-16","location_status":"Placed on exact national road host link"}},{"type":"Feature","id":"bridge-206","geometry":{"type":"Point","coordinates":[32.581385,2.9585]},"properties":{"structure_type":"Bridges","bridge_no":"B195","bridge_nam":"Aswa Bridge","link_no":"C681_Link02","link_name":"Aswa - Gulu","road_no":"C681","road_class":"C","district":"14","region":"Northern","station":"Gulu","surface_ty":"Paved","river":"ASWA RIVER","chainage_km":45.121,"bridge_len":61.099998,"bridge_wid":10.6,"no_of_spans":3,"overall_rating":7,"condition":"Good","status":"Operational","recommended_intervention":"Routine Maintenance","priority_score":34,"aadt_2026":1834.47,"inspection_date":"2022-03-16","location_status":"Placed on exact national road host link"}},{"type":"Feature","id":"bridge-207","geometry":{"type":"Point","coordinates":[32.289533,2.955283]},"properties":{"structure_type":"Bridges","bridge_no":"B196","bridge_nam":"Unyama Bridge","link_no":"C682_Link01","link_name":"Gulu - Logere - Adee","road_no":"C682","road_class":"C","district":"13","region":"Northern","station":"Gulu","surface_ty":"Unpaved","river":"UNYAMA RIVER","chainage_km":20.32,"bridge_len":13.5,"bridge_wid":4.2,"no_of_spans":2,"overall_rating":7,"condition":"Good","status":"Operational","recommended_intervention":"Routine Maintenance","priority_score":46,"aadt_2026":1651.62,"inspection_date":"2022-03-09","location_status":"Placed on exact national road host link"}},{"type":"Feature","id":"bridge-208","geometry":{"type":"Point","coordinates":[31.030242,2.378095]},"properties":{"structure_type":"Bridges","bridge_no":"B197","bridge_nam":"Nyarwotho","link_no":"C745_Link01","link_name":"Nebbi - Goli","road_no":"C745","road_class":"C","district":"16","region":"Northern","station":"Arua","surface_ty":"Unpaved","river":"River Nyarwodho","chainage_km":15.025,"bridge_len":25,"bridge_wid":11.4,"no_of_spans":"1","overall_rating":7,"condition":"Good","status":"Operational","recommended_intervention":"Routine Maintenance","priority_score":46,"aadt_2026":1411.4,"inspection_date":"2021-11-03","location_status":"Placed on exact national road host link"}},{"type":"Feature","id":"bridge-209","geometry":{"type":"Point","coordinates":[32.206822,3.265451]},"properties":{"structure_type":"Bridges","bridge_no":"B198","bridge_nam":"Unyama Bridge","link_no":"C700_Link01","link_name":"Atiak-Palabek","road_no":"C700","road_class":"C","district":"14","region":"Northern","station":"Kitgum","surface_ty":"Unpaved","river":"UNYAMA RIVER","chainage_km":10.945,"bridge_len":31,"bridge_wid":6.52,"no_of_spans":1,"overall_rating":7,"condition":"Good","status":"Operational","recommended_intervention":"Routine Maintenance","priority_score":24,"aadt_2026":901.1,"inspection_date":"2022-03-09","location_status":"Placed on exact national road host link"}},{"type":"Feature","id":"bridge-210","geometry":{"type":"Point","coordinates":[32.361863,3.298129]},"properties":{"structure_type":"Bridges","bridge_no":"B199","bridge_nam":"Aswa Bridge","link_no":"C700_Link01","link_name":"Atiak-Palabek","road_no":"C700","road_class":"C","district":"14","region":"Northern","station":"Kitgum","surface_ty":"Unpaved","river":"ASWA RIVER","chainage_km":37.498,"bridge_len":88.110001,"bridge_wid":6,"no_of_spans":4,"overall_rating":7,"condition":"Good","status":"Operational","recommended_intervention":"Routine Maintenance","priority_score":36,"aadt_2026":901.1,"inspection_date":"2022-03-09","location_status":"Placed on exact national road host link"}},{"type":"Feature","id":"bridge-211","geometry":{"type":"Point","coordinates":[32.412506,3.368149]},"properties":{"structure_type":"Bridges","bridge_no":"B200","bridge_nam":"Awich Bridge","link_no":"C700_Link01","link_name":"Atiak-Palabek","road_no":"C700","road_class":"C","district":"14","region":"Northern","station":"Kitgum","surface_ty":"Unpaved","river":"AWICH RIVER","chainage_km":48.12,"bridge_len":10.6,"bridge_wid":3.9,"no_of_spans":1,"overall_rating":1,"condition":"Critical","status":"Operational","recommended_intervention":"Bridge Replacement","priority_score":400,"aadt_2026":901.1,"inspection_date":"2022-04-03","location_status":"Placed on exact national road host link"}},{"type":"Feature","id":"bridge-212","geometry":{"type":"Point","coordinates":[32.521686,3.425431]},"properties":{"structure_type":"Bridges","bridge_no":"B201","bridge_nam":"Burkung","link_no":"C700_Link01","link_name":"Atiak-Palabek","road_no":"C700","road_class":"C","district":"14","region":"Northern","station":"Kitgum","surface_ty":"Unpaved","river":"BURKUNG","chainage_km":62.887,"bridge_len":12.6,"bridge_wid":5.98,"no_of_spans":1,"overall_rating":5,"condition":"Good","status":"Operational","recommended_intervention":"Preventive Repair","priority_score":90,"aadt_2026":901.1,"inspection_date":"2022-03-23","location_status":"Placed on exact national road host link"}},{"type":"Feature","id":"bridge-213","geometry":{"type":"Point","coordinates":[32.854161,3.438764]},"properties":{"structure_type":"Bridges","bridge_no":"B202","bridge_nam":"Lagwel Bridge","link_no":"C701_Link01","link_name":"Kitgum-Lukung-Ngomoromo","road_no":"C701","road_class":"C","district":"14","region":"Northern","station":"Kitgum","surface_ty":"Unpaved","river":"LAGWEL STREAM","chainage_km":14.467,"bridge_len":5.5,"bridge_wid":4.35,"no_of_spans":1,"overall_rating":3,"condition":"Fair","status":"Operational","recommended_intervention":"Major Rehabilitation","priority_score":190,"aadt_2026":365.7,"inspection_date":"2022-03-22","location_status":"Placed on exact national road host link"}},{"type":"Feature","id":"bridge-214","geometry":{"type":"Point","coordinates":[32.599589,3.66216]},"properties":{"structure_type":"Bridges","bridge_no":"B203","bridge_nam":"Limu Bridge","link_no":"C701_Link01","link_name":"Kitgum-Lukung-Ngomoromo","road_no":"C701","road_class":"C","district":"14","region":"Northern","station":"Kitgum","surface_ty":"Unpaved","river":"LIMU RIVER","chainage_km":54.486,"bridge_len":7.4,"bridge_wid":5.6,"no_of_spans":1,"overall_rating":1,"condition":"Critical","status":"Operational","recommended_intervention":"Bridge Replacement","priority_score":410,"aadt_2026":365.7,"inspection_date":"2022-03-22","location_status":"Placed on exact national road host link"}},{"type":"Feature","id":"bridge-215","geometry":{"type":"Point","coordinates":[33.018501,3.794369]},"properties":{"structure_type":"Bridges","bridge_no":"B206","bridge_nam":"Okura Bridge","link_no":"C702_Link01","link_name":"Madi Opei-Agoro Hills","road_no":"C702","road_class":"C","district":"14","region":"Northern","station":"Kitgum","surface_ty":"Unpaved","river":"21.543","chainage_km":21.543,"bridge_len":10.3,"bridge_wid":4.6,"no_of_spans":1,"overall_rating":1,"condition":"Critical","status":"Operational","recommended_intervention":"Bridge Replacement","priority_score":400,"aadt_2026":365.7,"inspection_date":"2022-04-13","location_status":"Placed on exact national road host link"}},{"type":"Feature","id":"bridge-216","geometry":{"type":"Point","coordinates":[33.055929,3.268654]},"properties":{"structure_type":"Bridges","bridge_no":"B207","bridge_nam":"Kitgum Matidi","link_no":"C703_Link01","link_name":"Kitgum - Orom","road_no":"C703","road_class":"C","district":"14","region":"Northern","station":"Kitgum","surface_ty":"Unpaved","river":"PAGER RIVER","chainage_km":22.147,"bridge_len":40.400002,"bridge_wid":4.8,"no_of_spans":8,"overall_rating":1,"condition":"Critical","status":"Operational","recommended_intervention":"Bridge Replacement","priority_score":410,"aadt_2026":799.52,"inspection_date":"2022-03-23","location_status":"Placed on exact national road host link"}},{"type":"Feature","id":"bridge-217","geometry":{"type":"Point","coordinates":[31.393568,2.717795]},"properties":{"structure_type":"Bridges","bridge_no":"B208","bridge_nam":"Oraa 1","link_no":"C743_Link01","link_name":"Pakwach-Inde","road_no":"C743","road_class":"C","district":"16","region":"Northern","station":"Arua","surface_ty":"Unpaved","river":"ORAA","chainage_km":33.561,"bridge_len":24.9,"bridge_wid":3.8,"no_of_spans":"1","overall_rating":3,"condition":"Good","status":"Development","recommended_intervention":"Major Rehabilitation","priority_score":163,"aadt_2026":515.08,"inspection_date":"2021-11-03","location_status":"Placed on exact national road host link"}},{"type":"Feature","id":"bridge-218","geometry":{"type":"Point","coordinates":[31.393566,2.717803]},"properties":{"structure_type":"Bridges","bridge_no":"B209","bridge_nam":"Oraa2 Bridge","link_no":"C743_Link01","link_name":"Pakwach-Inde","road_no":"C743","road_class":"C","district":"16","region":"Northern","station":"Arua","surface_ty":"Unpaved","river":"ORAA RIVER","chainage_km":33.562,"bridge_len":35.200001,"bridge_wid":5.06,"no_of_spans":1,"overall_rating":5,"condition":"Good","status":"Operational","recommended_intervention":"Preventive Repair","priority_score":110,"aadt_2026":515.08,"inspection_date":"2022-04-03","location_status":"Placed on exact national road host link"}},{"type":"Feature","id":"bridge-219","geometry":{"type":"Point","coordinates":[31.147253,2.893707]},"properties":{"structure_type":"Bridges","bridge_no":"B210","bridge_nam":"Awa","link_no":"C743_Link02","link_name":"Inde-Ocoko","road_no":"C743","road_class":"C","district":0,"region":"Northern","station":"Arua","surface_ty":"Unpaved","river":"AWA","chainage_km":69.685,"bridge_len":9.8,"bridge_wid":3.8,"no_of_spans":"1","overall_rating":3,"condition":"Fair","status":"Operational","recommended_intervention":"Major Rehabilitation","priority_score":190,"aadt_2026":1111.44,"inspection_date":"2021-11-03","location_status":"Placed on exact national road host link"}},{"type":"Feature","id":"bridge-220","geometry":{"type":"Point","coordinates":[31.071471,2.903333]},"properties":{"structure_type":"Bridges","bridge_no":"B211","bridge_nam":"Allah Bridge","link_no":"C743_Link02","link_name":"Inde-Ocoko","road_no":"C743","road_class":"C","district":"16","region":"Northern","station":"Arua","surface_ty":"Unpaved","river":"ALA RIVER","chainage_km":78.299,"bridge_len":21,"bridge_wid":11.4,"no_of_spans":1,"overall_rating":3,"condition":"Fair","status":"Operational","recommended_intervention":"Major Rehabilitation","priority_score":190,"aadt_2026":1111.44,"inspection_date":"2022-04-04","location_status":"Placed on exact national road host link"}},{"type":"Feature","id":"bridge-221","geometry":{"type":"Point","coordinates":[31.01939,2.914787]},"properties":{"structure_type":"Bridges","bridge_no":"B212","bridge_nam":"Olemika Bridge","link_no":"C743_Link02","link_name":"Inde-Ocoko","road_no":"C743","road_class":"C","district":"16","region":"Northern","station":"Arua","surface_ty":"Unpaved","river":"OLEMIKA","chainage_km":84.499,"bridge_len":11.6,"bridge_wid":10.7,"no_of_spans":1,"overall_rating":1,"condition":"Critical","status":"Operational","recommended_intervention":"Bridge Replacement","priority_score":410,"aadt_2026":1111.44,"inspection_date":"2022-04-04","location_status":"Placed on exact national road host link"}},{"type":"Feature","id":"bridge-222","geometry":{"type":"Point","coordinates":[31.358268,2.322403]},"properties":{"structure_type":"Bridges","bridge_no":"B213","bridge_nam":"Boro Bridge","link_no":"C746_Link01","link_name":"Packwach - Panyimur","road_no":"C746","road_class":"C","district":"16","region":"Northern","station":"Arua","surface_ty":"Unpaved","river":"MUTUTU","chainage_km":21.805,"bridge_len":21.1,"bridge_wid":4,"no_of_spans":3,"overall_rating":5,"condition":"Good","status":"Operational","recommended_intervention":"Preventive Repair","priority_score":110,"aadt_2026":515.08,"inspection_date":"2022-04-04","location_status":"Placed on exact national road host link"}},{"type":"Feature","id":"bridge-223","geometry":{"type":"Point","coordinates":[31.336816,2.291343]},"properties":{"structure_type":"Bridges","bridge_no":"B214","bridge_nam":"Kivuje Bridge","link_no":"C746_Link01","link_name":"Packwach - Panyimur","road_no":"C746","road_class":"C","district":"16","region":"Northern","station":"Arua","surface_ty":"Unpaved","river":"KIVUJE","chainage_km":26.166,"bridge_len":8.7,"bridge_wid":4.03,"no_of_spans":1,"overall_rating":5,"condition":"Good","status":"Operational","recommended_intervention":"Preventive Repair","priority_score":110,"aadt_2026":515.08,"inspection_date":"2022-04-05","location_status":"Placed on exact national road host link"}},{"type":"Feature","id":"bridge-224","geometry":{"type":"Point","coordinates":[34.571462,2.025584]},"properties":{"structure_type":"Bridges","bridge_no":"B215","bridge_nam":"Lojoro","link_no":"C960_Link01","link_name":"Angatun-Nabilatuk-Lokapel","road_no":"C960","road_class":"C","district":"20","region":"North Eastern","station":"Moroto","surface_ty":"Unpaved","river":"LOJORO","chainage_km":22,"bridge_len":5,"bridge_wid":4.5,"no_of_spans":1,"overall_rating":3,"condition":"Poor","status":"Operational","recommended_intervention":"Major Rehabilitation","priority_score":220,"aadt_2026":1323.61,"inspection_date":"2022-11-08","location_status":"Placed on exact national road host link"}},{"type":"Feature","id":"bridge-225","geometry":{"type":"Point","coordinates":[34.69295,2.146408]},"properties":{"structure_type":"Bridges","bridge_no":"B216","bridge_nam":"Nakoyiti","link_no":"C960_Link01","link_name":"Angatun-Nabilatuk-Lokapel","road_no":"C960","road_class":"C","district":"20","region":"North Eastern","station":"Moroto","surface_ty":"Unpaved","river":"NAKOYITI","chainage_km":46.5,"bridge_len":12,"bridge_wid":5,"no_of_spans":1,"overall_rating":5,"condition":"Good","status":"Operational","recommended_intervention":"Preventive Repair","priority_score":90,"aadt_2026":1323.61,"inspection_date":"2021-11-03","location_status":"Placed on exact national road host link"}},{"type":"Feature","id":"bridge-226","geometry":{"type":"Point","coordinates":[34.943146,1.952938]},"properties":{"structure_type":"Bridges","bridge_no":"B217","bridge_nam":"Chololo","link_no":"C961_Link01","link_name":"Chosan to Amudat","road_no":"C961","road_class":"C","district":"21","region":"North Eastern","station":"Moroto","surface_ty":"Unpaved","river":"CHOLOLO","chainage_km":30.5,"bridge_len":20,"bridge_wid":10.4,"no_of_spans":1,"overall_rating":7,"condition":"Good","status":"Operational","recommended_intervention":"Routine Maintenance","priority_score":34,"aadt_2026":289.49,"inspection_date":"2021-11-03","location_status":"Placed on exact national road host link"}},{"type":"Feature","id":"bridge-227","geometry":{"type":"Point","coordinates":[32.74637,0.36062]},"properties":{"structure_type":"Bridges","bridge_no":"B218","bridge_nam":"Kolo Bridge","link_no":"C036_Link01","link_name":"Nambole - Kampala Industrial Park - Mukono","road_no":"C036","road_class":"C","district":"01","region":"Central","station":"Kampala","surface_ty":"Unpaved","river":"Road Over Rail","chainage_km":13.692,"bridge_len":19.5,"bridge_wid":8,"no_of_spans":1,"overall_rating":5,"condition":"Good","status":"Operational","recommended_intervention":"Preventive Repair","priority_score":90,"aadt_2026":6245.76,"inspection_date":"","location_status":"Placed on exact national road host link"}},{"type":"Feature","id":"bridge-228","geometry":{"type":"Point","coordinates":[32.43621,0.02792]},"properties":{"structure_type":"Bridges","bridge_no":"B220","bridge_nam":"Kigungu Bridge","link_no":"C177_Link01","link_name":"Access to Kigungu","road_no":"C177","road_class":"C","district":"01","region":"Central","station":"Kampala","surface_ty":"Unpaved","river":"","chainage_km":10,"bridge_len":122.5,"bridge_wid":4.2,"no_of_spans":1,"overall_rating":3,"condition":"Fair","status":"Operational","recommended_intervention":"Major Rehabilitation","priority_score":190,"aadt_2026":3451.61,"inspection_date":"","location_status":"Placed on exact national road host link"}},{"type":"Feature","id":"bridge-229","geometry":{"type":"Point","coordinates":[32.250569,0.494279]},"properties":{"structure_type":"Bridges","bridge_no":"B222","bridge_nam":"Mayanja","link_no":"C187_Link01","link_name":"Namayumba - Kitalya Prison - Kamuli","road_no":"C187","road_class":"C","district":"01","region":"Central","station":"Kampala","surface_ty":"Unpaved","river":"MAYANJA RIVER","chainage_km":4,"bridge_len":21.5,"bridge_wid":5.13,"no_of_spans":1,"overall_rating":7,"condition":"Good","status":"Operational","recommended_intervention":"Routine Maintenance","priority_score":46,"aadt_2026":433.46,"inspection_date":"","location_status":"Placed on exact national road host link"}},{"type":"Feature","id":"bridge-230","geometry":{"type":"Point","coordinates":[31.625775,0.894128]},"properties":{"structure_type":"Bridges","bridge_no":"B223","bridge_nam":"Bukoola","link_no":"C271_Link04","link_name":"Kitumbi Bridge - Bukwiri","road_no":"C271","road_class":"C","district":"03","region":"Western","station":"Hoima","surface_ty":"Unpaved","river":"BUKOOLA","chainage_km":79.572,"bridge_len":33.25,"bridge_wid":4.72,"no_of_spans":1,"overall_rating":7,"condition":"Good","status":"Operational","recommended_intervention":"Routine Maintenance","priority_score":46,"aadt_2026":959.88,"inspection_date":"2021-11-03","location_status":"Placed on exact national road host link"}},{"type":"Feature","id":"bridge-231","geometry":{"type":"Point","coordinates":[32.152593,0.687016]},"properties":{"structure_type":"Bridges","bridge_no":"B225","bridge_nam":"Mayanja Bridge","link_no":"C320_Link01","link_name":"Kapeeka - Singo Military Barracks - Kituuma","road_no":"C320","road_class":"C","district":"05","region":"Central","station":"Luwero","surface_ty":"Unpaved","river":"RIVER MAYANJA","chainage_km":8.6,"bridge_len":16,"bridge_wid":6,"no_of_spans":1,"overall_rating":7,"condition":"Good","status":"Operational","recommended_intervention":"Routine Maintenance","priority_score":34,"aadt_2026":2535.91,"inspection_date":"","location_status":"Placed on exact national road host link"}},{"type":"Feature","id":"bridge-232","geometry":{"type":"Point","coordinates":[30.346495,-0.102558]},"properties":{"structure_type":"Bridges","bridge_no":"B227","bridge_nam":"Nkurungu","link_no":"C373_Link02","link_name":"Kabujogera - Mahyoro Junction","road_no":"C373","road_class":"C","district":"?","region":"Southern","station":"Ibanda","surface_ty":"Unpaved","river":"NKURUNGU","chainage_km":21.514,"bridge_len":4.4,"bridge_wid":3.96,"no_of_spans":"1","overall_rating":5,"condition":"Good","status":"Operational","recommended_intervention":"Preventive Repair","priority_score":90,"aadt_2026":1019.74,"inspection_date":"2021-11-03","location_status":"Placed on exact national road host link"}},{"type":"Feature","id":"bridge-233","geometry":{"type":"Point","coordinates":[29.95874,-0.65191]},"properties":{"structure_type":"Bridges","bridge_no":"B228","bridge_nam":"Butembe Bridge","link_no":"C452_Link01","link_name":"Rukungiri - Station Boundary","road_no":"C452","road_class":"C","district":"07","region":"Southern","station":"Kabale","surface_ty":"Unpaved","river":"BUTEMBE RIVER","chainage_km":19.6,"bridge_len":10,"bridge_wid":4,"no_of_spans":1,"overall_rating":1,"condition":"Critical","status":"Operational","recommended_intervention":"Bridge Replacement","priority_score":410,"aadt_2026":1058.01,"inspection_date":"2022-03-01","location_status":"Placed on exact national road host link"}},{"type":"Feature","id":"bridge-234","geometry":{"type":"Point","coordinates":[30.385658,-0.276937]},"properties":{"structure_type":"Bridges","bridge_no":"B229","bridge_nam":"Kyonyo","link_no":"C416_Link02","link_name":"Nsiika -  Bihanga -Katerera(Ishaka T/C)","road_no":"C416","road_class":"C","district":"06","region":"Southern","station":"Ibanda","surface_ty":"Unpaved","river":"KYONYO","chainage_km":28.707,"bridge_len":8.87,"bridge_wid":3.66,"no_of_spans":"1","overall_rating":5,"condition":"Good","status":"Operational","recommended_intervention":"Preventive Repair","priority_score":110,"aadt_2026":1048.7,"inspection_date":"2021-11-03","location_status":"Placed on exact national road host link"}},{"type":"Feature","id":"bridge-235","geometry":{"type":"Point","coordinates":[30.068232,-1.304579]},"properties":{"structure_type":"Bridges","bridge_no":"B230","bridge_nam":"Maziba Bridge","link_no":"C424_Link01","link_name":"Old Kabale Road (Kigata - Kabunyonyi - N","road_no":"C424","road_class":"C","district":"20","region":"Southern","station":"Kabale","surface_ty":"Unpaved","river":"Kacwamahembe","chainage_km":12.1,"bridge_len":60,"bridge_wid":10.6,"no_of_spans":3,"overall_rating":7,"condition":"Good","status":"Operational","recommended_intervention":"Routine Maintenance","priority_score":46,"aadt_2026":716.71,"inspection_date":"2021-11-03","location_status":"Placed on exact national road host link"}},{"type":"Feature","id":"bridge-236","geometry":{"type":"Point","coordinates":[29.690617,-0.987963]},"properties":{"structure_type":"Bridges","bridge_no":"B231","bridge_nam":"Mpungu Bridge","link_no":"C434_Link01","link_name":"Ikumba - Nfasha - Ruhija - Mpungu - Hama","road_no":"C434","road_class":"C","district":"07","region":"Southern","station":"Kabale","surface_ty":"Unpaved","river":"MPUNGU RIVER","chainage_km":47,"bridge_len":18.6,"bridge_wid":4.75,"no_of_spans":3,"overall_rating":1,"condition":"Critical","status":"Operational","recommended_intervention":"Bridge Replacement","priority_score":410,"aadt_2026":183.06,"inspection_date":"2022-02-24","location_status":"Placed on exact national road host link"}},{"type":"Feature","id":"bridge-237","geometry":{"type":"Point","coordinates":[29.70794,-1.27031]},"properties":{"structure_type":"Bridges","bridge_no":"B232","bridge_nam":"Mucha Bridge","link_no":"C436_Link01","link_name":"Kisoro - Nyabwishenya","road_no":"C436","road_class":"C","district":"07","region":"Southern","station":"Kabale","surface_ty":"Unpaved","river":"MUCHA RIVER","chainage_km":1.964,"bridge_len":9.6,"bridge_wid":3.75,"no_of_spans":1,"overall_rating":1,"condition":"Critical","status":"Operational","recommended_intervention":"Bridge Replacement","priority_score":410,"aadt_2026":780.32,"inspection_date":"2022-02-23","location_status":"Placed on exact national road host link"}},{"type":"Feature","id":"bridge-238","geometry":{"type":"Point","coordinates":[29.611802,-1.19903]},"properties":{"structure_type":"Bridges","bridge_no":"B233","bridge_nam":"Kaku Bridge","link_no":"C439_Link01","link_name":"Natete - Busanza - Mpaka","road_no":"C439","road_class":"C","district":"07","region":"Southern","station":"Kabale","surface_ty":"Unpaved","river":"KAKU RIVER","chainage_km":12.3,"bridge_len":18,"bridge_wid":10.1,"no_of_spans":1,"overall_rating":7,"condition":"Good","status":"Operational","recommended_intervention":"Routine Maintenance","priority_score":34,"aadt_2026":780.32,"inspection_date":"2022-02-24","location_status":"Placed on exact national road host link"}},{"type":"Feature","id":"bridge-239","geometry":{"type":"Point","coordinates":[29.640392,-0.841272]},"properties":{"structure_type":"Bridges","bridge_no":"B234","bridge_nam":"Ishasha Bridge","link_no":"C440_Link01","link_name":"Kanyantorogo - Butogota","road_no":"C440","road_class":"C","district":"07","region":"Southern","station":"Kabale","surface_ty":"Unpaved","river":"ISHASHA RIVER","chainage_km":9.01,"bridge_len":20.299999,"bridge_wid":5,"no_of_spans":1,"overall_rating":5,"condition":"Good","status":"Operational","recommended_intervention":"Preventive Repair","priority_score":110,"aadt_2026":1255.02,"inspection_date":"2022-03-04","location_status":"Placed on exact national road host link"}},{"type":"Feature","id":"bridge-240","geometry":{"type":"Point","coordinates":[29.636593,-0.908522]},"properties":{"structure_type":"Bridges","bridge_no":"B235","bridge_nam":"Muyaga Bridge","link_no":"C440_Link02","link_name":"Butogota - Kyeshero-Buhom","road_no":"C440","road_class":"C","district":"?","region":"Southern","station":"Kabale","surface_ty":"Unpaved","river":"MUYAGA RIVER","chainage_km":18.42,"bridge_len":9.65,"bridge_wid":4.9,"no_of_spans":1,"overall_rating":5,"condition":"Good","status":"Operational","recommended_intervention":"Preventive Repair","priority_score":110,"aadt_2026":1255.02,"inspection_date":"2022-03-04","location_status":"Placed on exact national road host link"}},{"type":"Feature","id":"bridge-241","geometry":{"type":"Point","coordinates":[29.722196,-0.765182]},"properties":{"structure_type":"Bridges","bridge_no":"B236","bridge_nam":"Kiruruma Bridge","link_no":"C441_Link01","link_name":"Katojo - Kihihi","road_no":"C441","road_class":"C","district":"07","region":"Southern","station":"Kabale","surface_ty":"Unpaved","river":"KIRURUMA","chainage_km":13.2,"bridge_len":21.5,"bridge_wid":4.5,"no_of_spans":1,"overall_rating":7,"condition":"Good","status":"Operational","recommended_intervention":"Routine Maintenance","priority_score":46,"aadt_2026":1255.02,"inspection_date":"2022-03-03","location_status":"Placed on exact national road host link"}},{"type":"Feature","id":"bridge-242","geometry":{"type":"Point","coordinates":[29.786006,-0.827071]},"properties":{"structure_type":"Bridges","bridge_no":"B237","bridge_nam":"Mitano 01","link_no":"C442_Link02","link_name":"Ruerere - Mitaano","road_no":"C442","road_class":"C","district":"07","region":"Southern","station":"Kabale","surface_ty":"Unpaved","river":"MITANO RIVER","chainage_km":32.35,"bridge_len":60,"bridge_wid":10.1,"no_of_spans":2,"overall_rating":7,"condition":"Good","status":"Operational","recommended_intervention":"Routine Maintenance","priority_score":22,"aadt_2026":1255.02,"inspection_date":"2022-03-03","location_status":"Placed on exact national road host link"}},{"type":"Feature","id":"bridge-243","geometry":{"type":"Point","coordinates":[29.913584,-0.797383]},"properties":{"structure_type":"Bridges","bridge_no":"B238","bridge_nam":"Kabaale Bridge","link_no":"C442_Link01","link_name":"Rukungiri - Ruerere","road_no":"C442","road_class":"C","district":"07","region":"Southern","station":"Kabale","surface_ty":"Unpaved","river":"KABALE RIVER","chainage_km":1.9,"bridge_len":4.7,"bridge_wid":8,"no_of_spans":1,"overall_rating":5,"condition":"Good","status":"Operational","recommended_intervention":"Preventive Repair","priority_score":90,"aadt_2026":820.65,"inspection_date":"2022-03-02","location_status":"Placed on exact national road host link"}},{"type":"Feature","id":"bridge-244","geometry":{"type":"Point","coordinates":[29.8585,-0.68783]},"properties":{"structure_type":"Bridges","bridge_no":"B239","bridge_nam":"Kakingo Bridge","link_no":"C445_Link02","link_name":"Bugangari - Campbell","road_no":"C445","road_class":"C","district":"07","region":"Southern","station":"Kabale","surface_ty":"Unpaved","river":"KAKINDO RIVER","chainage_km":14.284,"bridge_len":5.7,"bridge_wid":4,"no_of_spans":1,"overall_rating":7,"condition":"Good","status":"Operational","recommended_intervention":"Routine Maintenance","priority_score":46,"aadt_2026":1644.41,"inspection_date":"2022-03-13","location_status":"Placed on exact national road host link"}},{"type":"Feature","id":"bridge-245","geometry":{"type":"Point","coordinates":[29.8585,-0.68783]},"properties":{"structure_type":"Bridges","bridge_no":"B240","bridge_nam":"Rushaya Bridge","link_no":"C445_Link02","link_name":"Bugangari - Campbell","road_no":"C445","road_class":"C","district":"07","region":"Southern","station":"Kabale","surface_ty":"Unpaved","river":"RUSHAYA RIVER","chainage_km":14.284,"bridge_len":35,"bridge_wid":3.6,"no_of_spans":3,"overall_rating":7,"condition":"Good","status":"Operational","recommended_intervention":"Routine Maintenance","priority_score":34,"aadt_2026":1644.41,"inspection_date":"2022-04-13","location_status":"Placed on exact national road host link"}},{"type":"Feature","id":"bridge-246","geometry":{"type":"Point","coordinates":[29.748611,-0.693549]},"properties":{"structure_type":"Bridges","bridge_no":"B241","bridge_nam":"Mitano 02 Bridge","link_no":"C446_Link01","link_name":"Bukurungu - Nyamirama","road_no":"C446","road_class":"C","district":"07","region":"Southern","station":"Kabale","surface_ty":"Paved","river":"MITANO RIVER","chainage_km":15.782,"bridge_len":31.1,"bridge_wid":7,"no_of_spans":1,"overall_rating":7,"condition":"Good","status":"Operational","recommended_intervention":"Routine Maintenance","priority_score":46,"aadt_2026":2246.32,"inspection_date":"2022-04-13","location_status":"Placed on exact national road host link"}},{"type":"Feature","id":"bridge-247","geometry":{"type":"Point","coordinates":[29.98664,-0.71509]},"properties":{"structure_type":"Bridges","bridge_no":"B243","bridge_nam":"Rwamuganga Bridge","link_no":"C447_Link01","link_name":"Kabwohe - Kitagata - Kabira(Mitooma)","road_no":"C447","road_class":"C","district":"06","region":"Southern","station":"Mbarara","surface_ty":"Unpaved","river":"RWAMUGANGA RIVER","chainage_km":50.5,"bridge_len":15.35,"bridge_wid":4.33,"no_of_spans":1,"overall_rating":3,"condition":"Poor","status":"","recommended_intervention":"","priority_score":0,"aadt_2026":698.1,"inspection_date":"2022-04-13 00:00:00","location_status":"Placed on exact national road host link"}},{"type":"Feature","id":"bridge-248","geometry":{"type":"Point","coordinates":[29.98664,-0.71509]},"properties":{"structure_type":"Bridges","bridge_no":"B246","bridge_nam":"Ndurumo Bridge","link_no":"C447_Link01","link_name":"Kabwohe - Kitagata - Kabira(Mitooma)","road_no":"C447","road_class":"C","district":"06","region":"Southern","station":"Mbarara","surface_ty":"Unpaved","river":"NDURUMO","chainage_km":50.5,"bridge_len":13.5,"bridge_wid":3.8,"no_of_spans":1,"overall_rating":7,"condition":"Good","status":"Operational","recommended_intervention":"Routine Maintenance","priority_score":46,"aadt_2026":698.1,"inspection_date":"2022-04-13","location_status":"Placed on exact national road host link"}},{"type":"Feature","id":"bridge-249","geometry":{"type":"Point","coordinates":[29.982513,-0.722342]},"properties":{"structure_type":"Bridges","bridge_no":"B248","bridge_nam":"Katizi Bridge","link_no":"C447_Link02","link_name":"Kabira - Rukungiri","road_no":"C447","road_class":"C","district":"07","region":"Southern","station":"Kabale","surface_ty":"Unpaved","river":"KABIRA-RUKUNGIRI","chainage_km":51.5,"bridge_len":7,"bridge_wid":4.4,"no_of_spans":1,"overall_rating":1,"condition":"Critical","status":"Operational","recommended_intervention":"Bridge Replacement","priority_score":410,"aadt_2026":698.1,"inspection_date":"2022-04-14","location_status":"Placed on exact national road host link"}},{"type":"Feature","id":"bridge-250","geometry":{"type":"Point","coordinates":[30.105952,-0.20598]},"properties":{"structure_type":"Bridges","bridge_no":"B249","bridge_nam":"Kyambura Bridge","link_no":"C450_Link01","link_name":"Kyambura - Katerera","road_no":"C450","road_class":"C","district":"06","region":"Southern","station":"Mbarara","surface_ty":"Unpaved","river":"KYAMBURA","chainage_km":1,"bridge_len":18.299999,"bridge_wid":4.38,"no_of_spans":1,"overall_rating":5,"condition":"Good","status":"Operational","recommended_intervention":"Preventive Repair","priority_score":110,"aadt_2026":1234.86,"inspection_date":"2022-02-17","location_status":"Placed on exact national road host link"}},{"type":"Feature","id":"bridge-251","geometry":{"type":"Point","coordinates":[30.087621,0.319838]},"properties":{"structure_type":"Bridges","bridge_no":"B251","bridge_nam":"Enshya Bridge","link_no":"C519_Link01","link_name":"Nkenda - Bugoye","road_no":"C519","road_class":"C","district":"08","region":"Southern","station":"Kasese","surface_ty":"Unpaved","river":"ENSHYA","chainage_km":8.3,"bridge_len":6.5,"bridge_wid":3.7,"no_of_spans":1,"overall_rating":5,"condition":"Good","status":"Operational","recommended_intervention":"Preventive Repair","priority_score":90,"aadt_2026":1934.51,"inspection_date":"2022-04-14","location_status":"Placed on exact national road host link"}},{"type":"Feature","id":"bridge-252","geometry":{"type":"Point","coordinates":[29.749138,0.081074]},"properties":{"structure_type":"Bridges","bridge_no":"B252","bridge_nam":"Rubiriha","link_no":"C520_Link02","link_name":"Kithoma - Kiraro","road_no":"C520","road_class":"C","district":"15","region":"Southern","station":"Kasese","surface_ty":"Unpaved","river":"RUBIRIHA RIVER","chainage_km":6.257,"bridge_len":33.639999,"bridge_wid":10.7,"no_of_spans":2,"overall_rating":1,"condition":"Critical","status":"Operational","recommended_intervention":"Bridge Replacement","priority_score":410,"aadt_2026":1287.6,"inspection_date":"2021-11-03","location_status":"Placed on exact national road host link"}},{"type":"Feature","id":"bridge-253","geometry":{"type":"Point","coordinates":[29.7408,0.100971]},"properties":{"structure_type":"Bridges","bridge_no":"B253","bridge_nam":"Kabira Bridge","link_no":"C520_Link02","link_name":"Kithoma - Kiraro","road_no":"C520","road_class":"C","district":"08","region":"Southern","station":"Kasese","surface_ty":"Unpaved","river":"KABIRA RIVER","chainage_km":9,"bridge_len":12.2,"bridge_wid":4.4,"no_of_spans":1,"overall_rating":3,"condition":"Fair","status":"Operational","recommended_intervention":"Major Rehabilitation","priority_score":190,"aadt_2026":1287.6,"inspection_date":"2022-03-17","location_status":"Placed on exact national road host link"}},{"type":"Feature","id":"bridge-254","geometry":{"type":"Point","coordinates":[31.015373,1.107453]},"properties":{"structure_type":"Bridges","bridge_no":"B255","bridge_nam":"Ruzairwe","link_no":"C553_Link01","link_name":"Kibaale-Kyebando - Pacwa","road_no":"C553","road_class":"C","district":"10","region":"Western","station":"Hoima","surface_ty":"Unpaved","river":"RUZAIRWE","chainage_km":43.025,"bridge_len":22,"bridge_wid":10.4,"no_of_spans":1,"overall_rating":7,"condition":"Good","status":"Operational","recommended_intervention":"Routine Maintenance","priority_score":46,"aadt_2026":1054.9,"inspection_date":"2022-03-01","location_status":"Placed on exact national road host link"}},{"type":"Feature","id":"bridge-255","geometry":{"type":"Point","coordinates":[30.15682,0.565936]},"properties":{"structure_type":"Bridges","bridge_no":"B256","bridge_nam":"Perepa","link_no":"C556_Link01","link_name":"Bukuku - Rubona","road_no":"C556","road_class":"C","district":"09","region":"Western","station":"Fort Portal","surface_ty":"Unpaved","river":"PERIDA","chainage_km":2.114,"bridge_len":6,"bridge_wid":4.06,"no_of_spans":1,"overall_rating":5,"condition":"Good","status":"Operational","recommended_intervention":"Preventive Repair","priority_score":110,"aadt_2026":2801.7,"inspection_date":"2022-03-16","location_status":"Placed on exact national road host link"}},{"type":"Feature","id":"bridge-256","geometry":{"type":"Point","coordinates":[30.159904,0.598037]},"properties":{"structure_type":"Bridges","bridge_no":"B258","bridge_nam":"Mahoma","link_no":"C556_Link01","link_name":"Bukuku - Rubona","road_no":"C556","road_class":"C","district":"09","region":"Western","station":"Fort Portal","surface_ty":"Unpaved","river":"","chainage_km":5.935,"bridge_len":5,"bridge_wid":4,"no_of_spans":1,"overall_rating":3,"condition":"Fair","status":"Operational","recommended_intervention":"Major Rehabilitation","priority_score":190,"aadt_2026":2801.7,"inspection_date":"2022-03-16","location_status":"Placed on exact national road host link"}},{"type":"Feature","id":"bridge-257","geometry":{"type":"Point","coordinates":[30.158229,0.620029]},"properties":{"structure_type":"Bridges","bridge_no":"B259","bridge_nam":"Dunga","link_no":"C556_Link01","link_name":"Bukuku - Rubona","road_no":"C556","road_class":"C","district":"09","region":"Western","station":"Fort Portal","surface_ty":"Unpaved","river":"DUNGA","chainage_km":8.508,"bridge_len":3.6,"bridge_wid":3.4,"no_of_spans":1,"overall_rating":5,"condition":"Good","status":"Operational","recommended_intervention":"Preventive Repair","priority_score":110,"aadt_2026":2801.7,"inspection_date":"2022-03-16","location_status":"Placed on exact national road host link"}},{"type":"Feature","id":"bridge-258","geometry":{"type":"Point","coordinates":[30.158456,0.628505]},"properties":{"structure_type":"Bridges","bridge_no":"B260","bridge_nam":"Nyabuswa","link_no":"C556_Link01","link_name":"Bukuku - Rubona","road_no":"C556","road_class":"C","district":"09","region":"Western","station":"Fort Portal","surface_ty":"Unpaved","river":"","chainage_km":9.519,"bridge_len":3.1,"bridge_wid":3.9,"no_of_spans":1,"overall_rating":3,"condition":"Fair","status":"Operational","recommended_intervention":"Major Rehabilitation","priority_score":190,"aadt_2026":2801.7,"inspection_date":"2022-03-16","location_status":"Placed on exact national road host link"}},{"type":"Feature","id":"bridge-259","geometry":{"type":"Point","coordinates":[30.172581,0.656246]},"properties":{"structure_type":"Bridges","bridge_no":"B261","bridge_nam":"Mpanga","link_no":"C556_Link01","link_name":"Bukuku - Rubona","road_no":"C556","road_class":"C","district":"09","region":"Western","station":"Fort Portal","surface_ty":"Unpaved","river":"","chainage_km":13.192,"bridge_len":4,"bridge_wid":4.4,"no_of_spans":1,"overall_rating":5,"condition":"Good","status":"Operational","recommended_intervention":"Preventive Repair","priority_score":90,"aadt_2026":2801.7,"inspection_date":"2022-03-16","location_status":"Placed on exact national road host link"}},{"type":"Feature","id":"bridge-260","geometry":{"type":"Point","coordinates":[30.238161,0.929352]},"properties":{"structure_type":"Bridges","bridge_no":"B263","bridge_nam":"Dongoi","link_no":"C575_Link01","link_name":"Kibuku - Nyabushozi","road_no":"C575","road_class":"C","district":"10","region":"Western","station":"Fort Portal","surface_ty":"Unpaved","river":"","chainage_km":13.493,"bridge_len":24.6,"bridge_wid":4.94,"no_of_spans":"2","overall_rating":7,"condition":"Good","status":"Operational","recommended_intervention":"Routine Maintenance","priority_score":22,"aadt_2026":4005.53,"inspection_date":"2021-11-03","location_status":"Placed on exact national road host link"}},{"type":"Feature","id":"bridge-261","geometry":{"type":"Point","coordinates":[30.823398,1.065947]},"properties":{"structure_type":"Bridges","bridge_no":"B264","bridge_nam":"Murungu","link_no":"C565_Link01","link_name":"Kyenzige-Rugashali-Mabaale","road_no":"C565","road_class":"C","district":"10","region":"Western","station":"Hoima","surface_ty":"Unpaved","river":"MURUNGU","chainage_km":48.599,"bridge_len":2.6,"bridge_wid":4.7,"no_of_spans":1,"overall_rating":5,"condition":"Good","status":"Operational","recommended_intervention":"Preventive Repair","priority_score":110,"aadt_2026":1054.9,"inspection_date":"2022-03-02","location_status":"Placed on exact national road host link"}},{"type":"Feature","id":"bridge-262","geometry":{"type":"Point","coordinates":[31.122624,1.024254]},"properties":{"structure_type":"Bridges","bridge_no":"B265","bridge_nam":"Nguse","link_no":"C566_Link02","link_name":"Bugwara-Kikwaya","road_no":"C566","road_class":"C","district":"10","region":"Western","station":"Hoima","surface_ty":"Unpaved","river":"NGUSE","chainage_km":61.006,"bridge_len":23.700001,"bridge_wid":5.4,"no_of_spans":4,"overall_rating":5,"condition":"Good","status":"Operational","recommended_intervention":"Preventive Repair","priority_score":90,"aadt_2026":1456.7,"inspection_date":"2022-03-02","location_status":"Placed on exact national road host link"}},{"type":"Feature","id":"bridge-263","geometry":{"type":"Point","coordinates":[33.196484,3.136152]},"properties":{"structure_type":"Bridges","bridge_no":"B266","bridge_nam":"Mpanga","link_no":"C677_Link02","link_name":"Kalongo - Kitgum Matidi","road_no":"C677","road_class":"C","district":"09","region":"Northern","station":"Kitgum","surface_ty":"Unpaved","river":"MPANGA","chainage_km":55.367,"bridge_len":8.2,"bridge_wid":4.4,"no_of_spans":1,"overall_rating":7,"condition":"Good","status":"Operational","recommended_intervention":"Routine Maintenance","priority_score":46,"aadt_2026":726.62,"inspection_date":"2022-03-14","location_status":"Placed on exact national road host link"}},{"type":"Feature","id":"bridge-264","geometry":{"type":"Point","coordinates":[31.198485,-0.469054]},"properties":{"structure_type":"Bridges","bridge_no":"B267","bridge_nam":"Mpanga","link_no":"C214_Link01","link_name":"Lyantonde - Lumbugu","road_no":"C214","road_class":"C","district":"19","region":"Central","station":"Masaka","surface_ty":"Unpaved","river":"MPANGA RIVER","chainage_km":39.608,"bridge_len":7,"bridge_wid":7.8,"no_of_spans":1,"overall_rating":7,"condition":"Good","status":"Operational","recommended_intervention":"Routine Maintenance","priority_score":46,"aadt_2026":673.76,"inspection_date":"2021-11-03","location_status":"Placed on exact national road host link"}},{"type":"Feature","id":"bridge-265","geometry":{"type":"Point","coordinates":[30.415326,-0.099435]},"properties":{"structure_type":"Bridges","bridge_no":"B268","bridge_nam":"Mpanga Bridge","link_no":"C373_Link01","link_name":"Ruhoko - Kabujogera","road_no":"C373","road_class":"C","district":"06","region":"Southern","station":"Ibanda","surface_ty":"Unpaved","river":"MPANGA RIVER","chainage_km":135.067,"bridge_len":30,"bridge_wid":3.7,"no_of_spans":1,"overall_rating":7,"condition":"Good","status":"Operational","recommended_intervention":"Routine Maintenance","priority_score":46,"aadt_2026":1234.86,"inspection_date":"2022-04-14","location_status":"Placed on exact national road host link"}},{"type":"Feature","id":"bridge-266","geometry":{"type":"Point","coordinates":[30.238144,0.929306]},"properties":{"structure_type":"Bridges","bridge_no":"B269","bridge_nam":"Kisenge","link_no":"C575_Link01","link_name":"Kibuku - Nyabushozi","road_no":"C575","road_class":"C","district":"09","region":"Western","station":"Fort Portal","surface_ty":"Unpaved","river":"KISEGE","chainage_km":52.977,"bridge_len":21.799999,"bridge_wid":7.5,"no_of_spans":1,"overall_rating":5,"condition":"Good","status":"Operational","recommended_intervention":"Preventive Repair","priority_score":90,"aadt_2026":4005.53,"inspection_date":"2022-03-14","location_status":"Placed on exact national road host link"}},{"type":"Feature","id":"bridge-267","geometry":{"type":"Point","coordinates":[31.114801,1.529975]},"properties":{"structure_type":"Bridges","bridge_no":"B270","bridge_nam":"Wambabya","link_no":"C592_Link02","link_name":"Buseruka-Kabaale","road_no":"C592","road_class":"C","district":"10","region":"Western","station":"Hoima","surface_ty":"Paved","river":"WAMBABYA","chainage_km":6.229,"bridge_len":25.799999,"bridge_wid":10.9,"no_of_spans":2,"overall_rating":7,"condition":"Good","status":"Operational","recommended_intervention":"Routine Maintenance","priority_score":46,"aadt_2026":2255.63,"inspection_date":"2022-03-07","location_status":"Placed on exact national road host link"}},{"type":"Feature","id":"bridge-268","geometry":{"type":"Point","coordinates":[31.182025,1.375425]},"properties":{"structure_type":"Bridges","bridge_no":"B271","bridge_nam":"Wambabya","link_no":"C594_Link01","link_name":"Bugambe-Kidoma","road_no":"C594","road_class":"C","district":"10","region":"Western","station":"Hoima","surface_ty":"Unpaved","river":"WAMBABYA","chainage_km":24.603,"bridge_len":5.5,"bridge_wid":8.2,"no_of_spans":1,"overall_rating":1,"condition":"Critical","status":"Operational","recommended_intervention":"Bridge Replacement","priority_score":410,"aadt_2026":1753,"inspection_date":"2022-03-03","location_status":"Placed on exact national road host link"}},{"type":"Feature","id":"bridge-269","geometry":{"type":"Point","coordinates":[31.248755,1.381282]},"properties":{"structure_type":"Bridges","bridge_no":"B272","bridge_nam":"Wambabya","link_no":"C595_Link01","link_name":"Mairirwe-Wambabya","road_no":"C595","road_class":"C","district":"11","region":"Western","station":"Hoima","surface_ty":"Unpaved","river":"MAIRIRWE","chainage_km":2.12,"bridge_len":17.1,"bridge_wid":3.97,"no_of_spans":1,"overall_rating":5,"condition":"Good","status":"Operational","recommended_intervention":"Preventive Repair","priority_score":110,"aadt_2026":1559.08,"inspection_date":"2022-03-03","location_status":"Placed on exact national road host link"}},{"type":"Feature","id":"bridge-270","geometry":{"type":"Point","coordinates":[31.210389,1.569822]},"properties":{"structure_type":"Bridges","bridge_no":"B274","bridge_nam":"Wambabya","link_no":"C601_Link01","link_name":"Buseruka-Kigorobya","road_no":"C601","road_class":"C","district":0,"region":"Western","station":"Hoima","surface_ty":"Unpaved","river":0,"chainage_km":12.705,"bridge_len":5.1,"bridge_wid":4,"no_of_spans":"1","overall_rating":3,"condition":"Fair","status":"Operational","recommended_intervention":"Major Rehabilitation","priority_score":190,"aadt_2026":1559.08,"inspection_date":"2021-11-03","location_status":"Placed on exact national road host link"}},{"type":"Feature","id":"bridge-271","geometry":{"type":"Point","coordinates":[32.512374,0.300095]},"properties":{"structure_type":"Bridges","bridge_no":"B275","bridge_nam":"Wambabya","link_no":"M3_Link01","link_name":"Kampala - Entebbe Expressway","road_no":"M3","road_class":"M","district":"09","region":"Central","station":"Kampala","surface_ty":"Paved","river":"WAMBABYA","chainage_km":1.939,"bridge_len":6,"bridge_wid":4.06,"no_of_spans":1,"overall_rating":7,"condition":"Good","status":"Operational","recommended_intervention":"Routine Maintenance","priority_score":34,"aadt_2026":20711.35,"inspection_date":"2021-11-03","location_status":"Placed on exact national road host link"}},{"type":"Feature","id":"bridge-272","geometry":{"type":"Point","coordinates":[31.446553,0.954584]},"properties":{"structure_type":"Bridges","bridge_no":"B276","bridge_nam":"Kanangalo","link_no":"C627_Link02","link_name":"Nkooko-Nalweyo","road_no":"C627","road_class":"C","district":"10","region":"Western","station":"Hoima","surface_ty":"Unpaved","river":"Kanangalo","chainage_km":35.712,"bridge_len":9.2,"bridge_wid":4.98,"no_of_spans":1,"overall_rating":5,"condition":"Good","status":"Operational","recommended_intervention":"Preventive Repair","priority_score":90,"aadt_2026":1014.57,"inspection_date":"2022-03-07","location_status":"Placed on exact national road host link"}},{"type":"Feature","id":"bridge-273","geometry":{"type":"Point","coordinates":[32.572028,2.202482]},"properties":{"structure_type":"Bridges","bridge_no":"B277","bridge_nam":"Okole Bridge 1","link_no":"C662_Link01","link_name":"Aduku-Teboke-Loro","road_no":"C662","road_class":"C","district":"12","region":"Northern","station":"Lira","surface_ty":"Unpaved","river":"Okole River","chainage_km":5.069,"bridge_len":4,"bridge_wid":3.6,"no_of_spans":1,"overall_rating":5,"condition":"Good","status":"Operational","recommended_intervention":"Preventive Repair","priority_score":110,"aadt_2026":1801,"inspection_date":"2021-11-03","location_status":"Placed on exact national road host link"}},{"type":"Feature","id":"bridge-274","geometry":{"type":"Point","coordinates":[32.522073,0.249812]},"properties":{"structure_type":"Bridges","bridge_no":"B278","bridge_nam":"Walabam","link_no":"M3_Link01","link_name":"Kampala - Entebbe Expressway","road_no":"M3","road_class":"M","district":"09","region":"Central","station":"Kampala","surface_ty":"Paved","river":"WALABAM","chainage_km":7.822,"bridge_len":3.1,"bridge_wid":3.9,"no_of_spans":1,"overall_rating":3,"condition":"Fair","status":"Operational","recommended_intervention":"Major Rehabilitation","priority_score":190,"aadt_2026":20711.35,"inspection_date":"2021-11-03","location_status":"Placed on exact national road host link"}},{"type":"Feature","id":"bridge-275","geometry":{"type":"Point","coordinates":[32.510721,0.103762]},"properties":{"structure_type":"Bridges","bridge_no":"B279","bridge_nam":"Tochi Bridge","link_no":"M3_Link01","link_name":"Kampala - Entebbe Expressway","road_no":"M3","road_class":"M","district":"13","region":"Central","station":"Kampala","surface_ty":"Paved","river":"TOCHI RIVER","chainage_km":24.811,"bridge_len":24.549999,"bridge_wid":4.5,"no_of_spans":4,"overall_rating":1,"condition":"Critical","status":"Operational","recommended_intervention":"Bridge Replacement","priority_score":410,"aadt_2026":20711.35,"inspection_date":"2022-03-14","location_status":"Placed on exact national road host link"}},{"type":"Feature","id":"bridge-276","geometry":{"type":"Point","coordinates":[33.284027,2.119643]},"properties":{"structure_type":"Bridges","bridge_no":"B281","bridge_nam":"Eyama Bridge","link_no":"C670_Link01","link_name":"Lira - Boroboro - Abako - Okude","road_no":"C670","road_class":"C","district":"12","region":"Northern","station":"Lira","surface_ty":"Unpaved","river":"EYAMA RIVER","chainage_km":20.589,"bridge_len":7.71,"bridge_wid":3.54,"no_of_spans":1,"overall_rating":7,"condition":"Good","status":"Operational","recommended_intervention":"Routine Maintenance","priority_score":46,"aadt_2026":1679.35,"inspection_date":"2022-04-05","location_status":"Placed on exact national road host link"}},{"type":"Feature","id":"bridge-277","geometry":{"type":"Point","coordinates":[33.197534,2.006676]},"properties":{"structure_type":"Bridges","bridge_no":"B282","bridge_nam":"Enget Bridge","link_no":"C671_Link01","link_name":"Aloi - Aboko - Bata - Dokolo","road_no":"C671","road_class":"C","district":"12","region":"Northern","station":"Lira","surface_ty":"Unpaved","river":"ENGET RIVER","chainage_km":10.68,"bridge_len":7.14,"bridge_wid":3.66,"no_of_spans":1,"overall_rating":5,"condition":"Good","status":"Operational","recommended_intervention":"Preventive Repair","priority_score":90,"aadt_2026":488.79,"inspection_date":"2022-04-05","location_status":"Placed on exact national road host link"}},{"type":"Feature","id":"bridge-278","geometry":{"type":"Point","coordinates":[33.209379,2.040155]},"properties":{"structure_type":"Bridges","bridge_no":"B283","bridge_nam":"Akokowo Bridge","link_no":"C671_Link01","link_name":"Aloi - Aboko - Bata - Dokolo","road_no":"C671","road_class":"C","district":"01","region":"Northern","station":"Lira","surface_ty":"Unpaved","river":"AKOKOWO RIVER","chainage_km":14.7,"bridge_len":10.3,"bridge_wid":3.57,"no_of_spans":1,"overall_rating":1,"condition":"Critical","status":"Operational","recommended_intervention":"Bridge Replacement","priority_score":400,"aadt_2026":488.79,"inspection_date":"2022-04-05","location_status":"Placed on exact national road host link"}},{"type":"Feature","id":"bridge-279","geometry":{"type":"Point","coordinates":[33.205347,2.185327]},"properties":{"structure_type":"Bridges","bridge_no":"B284","bridge_nam":"Enget Bridge","link_no":"C671_Link01","link_name":"Aloi - Aboko - Bata - Dokolo","road_no":"C671","road_class":"C","district":"12","region":"Northern","station":"Lira","surface_ty":"Unpaved","river":"ENGET RIVER","chainage_km":31.79,"bridge_len":20.700001,"bridge_wid":7.96,"no_of_spans":1,"overall_rating":1,"condition":"Critical","status":"Operational","recommended_intervention":"Bridge Replacement","priority_score":410,"aadt_2026":488.79,"inspection_date":"2022-04-05","location_status":"Placed on exact national road host link"}},{"type":"Feature","id":"bridge-280","geometry":{"type":"Point","coordinates":[32.967883,2.425754]},"properties":{"structure_type":"Bridges","bridge_no":"B285","bridge_nam":"Apoc Bridge","link_no":"C672_Link01","link_name":"Ogur - Apala","road_no":"C672","road_class":"C","district":"12","region":"Northern","station":"Lira","surface_ty":"Unpaved","river":"APOC RIVER","chainage_km":3.89,"bridge_len":4,"bridge_wid":3.53,"no_of_spans":1,"overall_rating":1,"condition":"Critical","status":"Operational","recommended_intervention":"Bridge Replacement","priority_score":410,"aadt_2026":1969.51,"inspection_date":"2022-04-06","location_status":"Placed on exact national road host link"}},{"type":"Feature","id":"bridge-281","geometry":{"type":"Point","coordinates":[33.000909,2.413865]},"properties":{"structure_type":"Bridges","bridge_no":"B286","bridge_nam":"Obim Bridge","link_no":"C672_Link01","link_name":"Ogur - Apala","road_no":"C672","road_class":"C","district":"12","region":"Northern","station":"Lira","surface_ty":"Unpaved","river":"OBIM RIVER","chainage_km":7.82,"bridge_len":9.7,"bridge_wid":3.51,"no_of_spans":1,"overall_rating":1,"condition":"Critical","status":"Operational","recommended_intervention":"Bridge Replacement","priority_score":410,"aadt_2026":1969.51,"inspection_date":"2022-04-06","location_status":"Placed on exact national road host link"}},{"type":"Feature","id":"bridge-282","geometry":{"type":"Point","coordinates":[33.083534,2.372578]},"properties":{"structure_type":"Bridges","bridge_no":"B287","bridge_nam":"Apochi Bridge","link_no":"C672_Link02","link_name":"Apala-Aloi","road_no":"C672","road_class":"C","district":"12","region":"Northern","station":"Lira","surface_ty":"Unpaved","river":"APOCHI RIVER","chainage_km":18.309,"bridge_len":10.72,"bridge_wid":3.57,"no_of_spans":1,"overall_rating":7,"condition":"Good","status":"Operational","recommended_intervention":"Routine Maintenance","priority_score":46,"aadt_2026":1969.51,"inspection_date":"2022-04-06","location_status":"Placed on exact national road host link"}},{"type":"Feature","id":"bridge-283","geometry":{"type":"Point","coordinates":[33.164646,2.288995]},"properties":{"structure_type":"Bridges","bridge_no":"B288","bridge_nam":"Buaporo Bridge","link_no":"C672_Link02","link_name":"Apala-Aloi","road_no":"C672","road_class":"C","district":"12","region":"Northern","station":"Lira","surface_ty":"Unpaved","river":"ECONGO","chainage_km":31.309,"bridge_len":10.48,"bridge_wid":3.6,"no_of_spans":1,"overall_rating":1,"condition":"Critical","status":"Operational","recommended_intervention":"Bridge Replacement","priority_score":410,"aadt_2026":1969.51,"inspection_date":"2022-04-06","location_status":"Placed on exact national road host link"}},{"type":"Feature","id":"bridge-284","geometry":{"type":"Point","coordinates":[33.083956,2.427898]},"properties":{"structure_type":"Bridges","bridge_no":"B289","bridge_nam":"Apoc","link_no":"C673_Link02","link_name":"Apala-Adwari","road_no":"C673","road_class":"C","district":"09","region":"Northern","station":"Lira","surface_ty":"Unpaved","river":"APOC","chainage_km":25.473,"bridge_len":4,"bridge_wid":4.4,"no_of_spans":1,"overall_rating":1,"condition":"Critical","status":"Operational","recommended_intervention":"Bridge Replacement","priority_score":410,"aadt_2026":2035.24,"inspection_date":"2021-11-03","location_status":"Placed on exact national road host link"}},{"type":"Feature","id":"bridge-285","geometry":{"type":"Point","coordinates":[33.247477,2.437048]},"properties":{"structure_type":"Bridges","bridge_no":"B290","bridge_nam":"Akwera Bridge","link_no":"C673_Link02","link_name":"Apala-Adwari","road_no":"C673","road_class":"C","district":"12","region":"Northern","station":"Lira","surface_ty":"Unpaved","river":"AKWERA RIVER","chainage_km":45.89,"bridge_len":17.299999,"bridge_wid":5.5,"no_of_spans":3,"overall_rating":1,"condition":"Critical","status":"Operational","recommended_intervention":"Bridge Replacement","priority_score":410,"aadt_2026":2035.24,"inspection_date":"2022-04-06","location_status":"Placed on exact national road host link"}},{"type":"Feature","id":"bridge-286","geometry":{"type":"Point","coordinates":[33.158093,2.582657]},"properties":{"structure_type":"Bridges","bridge_no":"B291","bridge_nam":"Okee Bridge","link_no":"C994_Link01","link_name":"Okwang-Okwang Subcounty spur","road_no":"C994","road_class":"C","district":"12","region":"Northern","station":"Lira","surface_ty":"Unpaved","river":"OKEE RIVER","chainage_km":0.75,"bridge_len":12,"bridge_wid":5.4,"no_of_spans":2,"overall_rating":1,"condition":"Critical","status":"Operational","recommended_intervention":"Bridge Replacement","priority_score":410,"aadt_2026":1969.51,"inspection_date":"2022-03-18","location_status":"Placed on exact national road host link"}},{"type":"Feature","id":"bridge-287","geometry":{"type":"Point","coordinates":[32.969473,2.939369]},"properties":{"structure_type":"Bridges","bridge_no":"B292","bridge_nam":"Agago Bridge","link_no":"C675_Link01","link_name":"Pajule - Pader","road_no":"C675","road_class":"C","district":"14","region":"Northern","station":"Kitgum","surface_ty":"Unpaved","river":"AGAGO RIVER","chainage_km":3.2,"bridge_len":25.5,"bridge_wid":7.2,"no_of_spans":5,"overall_rating":1,"condition":"Critical","status":"Operational","recommended_intervention":"Bridge Replacement","priority_score":410,"aadt_2026":1358.82,"inspection_date":"2022-03-22","location_status":"Placed on exact national road host link"}},{"type":"Feature","id":"bridge-288","geometry":{"type":"Point","coordinates":[33.309738,2.779671]},"properties":{"structure_type":"Bridges","bridge_no":"B293","bridge_nam":"Agago Bridge","link_no":"C677_Link01","link_name":"Patongo - Kalongo","road_no":"C677","road_class":"C","district":"14","region":"Northern","station":"Kitgum","surface_ty":"Unpaved","river":"AGAGO RIVER","chainage_km":1.559,"bridge_len":2.59,"bridge_wid":7.63,"no_of_spans":1,"overall_rating":1,"condition":"Critical","status":"Operational","recommended_intervention":"Bridge Replacement","priority_score":410,"aadt_2026":726.62,"inspection_date":"2022-03-21","location_status":"Placed on exact national road host link"}},{"type":"Feature","id":"bridge-289","geometry":{"type":"Point","coordinates":[33.309868,2.779854]},"properties":{"structure_type":"Bridges","bridge_no":"B294","bridge_nam":"Agago Bridge","link_no":"C677_Link01","link_name":"Patongo - Kalongo","road_no":"C677","road_class":"C","district":"14","region":"Northern","station":"Kitgum","surface_ty":"Unpaved","river":"AGAGO RIVER","chainage_km":1.584,"bridge_len":2.59,"bridge_wid":7.58,"no_of_spans":1,"overall_rating":1,"condition":"Critical","status":"Operational","recommended_intervention":"Bridge Replacement","priority_score":410,"aadt_2026":726.62,"inspection_date":"2022-03-21","location_status":"Placed on exact national road host link"}},{"type":"Feature","id":"bridge-290","geometry":{"type":"Point","coordinates":[33.312032,2.782905]},"properties":{"structure_type":"Bridges","bridge_no":"B295","bridge_nam":"Agago Bridge","link_no":"C677_Link01","link_name":"Patongo - Kalongo","road_no":"C677","road_class":"C","district":"14","region":"Northern","station":"Kitgum","surface_ty":"Unpaved","river":"AGAGO RIVER","chainage_km":2,"bridge_len":10.9,"bridge_wid":7.63,"no_of_spans":2,"overall_rating":1,"condition":"Critical","status":"Operational","recommended_intervention":"Bridge Replacement","priority_score":410,"aadt_2026":726.62,"inspection_date":"2022-03-21","location_status":"Placed on exact national road host link"}},{"type":"Feature","id":"bridge-291","geometry":{"type":"Point","coordinates":[33.369259,3.007254]},"properties":{"structure_type":"Bridges","bridge_no":"B296","bridge_nam":"Agago Bridge","link_no":"C677_Link01","link_name":"Patongo - Kalongo","road_no":"C677","road_class":"C","district":"14","region":"Northern","station":"Kitgum","surface_ty":"Unpaved","river":"AGAGO RIVER","chainage_km":28.487,"bridge_len":8.12,"bridge_wid":4.5,"no_of_spans":2,"overall_rating":7,"condition":"Good","status":"Operational","recommended_intervention":"Routine Maintenance","priority_score":46,"aadt_2026":726.62,"inspection_date":"2022-03-22","location_status":"Placed on exact national road host link"}},{"type":"Feature","id":"bridge-292","geometry":{"type":"Point","coordinates":[33.097945,3.207215]},"properties":{"structure_type":"Bridges","bridge_no":"B297","bridge_nam":"Bulugi Bridge","link_no":"C677_Link02","link_name":"Kalongo - Kitgum Matidi","road_no":"C677","road_class":"C","district":"14","region":"Northern","station":"Kitgum","surface_ty":"Unpaved","river":"BULUGI RIVER","chainage_km":69,"bridge_len":6.15,"bridge_wid":4.59,"no_of_spans":1,"overall_rating":1,"condition":"Critical","status":"Operational","recommended_intervention":"Bridge Replacement","priority_score":400,"aadt_2026":726.62,"inspection_date":"2022-03-22","location_status":"Placed on exact national road host link"}},{"type":"Feature","id":"bridge-293","geometry":{"type":"Point","coordinates":[33.126333,3.185426]},"properties":{"structure_type":"Bridges","bridge_no":"B727","bridge_nam":"Odyaka Bridge","link_no":"C677_Link02","link_name":"Kalongo - Kitgum Matidi","road_no":"C677","road_class":"C","district":"14","region":"Northern","station":"Kitgum","surface_ty":"Unpaved","river":"ODYAKA RIVER","chainage_km":65,"bridge_len":5.39,"bridge_wid":4.8,"no_of_spans":1,"overall_rating":5,"condition":"Fair","status":"","recommended_intervention":"","priority_score":0,"aadt_2026":726.62,"inspection_date":"2022-03-22 00:00:00","location_status":"Placed on exact national road host link"}},{"type":"Feature","id":"bridge-294","geometry":{"type":"Point","coordinates":[33.126333,3.185426]},"properties":{"structure_type":"Bridges","bridge_no":"B298","bridge_nam":"Odyaka","link_no":"C677_Link02","link_name":"Kalongo - Kitgum Matidi","road_no":"C677","road_class":"C","district":"14","region":"Northern","station":"Kitgum","surface_ty":"Unpaved","river":"ODYAKA RIVER","chainage_km":65,"bridge_len":5.3899998664856,"bridge_wid":4.80000019073486,"no_of_spans":1,"overall_rating":1,"condition":"Critical","status":"Operational","recommended_intervention":"Bridge Replacement","priority_score":400,"aadt_2026":726.62,"inspection_date":"2021-11-03","location_status":"Placed on exact national road host link"}},{"type":"Feature","id":"bridge-295","geometry":{"type":"Point","coordinates":[33.482485,2.865966]},"properties":{"structure_type":"Bridges","bridge_no":"B299","bridge_nam":"Nagoya Bridge","link_no":"C678_Link01","link_name":"Naamokora - Lokapel","road_no":"C678","road_class":"C","district":"14","region":"Northern","station":"Kitgum","surface_ty":"Unpaved","river":"NGOYA RIVER","chainage_km":13.859,"bridge_len":8,"bridge_wid":5.45,"no_of_spans":2,"overall_rating":1,"condition":"Critical","status":"Operational","recommended_intervention":"Bridge Replacement","priority_score":410,"aadt_2026":296.38,"inspection_date":"2022-03-23","location_status":"Placed on exact national road host link"}},{"type":"Feature","id":"bridge-296","geometry":{"type":"Point","coordinates":[33.244817,2.261599]},"properties":{"structure_type":"Bridges","bridge_no":"B300","bridge_nam":"Orok Bridge","link_no":"C997_Link01","link_name":"Aloi-Aleptong","road_no":"C997","road_class":"C","district":"12","region":"Northern","station":"Lira","surface_ty":"Unpaved","river":"OROK RIVER","chainage_km":8.029,"bridge_len":10.45,"bridge_wid":5.87,"no_of_spans":2,"overall_rating":1,"condition":"Critical","status":"Operational","recommended_intervention":"Bridge Replacement","priority_score":410,"aadt_2026":1969.51,"inspection_date":"2022-04-07","location_status":"Placed on exact national road host link"}},{"type":"Feature","id":"bridge-297","geometry":{"type":"Point","coordinates":[32.212878,2.754532]},"properties":{"structure_type":"Bridges","bridge_no":"B301","bridge_nam":"Torchi","link_no":"C685_Link01","link_name":"Katikati - Tenumu - Nwoya","road_no":"C685","road_class":"C","district":"13","region":"Northern","station":"Gulu","surface_ty":"Unpaved","river":"Torchi","chainage_km":3.148,"bridge_len":5.2,"bridge_wid":5,"no_of_spans":"1","overall_rating":5,"condition":"Good","status":"Operational","recommended_intervention":"Preventive Repair","priority_score":110,"aadt_2026":1830.88,"inspection_date":"2021-11-03","location_status":"Placed on exact national road host link"}},{"type":"Feature","id":"bridge-298","geometry":{"type":"Point","coordinates":[32.169132,2.750203]},"properties":{"structure_type":"Bridges","bridge_no":"B302","bridge_nam":"Ayago","link_no":"C685_Link01","link_name":"Katikati - Tenumu - Nwoya","road_no":"C685","road_class":"C","district":"13","region":"Northern","station":"Gulu","surface_ty":"Unpaved","river":"AYAGO","chainage_km":8.138,"bridge_len":6.8,"bridge_wid":5.9,"no_of_spans":"2","overall_rating":5,"condition":"Good","status":"Operational","recommended_intervention":"Preventive Repair","priority_score":110,"aadt_2026":1830.88,"inspection_date":"2021-11-03","location_status":"Placed on exact national road host link"}},{"type":"Feature","id":"bridge-299","geometry":{"type":"Point","coordinates":[32.137836,2.742428]},"properties":{"structure_type":"Bridges","bridge_no":"B303","bridge_nam":"Ayago Bridge","link_no":"C685_Link01","link_name":"Katikati - Tenumu - Nwoya","road_no":"C685","road_class":"C","district":"13","region":"Northern","station":"Gulu","surface_ty":"Unpaved","river":"LANGOL RIVER","chainage_km":11.77,"bridge_len":5.1,"bridge_wid":5.03,"no_of_spans":1,"overall_rating":1,"condition":"Critical","status":"Operational","recommended_intervention":"Bridge Replacement","priority_score":410,"aadt_2026":1830.88,"inspection_date":"2022-03-12","location_status":"Placed on exact national road host link"}},{"type":"Feature","id":"bridge-300","geometry":{"type":"Point","coordinates":[31.760173,2.853155]},"properties":{"structure_type":"Bridges","bridge_no":"B308","bridge_nam":"Omee Bridge","link_no":"C686_Link02","link_name":"Amuru Junction - Awee","road_no":"C686","road_class":"C","district":"13","region":"Northern","station":"Gulu","surface_ty":"Unpaved","river":"OMEE RIVER","chainage_km":51.85,"bridge_len":17.1,"bridge_wid":6,"no_of_spans":1,"overall_rating":1,"condition":"Critical","status":"Operational","recommended_intervention":"Bridge Replacement","priority_score":410,"aadt_2026":1835.66,"inspection_date":"2022-04-07","location_status":"Placed on exact national road host link"}},{"type":"Feature","id":"bridge-301","geometry":{"type":"Point","coordinates":[31.562411,2.889462]},"properties":{"structure_type":"Bridges","bridge_no":"B312","bridge_nam":"Apaa Bridge","link_no":"C686_Link03","link_name":"Awee - Omee Rhino  Camp","road_no":"C686","road_class":"C","district":"13","region":"Northern","station":"Gulu","surface_ty":"Unpaved","river":"APAA RIVER","chainage_km":78.945,"bridge_len":19.389999,"bridge_wid":6.95,"no_of_spans":2,"overall_rating":4,"condition":"Marginal","status":"","recommended_intervention":"","priority_score":0,"aadt_2026":1835.66,"inspection_date":"2022-03-31 00:00:00","location_status":"Placed on exact national road host link"}},{"type":"Feature","id":"bridge-302","geometry":{"type":"Point","coordinates":[31.586226,2.876257]},"properties":{"structure_type":"Bridges","bridge_no":"B313","bridge_nam":"Ociip Bridge","link_no":"C686_Link03","link_name":"Awee - Omee Rhino  Camp","road_no":"C686","road_class":"C","district":"13","region":"Northern","station":"Gulu","surface_ty":"Unpaved","river":"OCIIP RIVER","chainage_km":75.34,"bridge_len":18.1,"bridge_wid":7,"no_of_spans":2,"overall_rating":1,"condition":"Critical","status":"Operational","recommended_intervention":"Bridge Replacement","priority_score":410,"aadt_2026":1835.66,"inspection_date":"2022-03-11","location_status":"Placed on exact national road host link"}},{"type":"Feature","id":"bridge-303","geometry":{"type":"Point","coordinates":[31.861351,2.9635]},"properties":{"structure_type":"Bridges","bridge_no":"B314","bridge_nam":"Omee","link_no":"C688_Link02","link_name":"Mungula - Adjumani","road_no":"C688","road_class":"C","district":"15","region":"Northern","station":"Moyo","surface_ty":"Unpaved","river":"OMEE","chainage_km":26.3,"bridge_len":13,"bridge_wid":7,"no_of_spans":3,"overall_rating":1,"condition":"Critical","status":"Operational","recommended_intervention":"Bridge Replacement","priority_score":410,"aadt_2026":1208.24,"inspection_date":"2022-03-06","location_status":"Placed on exact national road host link"}},{"type":"Feature","id":"bridge-304","geometry":{"type":"Point","coordinates":[31.778776,3.081947]},"properties":{"structure_type":"Bridges","bridge_no":"B315","bridge_nam":"Zoka Bridge","link_no":"C688_Link02","link_name":"Mungula - Adjumani","road_no":"C688","road_class":"C","district":"13","region":"Northern","station":"Moyo","surface_ty":"Unpaved","river":"ZOKA RIVER","chainage_km":46.9,"bridge_len":5.6,"bridge_wid":7.05,"no_of_spans":1,"overall_rating":1,"condition":"Critical","status":"Operational","recommended_intervention":"Bridge Replacement","priority_score":410,"aadt_2026":1208.24,"inspection_date":"2022-03-06","location_status":"Placed on exact national road host link"}},{"type":"Feature","id":"bridge-305","geometry":{"type":"Point","coordinates":[32.083169,3.107857]},"properties":{"structure_type":"Bridges","bridge_no":"B316","bridge_nam":"Ayugi Bridge","link_no":"C689_Link01","link_name":"Pakele - Pabbo","road_no":"C689","road_class":"C","district":"15","region":"Northern","station":"Moyo","surface_ty":"Unpaved","river":"AYUGI RIVER","chainage_km":13.9,"bridge_len":34.200001,"bridge_wid":11.1,"no_of_spans":2,"overall_rating":7,"condition":"Good","status":"Operational","recommended_intervention":"Routine Maintenance","priority_score":34,"aadt_2026":1085.14,"inspection_date":"2022-04-07","location_status":"Placed on exact national road host link"}},{"type":"Feature","id":"bridge-306","geometry":{"type":"Point","coordinates":[32.029621,3.200465]},"properties":{"structure_type":"Bridges","bridge_no":"B317","bridge_nam":"Opio","link_no":"C689_Link01","link_name":"Pakele - Pabbo","road_no":"C689","road_class":"C","district":"15","region":"Northern","station":"Moyo","surface_ty":"Unpaved","river":"OPIO","chainage_km":28.4,"bridge_len":2.6,"bridge_wid":7.2,"no_of_spans":1,"overall_rating":5,"condition":"Good","status":"Operational","recommended_intervention":"Preventive Repair","priority_score":110,"aadt_2026":1085.14,"inspection_date":"2021-11-03","location_status":"Placed on exact national road host link"}},{"type":"Feature","id":"bridge-307","geometry":{"type":"Point","coordinates":[32.014659,3.203394]},"properties":{"structure_type":"Bridges","bridge_no":"B318","bridge_nam":"Amoro","link_no":"C689_Link01","link_name":"Pakele - Pabbo","road_no":"C689","road_class":"C","district":"15","region":"Northern","station":"Moyo","surface_ty":"Unpaved","river":"AMORO","chainage_km":30.2,"bridge_len":12.5,"bridge_wid":5,"no_of_spans":1,"overall_rating":5,"condition":"Good","status":"Operational","recommended_intervention":"Preventive Repair","priority_score":90,"aadt_2026":1085.14,"inspection_date":"2021-11-03","location_status":"Placed on exact national road host link"}},{"type":"Feature","id":"bridge-308","geometry":{"type":"Point","coordinates":[32.008854,3.208294]},"properties":{"structure_type":"Bridges","bridge_no":"B319","bridge_nam":"Yuba Bridge","link_no":"C689_Link01","link_name":"Pakele - Pabbo","road_no":"C689","road_class":"C","district":"15","region":"Northern","station":"Moyo","surface_ty":"Unpaved","river":"YUBA RIVER","chainage_km":31.1,"bridge_len":8.4,"bridge_wid":7.05,"no_of_spans":2,"overall_rating":1,"condition":"Critical","status":"Operational","recommended_intervention":"Bridge Replacement","priority_score":410,"aadt_2026":1085.14,"inspection_date":"2022-03-05","location_status":"Placed on exact national road host link"}},{"type":"Feature","id":"bridge-309","geometry":{"type":"Point","coordinates":[31.945193,3.236243]},"properties":{"structure_type":"Bridges","bridge_no":"B320","bridge_nam":"Adidi","link_no":"C689_Link01","link_name":"Pakele - Pabbo","road_no":"C689","road_class":"C","district":"15","region":"Northern","station":"Moyo","surface_ty":"Unpaved","river":"ADIDI","chainage_km":39.2,"bridge_len":34.200001,"bridge_wid":11,"no_of_spans":2,"overall_rating":7,"condition":"Good","status":"Operational","recommended_intervention":"Routine Maintenance","priority_score":46,"aadt_2026":1085.14,"inspection_date":"2022-02-16","location_status":"Placed on exact national road host link"}},{"type":"Feature","id":"bridge-310","geometry":{"type":"Point","coordinates":[31.945193,3.236243]},"properties":{"structure_type":"Bridges","bridge_no":"B321","bridge_nam":"Odragi Bridge","link_no":"C689_Link01","link_name":"Pakele - Pabbo","road_no":"C689","road_class":"C","district":"15","region":"Northern","station":"Moyo","surface_ty":"Unpaved","river":"ODRAGI RIVER","chainage_km":39.2,"bridge_len":32.299999,"bridge_wid":4,"no_of_spans":10,"overall_rating":5,"condition":"Good","status":"Operational","recommended_intervention":"Preventive Repair","priority_score":110,"aadt_2026":1085.14,"inspection_date":"2022-03-05","location_status":"Placed on exact national road host link"}},{"type":"Feature","id":"bridge-311","geometry":{"type":"Point","coordinates":[32.29396,2.78376]},"properties":{"structure_type":"Bridges","bridge_no":"B323","bridge_nam":"Agagura","link_no":"C682_Link01","link_name":"Gulu - Logere - Adee","road_no":"C682","road_class":"C","district":0,"region":"Northern","station":"Gulu","surface_ty":"Unpaved","river":"AGUGURA","chainage_km":0,"bridge_len":0,"bridge_wid":0,"no_of_spans":2,"overall_rating":3,"condition":"Poor","status":"Operational","recommended_intervention":"Major Rehabilitation","priority_score":220,"aadt_2026":1651.62,"inspection_date":"2021-11-03","location_status":"Placed on exact national road host link"}},{"type":"Feature","id":"bridge-312","geometry":{"type":"Point","coordinates":[32.827749,3.466212]},"properties":{"structure_type":"Bridges","bridge_no":"B324","bridge_nam":"Lagwel Bridge","link_no":"C704_Link01","link_name":"Palabek - Padibe","road_no":"C704","road_class":"C","district":"14","region":"Northern","station":"Kitgum","surface_ty":"Unpaved","river":"LAGWEL RIVER","chainage_km":0.762,"bridge_len":7.4,"bridge_wid":5.1,"no_of_spans":1,"overall_rating":1,"condition":"Critical","status":"Operational","recommended_intervention":"Bridge Replacement","priority_score":410,"aadt_2026":365.7,"inspection_date":"2022-03-22","location_status":"Placed on exact national road host link"}},{"type":"Feature","id":"bridge-313","geometry":{"type":"Point","coordinates":[32.633378,3.401589]},"properties":{"structure_type":"Bridges","bridge_no":"B325","bridge_nam":"Pauo Bridge","link_no":"C704_Link01","link_name":"Palabek - Padibe","road_no":"C704","road_class":"C","district":"14","region":"Northern","station":"Kitgum","surface_ty":"Unpaved","river":"PAUO RIVER","chainage_km":23.983,"bridge_len":4.6,"bridge_wid":4.94,"no_of_spans":1,"overall_rating":1,"condition":"Critical","status":"Operational","recommended_intervention":"Bridge Replacement","priority_score":410,"aadt_2026":365.7,"inspection_date":"2022-03-23","location_status":"Placed on exact national road host link"}},{"type":"Feature","id":"bridge-314","geometry":{"type":"Point","coordinates":[32.920853,3.576726]},"properties":{"structure_type":"Bridges","bridge_no":"B326","bridge_nam":"Okwora Bridge","link_no":"C705_Link02","link_name":"Paloga - Madiopei","road_no":"C705","road_class":"C","district":"14","region":"Northern","station":"Kitgum","surface_ty":"Unpaved","river":"OKWORA BRIDGE","chainage_km":19.832,"bridge_len":3.06,"bridge_wid":4.22,"no_of_spans":1,"overall_rating":3,"condition":"Poor","status":"","recommended_intervention":"","priority_score":0,"aadt_2026":365.7,"inspection_date":"2022-03-21 00:00:00","location_status":"Placed on exact national road host link"}},{"type":"Feature","id":"bridge-315","geometry":{"type":"Point","coordinates":[32.94454,3.58966]},"properties":{"structure_type":"Bridges","bridge_no":"B327","bridge_nam":"Aringa Bridge","link_no":"C705_Link02","link_name":"Paloga - Madiopei","road_no":"C705","road_class":"C","district":"14","region":"Northern","station":"Kitgum","surface_ty":"Unpaved","river":"ARINGA RIVER","chainage_km":16.832,"bridge_len":6.9,"bridge_wid":4.65,"no_of_spans":1,"overall_rating":1,"condition":"Critical","status":"Operational","recommended_intervention":"Bridge Replacement","priority_score":410,"aadt_2026":365.7,"inspection_date":"2022-04-07","location_status":"Placed on exact national road host link"}},{"type":"Feature","id":"bridge-316","geometry":{"type":"Point","coordinates":[32.891259,3.718161]},"properties":{"structure_type":"Bridges","bridge_no":"B328","bridge_nam":"Aringa Bridge","link_no":"C706_Link02","link_name":"Potika - Lututur","road_no":"C706","road_class":"C","district":"14","region":"Northern","station":"Kitgum","surface_ty":"Unpaved","river":"ARINGA RIVER","chainage_km":18.594,"bridge_len":16,"bridge_wid":7,"no_of_spans":1,"overall_rating":1,"condition":"Critical","status":"Operational","recommended_intervention":"Bridge Replacement","priority_score":400,"aadt_2026":365.7,"inspection_date":"2022-04-07","location_status":"Placed on exact national road host link"}},{"type":"Feature","id":"bridge-317","geometry":{"type":"Point","coordinates":[31.33438,3.308184]},"properties":{"structure_type":"Bridges","bridge_no":"B330","bridge_nam":"Ngago Bridge","link_no":"C721_Link01","link_name":"Obongi - Kulikulinga","road_no":"C721","road_class":"C","district":"15","region":"Northern","station":"Moyo","surface_ty":"Unpaved","river":"GANGO RIVER","chainage_km":11.899,"bridge_len":7.4,"bridge_wid":3.8,"no_of_spans":1,"overall_rating":1,"condition":"Critical","status":"Operational","recommended_intervention":"Bridge Replacement","priority_score":410,"aadt_2026":2313.7,"inspection_date":"2022-04-08","location_status":"Placed on exact national road host link"}},{"type":"Feature","id":"bridge-318","geometry":{"type":"Point","coordinates":[31.651204,3.603965]},"properties":{"structure_type":"Bridges","bridge_no":"B331","bridge_nam":"Lea Bridge","link_no":"C722_Link01","link_name":"Moyo - Obongi","road_no":"C722","road_class":"C","district":"15","region":"Northern","station":"Moyo","surface_ty":"Unpaved","river":"LEA RIVER","chainage_km":3.5,"bridge_len":13,"bridge_wid":4.4,"no_of_spans":2,"overall_rating":5,"condition":"Good","status":"Operational","recommended_intervention":"Preventive Repair","priority_score":90,"aadt_2026":482.82,"inspection_date":"2022-04-08","location_status":"Placed on exact national road host link"}},{"type":"Feature","id":"bridge-319","geometry":{"type":"Point","coordinates":[31.629762,3.461738]},"properties":{"structure_type":"Bridges","bridge_no":"B332","bridge_nam":"Nyawa Bridge","link_no":"C722_Link01","link_name":"Moyo - Obongi","road_no":"C722","road_class":"C","district":"15","region":"Northern","station":"Moyo","surface_ty":"Unpaved","river":"NYAWA RIVER","chainage_km":23.9,"bridge_len":22.1,"bridge_wid":3.45,"no_of_spans":2,"overall_rating":1,"condition":"Critical","status":"Operational","recommended_intervention":"Bridge Replacement","priority_score":410,"aadt_2026":482.82,"inspection_date":"2022-04-08","location_status":"Placed on exact national road host link"}},{"type":"Feature","id":"bridge-320","geometry":{"type":"Point","coordinates":[31.56673,3.383477]},"properties":{"structure_type":"Bridges","bridge_no":"B333","bridge_nam":"Omposo Bridge","link_no":"C722_Link01","link_name":"Moyo - Obongi","road_no":"C722","road_class":"C","district":"15","region":"Northern","station":"Moyo","surface_ty":"Unpaved","river":"OMPOSO","chainage_km":36.299,"bridge_len":25.700001,"bridge_wid":3.6,"no_of_spans":4,"overall_rating":1,"condition":"Critical","status":"Operational","recommended_intervention":"Bridge Replacement","priority_score":410,"aadt_2026":482.82,"inspection_date":"2022-04-08","location_status":"Placed on exact national road host link"}},{"type":"Feature","id":"bridge-321","geometry":{"type":"Point","coordinates":[32.044203,3.566185]},"properties":{"structure_type":"Bridges","bridge_no":"B334","bridge_nam":"Tete Bridge","link_no":"C727_Link01","link_name":"Tete - Nimule Border","road_no":"C727","road_class":"C","district":"15","region":"Northern","station":"Moyo","surface_ty":"Unpaved","river":"TETE RIVER","chainage_km":11.199,"bridge_len":20.5,"bridge_wid":6.65,"no_of_spans":2,"overall_rating":7,"condition":"Good","status":"Operational","recommended_intervention":"Routine Maintenance","priority_score":34,"aadt_2026":1208.24,"inspection_date":"2022-03-08","location_status":"Placed on exact national road host link"}},{"type":"Feature","id":"bridge-322","geometry":{"type":"Point","coordinates":[30.970592,3.198707]},"properties":{"structure_type":"Bridges","bridge_no":"B335","bridge_nam":"Balibo","link_no":"C764_Link01","link_name":"Katrini - Nyadri","road_no":"C764","road_class":"C","district":"16","region":"Northern","station":"Arua","surface_ty":"Unpaved","river":"BALIBO","chainage_km":9.772,"bridge_len":23.049999,"bridge_wid":3.75,"no_of_spans":2,"overall_rating":1,"condition":"Critical","status":"Operational","recommended_intervention":"Bridge Replacement","priority_score":410,"aadt_2026":988.34,"inspection_date":"2022-04-08","location_status":"Placed on exact national road host link"}},{"type":"Feature","id":"bridge-323","geometry":{"type":"Point","coordinates":[31.257187,2.251194]},"properties":{"structure_type":"Bridges","bridge_no":"B336","bridge_nam":"Oguta Bridge","link_no":"C747_Link01","link_name":"Panyimur - Paidha Via Erusi-Goli","road_no":"C747","road_class":"C","district":"16","region":"Northern","station":"Arua","surface_ty":"Unpaved","river":"OGUTA RIVER","chainage_km":7.315,"bridge_len":8.04,"bridge_wid":3.65,"no_of_spans":1,"overall_rating":1,"condition":"Critical","status":"Operational","recommended_intervention":"Bridge Replacement","priority_score":410,"aadt_2026":530.62,"inspection_date":"2022-02-14","location_status":"Placed on exact national road host link"}},{"type":"Feature","id":"bridge-324","geometry":{"type":"Point","coordinates":[31.214317,2.279649]},"properties":{"structure_type":"Bridges","bridge_no":"B337","bridge_nam":"Araga Bridge","link_no":"C747_Link01","link_name":"Panyimur - Paidha Via Erusi-Goli","road_no":"C747","road_class":"C","district":"16","region":"Northern","station":"Arua","surface_ty":"Unpaved","river":"ARAGA RIVER","chainage_km":16.483,"bridge_len":4.1,"bridge_wid":3.5,"no_of_spans":1,"overall_rating":1,"condition":"Critical","status":"Operational","recommended_intervention":"Bridge Replacement","priority_score":410,"aadt_2026":530.62,"inspection_date":"2022-04-08","location_status":"Placed on exact national road host link"}},{"type":"Feature","id":"bridge-325","geometry":{"type":"Point","coordinates":[31.209937,2.292655]},"properties":{"structure_type":"Bridges","bridge_no":"B338","bridge_nam":"Acodho Bridge","link_no":"C747_Link01","link_name":"Panyimur - Paidha Via Erusi-Goli","road_no":"C747","road_class":"C","district":"16","region":"Northern","station":"Arua","surface_ty":"Unpaved","river":"ACODHO RIVER","chainage_km":18.263,"bridge_len":7.8,"bridge_wid":3.5,"no_of_spans":1,"overall_rating":1,"condition":"Critical","status":"Operational","recommended_intervention":"Bridge Replacement","priority_score":325,"aadt_2026":530.62,"inspection_date":"2022-04-09","location_status":"Placed on exact national road host link"}},{"type":"Feature","id":"bridge-326","geometry":{"type":"Point","coordinates":[31.065521,2.376011]},"properties":{"structure_type":"Bridges","bridge_no":"B339","bridge_nam":"Cido Bridge","link_no":"C747_Link01","link_name":"Panyimur - Paidha Via Erusi-Goli","road_no":"C747","road_class":"C","district":"16","region":"Northern","station":"Arua","surface_ty":"Unpaved","river":"CIDO RIVER","chainage_km":46.618,"bridge_len":16.65,"bridge_wid":11.5,"no_of_spans":1,"overall_rating":7,"condition":"Good","status":"Operational","recommended_intervention":"Routine Maintenance","priority_score":34,"aadt_2026":530.62,"inspection_date":"2022-04-09","location_status":"Placed on exact national road host link"}},{"type":"Feature","id":"bridge-327","geometry":{"type":"Point","coordinates":[31.049173,2.377357]},"properties":{"structure_type":"Bridges","bridge_no":"B340","bridge_nam":"Nyarwotho Bridge","link_no":"C747_Link01","link_name":"Panyimur - Paidha Via Erusi-Goli","road_no":"C747","road_class":"C","district":"16","region":"Northern","station":"Arua","surface_ty":"Unpaved","river":"NYARWOTHO RIVER","chainage_km":49.066,"bridge_len":10.7,"bridge_wid":4.03,"no_of_spans":1,"overall_rating":1,"condition":"Critical","status":"Operational","recommended_intervention":"Bridge Replacement","priority_score":410,"aadt_2026":530.62,"inspection_date":"2022-04-09","location_status":"Placed on exact national road host link"}},{"type":"Feature","id":"bridge-328","geometry":{"type":"Point","coordinates":[30.894254,3.035737]},"properties":{"structure_type":"Bridges","bridge_no":"B344","bridge_nam":"Enyau Bridge","link_no":"C752_Link01","link_name":"Arua - Lia","road_no":"C752","road_class":"C","district":"16","region":"Northern","station":"Arua","surface_ty":"Unpaved","river":"ENYAU RIVER","chainage_km":2.384,"bridge_len":10.2,"bridge_wid":4,"no_of_spans":1,"overall_rating":7,"condition":"Good","status":"Operational","recommended_intervention":"Routine Maintenance","priority_score":34,"aadt_2026":1564.38,"inspection_date":"2022-04-09","location_status":"Placed on exact national road host link"}},{"type":"Feature","id":"bridge-329","geometry":{"type":"Point","coordinates":[30.884408,3.042068]},"properties":{"structure_type":"Bridges","bridge_no":"B345","bridge_nam":"Okayiva Bridge","link_no":"C752_Link01","link_name":"Arua - Lia","road_no":"C752","road_class":"C","district":"16","region":"Northern","station":"Arua","surface_ty":"Unpaved","river":"OKAYIVA","chainage_km":3.699,"bridge_len":10.1,"bridge_wid":4.2,"no_of_spans":1,"overall_rating":1,"condition":"Critical","status":"Operational","recommended_intervention":"Bridge Replacement","priority_score":410,"aadt_2026":1564.38,"inspection_date":"2022-02-22","location_status":"Placed on exact national road host link"}},{"type":"Feature","id":"bridge-330","geometry":{"type":"Point","coordinates":[30.830208,3.054662]},"properties":{"structure_type":"Bridges","bridge_no":"B346","bridge_nam":"Esi Bridge","link_no":"C752_Link01","link_name":"Arua - Lia","road_no":"C752","road_class":"C","district":"16","region":"Northern","station":"Arua","surface_ty":"Unpaved","river":"ESI RIVER","chainage_km":10.075,"bridge_len":9,"bridge_wid":5.5,"no_of_spans":1,"overall_rating":1,"condition":"Critical","status":"Operational","recommended_intervention":"Bridge Replacement","priority_score":410,"aadt_2026":1564.38,"inspection_date":"2022-04-09","location_status":"Placed on exact national road host link"}},{"type":"Feature","id":"bridge-331","geometry":{"type":"Point","coordinates":[31.029978,3.201116]},"properties":{"structure_type":"Bridges","bridge_no":"B347","bridge_nam":"Enyawu-Chillio Bridge","link_no":"C755_Link01","link_name":"Owaffa - Kubala","road_no":"C755","road_class":"C","district":"16","region":"Northern","station":"Arua","surface_ty":"Unpaved","river":"ENYAWU RIVER","chainage_km":5.892,"bridge_len":32.099998,"bridge_wid":11.05,"no_of_spans":1,"overall_rating":7,"condition":"Good","status":"Operational","recommended_intervention":"Routine Maintenance","priority_score":34,"aadt_2026":988.34,"inspection_date":"2022-04-09","location_status":"Placed on exact national road host link"}},{"type":"Feature","id":"bridge-332","geometry":{"type":"Point","coordinates":[31.253703,3.55024]},"properties":{"structure_type":"Bridges","bridge_no":"B348","bridge_nam":"Kochi","link_no":"C758_Link01","link_name":"Keriri - Midigo","road_no":"C758","road_class":"C","district":"15","region":"Northern","station":"Moyo","surface_ty":"Unpaved","river":"KOCHI","chainage_km":6.7,"bridge_len":24.2,"bridge_wid":4.3,"no_of_spans":4,"overall_rating":1,"condition":"Critical","status":"Operational","recommended_intervention":"Bridge Replacement","priority_score":330,"aadt_2026":1501.04,"inspection_date":"2021-11-03","location_status":"Placed on exact national road host link"}},{"type":"Feature","id":"bridge-333","geometry":{"type":"Point","coordinates":[31.067257,3.049952]},"properties":{"structure_type":"Bridges","bridge_no":"B349","bridge_nam":"Osu","link_no":"C762_Link01","link_name":"Arua - Biliafe","road_no":"C762","road_class":"C","district":"16","region":"Northern","station":"Arua","surface_ty":"Unpaved","river":"ONZUA","chainage_km":21.154,"bridge_len":10.7,"bridge_wid":4,"no_of_spans":"1","overall_rating":5,"condition":"Good","status":"Operational","recommended_intervention":"Preventive Repair","priority_score":110,"aadt_2026":330.44,"inspection_date":"2021-11-03","location_status":"Placed on exact national road host link"}},{"type":"Feature","id":"bridge-334","geometry":{"type":"Point","coordinates":[34.013908,0.711479]},"properties":{"structure_type":"Bridges","bridge_no":"B352","bridge_nam":"Korubude Bridge","link_no":"C836_Link02","link_name":"Mulanda - Nagongera","road_no":"C836","road_class":"C","district":0,"region":"Eastern","station":"Tororo","surface_ty":"Unpaved","river":"RIVER KORUBUDE","chainage_km":21.064,"bridge_len":0,"bridge_wid":0,"no_of_spans":1,"overall_rating":3,"condition":"Poor","status":"Operational","recommended_intervention":"Major Rehabilitation","priority_score":220,"aadt_2026":5179.88,"inspection_date":"2021-11-03","location_status":"Placed on exact national road host link"}},{"type":"Feature","id":"bridge-335","geometry":{"type":"Point","coordinates":[34.115139,0.880765]},"properties":{"structure_type":"Bridges","bridge_no":"B354","bridge_nam":"Kaminima","link_no":"C837_Link01","link_name":"Nagongera - Merikit - Kidoko","road_no":"C837","road_class":"C","district":"18","region":"Eastern","station":"Tororo","surface_ty":"Unpaved","river":"KAMINIMA","chainage_km":18,"bridge_len":4.6,"bridge_wid":4.9,"no_of_spans":1,"overall_rating":3,"condition":"Poor","status":"Operational","recommended_intervention":"Major Rehabilitation","priority_score":220,"aadt_2026":1393.09,"inspection_date":"2023-05-11","location_status":"Placed on exact national road host link"}},{"type":"Feature","id":"bridge-336","geometry":{"type":"Point","coordinates":[34.115139,0.880765]},"properties":{"structure_type":"Bridges","bridge_no":"B355","bridge_nam":"Kamunima","link_no":"C837_Link01","link_name":"Nagongera - Merikit - Kidoko","road_no":"C837","road_class":"C","district":"18","region":"Eastern","station":"Tororo","surface_ty":"Unpaved","river":"Kamunima","chainage_km":18,"bridge_len":4.4,"bridge_wid":4.7,"no_of_spans":1,"overall_rating":1,"condition":"Critical","status":"Operational","recommended_intervention":"Bridge Replacement","priority_score":330,"aadt_2026":1393.09,"inspection_date":"2023-05-11","location_status":"Placed on exact national road host link"}},{"type":"Feature","id":"bridge-337","geometry":{"type":"Point","coordinates":[34.103293,0.886811]},"properties":{"structure_type":"Bridges","bridge_no":"B359","bridge_nam":"Namulo","link_no":"C839_Link01","link_name":"Doho - Namulo - Amuro","road_no":"C839","road_class":"C","district":"18","region":"Eastern","station":"Tororo","surface_ty":"Unpaved","river":"MANAFA","chainage_km":13.5,"bridge_len":20.4,"bridge_wid":4.3,"no_of_spans":1,"overall_rating":7,"condition":"Good","status":"Operational","recommended_intervention":"Routine Maintenance","priority_score":46,"aadt_2026":5179.88,"inspection_date":"2023-05-11","location_status":"Placed on exact national road host link"}},{"type":"Feature","id":"bridge-338","geometry":{"type":"Point","coordinates":[33.982725,0.924678]},"properties":{"structure_type":"Bridges","bridge_no":"B360","bridge_nam":"Paya","link_no":"C847_Link01","link_name":"Nagongera - Paya - Leresi","road_no":"C847","road_class":"C","district":"18","region":"Eastern","station":"Tororo","surface_ty":"Unpaved","river":"NAGONGERA","chainage_km":18.5,"bridge_len":4.8,"bridge_wid":5,"no_of_spans":1,"overall_rating":3,"condition":"Fair","status":"Operational","recommended_intervention":"Major Rehabilitation","priority_score":190,"aadt_2026":5179.88,"inspection_date":"2023-05-11","location_status":"Placed on exact national road host link"}},{"type":"Feature","id":"bridge-339","geometry":{"type":"Point","coordinates":[34.053336,0.998565]},"properties":{"structure_type":"Bridges","bridge_no":"B361","bridge_nam":"Jalanja","link_no":"C873_Link01","link_name":"Nabiganda - Kaiti","road_no":"C873","road_class":"C","district":"19","region":"Eastern","station":"Mbale","surface_ty":"Unpaved","river":"JALAJA","chainage_km":3.4,"bridge_len":4.6,"bridge_wid":4.7,"no_of_spans":1,"overall_rating":3,"condition":"Fair","status":"Operational","recommended_intervention":"Major Rehabilitation","priority_score":190,"aadt_2026":1417.91,"inspection_date":"2023-06-20","location_status":"Placed on exact national road host link"}},{"type":"Feature","id":"bridge-340","geometry":{"type":"Point","coordinates":[34.054074,0.995067]},"properties":{"structure_type":"Bridges","bridge_no":"B362","bridge_nam":"Nahamya","link_no":"C873_Link01","link_name":"Nabiganda - Kaiti","road_no":"C873","road_class":"C","district":"19","region":"Eastern","station":"Mbale","surface_ty":"Unpaved","river":0,"chainage_km":3,"bridge_len":13,"bridge_wid":4.4,"no_of_spans":2,"overall_rating":3,"condition":"Poor","status":"Operational","recommended_intervention":"Major Rehabilitation","priority_score":220,"aadt_2026":1417.91,"inspection_date":"2023-06-20","location_status":"Placed on exact national road host link"}},{"type":"Feature","id":"bridge-341","geometry":{"type":"Point","coordinates":[33.923348,1.194367]},"properties":{"structure_type":"Bridges","bridge_no":"B363","bridge_nam":"Kitoikawunoni","link_no":"C878_Link01","link_name":"Nakaloke-Kabwangasi-Butebo","road_no":"C878","road_class":"C","district":"19","region":"Eastern","station":"Mbale","surface_ty":"Unpaved","river":"KITOIKAWUNONI","chainage_km":28.9,"bridge_len":21,"bridge_wid":5.2,"no_of_spans":1,"overall_rating":7,"condition":"Good","status":"Operational","recommended_intervention":"Routine Maintenance","priority_score":46,"aadt_2026":1909.69,"inspection_date":"2023-06-20","location_status":"Placed on exact national road host link"}},{"type":"Feature","id":"bridge-342","geometry":{"type":"Point","coordinates":[34.281843,1.118726]},"properties":{"structure_type":"Bridges","bridge_no":"B364","bridge_nam":"Busamaga","link_no":"C880_Link01","link_name":"Mbale-Bufumbo","road_no":"C880","road_class":"C","district":"19","region":"Eastern","station":"Mbale","surface_ty":"Unpaved","river":"NAMATYALE","chainage_km":16,"bridge_len":30,"bridge_wid":4.2,"no_of_spans":1,"overall_rating":3,"condition":"Fair","status":"Operational","recommended_intervention":"Major Rehabilitation","priority_score":190,"aadt_2026":2272.7,"inspection_date":"2023-06-20","location_status":"Placed on exact national road host link"}},{"type":"Feature","id":"bridge-343","geometry":{"type":"Point","coordinates":[34.281843,1.118726]},"properties":{"structure_type":"Bridges","bridge_no":"B365","bridge_nam":"Namatyale","link_no":"C880_Link01","link_name":"Mbale-Bufumbo","road_no":"C880","road_class":"C","district":"19","region":"Eastern","station":"Mbale","surface_ty":"Unpaved","river":"NAMATYALE","chainage_km":16,"bridge_len":8,"bridge_wid":5,"no_of_spans":1,"overall_rating":7,"condition":"Good","status":"Operational","recommended_intervention":"Routine Maintenance","priority_score":46,"aadt_2026":2272.7,"inspection_date":"2023-06-20","location_status":"Placed on exact national road host link"}},{"type":"Feature","id":"bridge-344","geometry":{"type":"Point","coordinates":[34.362165,1.226544]},"properties":{"structure_type":"Bridges","bridge_no":"B366","bridge_nam":"Pondo","link_no":"C884_Link01","link_name":"Buyaga - Buluganya","road_no":"C884","road_class":"C","district":"19","region":"Eastern","station":"Mbale","surface_ty":"Unpaved","river":"SIMU","chainage_km":12.4,"bridge_len":10,"bridge_wid":7,"no_of_spans":1,"overall_rating":5,"condition":"Good","status":"Operational","recommended_intervention":"Preventive Repair","priority_score":90,"aadt_2026":854.78,"inspection_date":"2023-06-20","location_status":"Placed on exact national road host link"}},{"type":"Feature","id":"bridge-345","geometry":{"type":"Point","coordinates":[34.362165,1.226544]},"properties":{"structure_type":"Bridges","bridge_no":"B367","bridge_nam":"Simu","link_no":"C884_Link01","link_name":"Buyaga - Buluganya","road_no":"C884","road_class":"C","district":"19","region":"Eastern","station":"Mbale","surface_ty":"Unpaved","river":"SIMU","chainage_km":12.4,"bridge_len":6,"bridge_wid":4,"no_of_spans":1,"overall_rating":5,"condition":"Good","status":"Operational","recommended_intervention":"Preventive Repair","priority_score":90,"aadt_2026":854.78,"inspection_date":"2023-06-20","location_status":"Placed on exact national road host link"}},{"type":"Feature","id":"bridge-346","geometry":{"type":"Point","coordinates":[34.379555,1.284326]},"properties":{"structure_type":"Bridges","bridge_no":"B368","bridge_nam":"Sisi","link_no":"C885_Link01","link_name":"Buginyanya Agriculture Research Station","road_no":"C885","road_class":"C","district":"19","region":"Eastern","station":"Mbale","surface_ty":"Unpaved","river":"SISI","chainage_km":5,"bridge_len":7.5,"bridge_wid":6,"no_of_spans":1,"overall_rating":5,"condition":"Good","status":"Operational","recommended_intervention":"Preventive Repair","priority_score":110,"aadt_2026":854.78,"inspection_date":"2023-06-20","location_status":"Placed on exact national road host link"}},{"type":"Feature","id":"bridge-347","geometry":{"type":"Point","coordinates":[33.693601,1.055516]},"properties":{"structure_type":"Bridges","bridge_no":"B369","bridge_nam":"Kuffu","link_no":"C891_Link01","link_name":"Buseta - Bugiri","road_no":"C891","road_class":"C","district":"19","region":"Eastern","station":"Mbale","surface_ty":"Unpaved","river":"KUFFU","chainage_km":7.5,"bridge_len":5.43,"bridge_wid":9,"no_of_spans":1,"overall_rating":5,"condition":"Good","status":"Operational","recommended_intervention":"Preventive Repair","priority_score":110,"aadt_2026":1808.85,"inspection_date":"2022-11-08","location_status":"Placed on exact national road host link"}},{"type":"Feature","id":"bridge-348","geometry":{"type":"Point","coordinates":[33.69344,1.05509]},"properties":{"structure_type":"Bridges","bridge_no":"B370","bridge_nam":"Nabukhya","link_no":"C891_Link01","link_name":"Buseta - Bugiri","road_no":"C891","road_class":"C","district":"19","region":"Eastern","station":"Mbale","surface_ty":"Unpaved","river":"NABUKHYA","chainage_km":7.55,"bridge_len":9,"bridge_wid":9.6,"no_of_spans":1,"overall_rating":5,"condition":"Good","status":"Operational","recommended_intervention":"Preventive Repair","priority_score":110,"aadt_2026":1808.85,"inspection_date":"2023-06-20","location_status":"Placed on exact national road host link"}},{"type":"Feature","id":"bridge-349","geometry":{"type":"Point","coordinates":[34.378366,0.805545]},"properties":{"structure_type":"Bridges","bridge_no":"B373","bridge_nam":"Namisindwa","link_no":"C848_Link01","link_name":"Magale - Bumbo - Lwakhaka","road_no":"C848","road_class":"C","district":"19","region":"Eastern","station":"Mbale","surface_ty":"Unpaved","river":"TSAKHANA","chainage_km":7.5,"bridge_len":8,"bridge_wid":4.5,"no_of_spans":1,"overall_rating":7,"condition":"Good","status":"Operational","recommended_intervention":"Routine Maintenance","priority_score":46,"aadt_2026":1588.56,"inspection_date":"2022-11-08","location_status":"Placed on exact national road host link"}},{"type":"Feature","id":"bridge-350","geometry":{"type":"Point","coordinates":[34.820883,2.380458]},"properties":{"structure_type":"Bridges","bridge_no":"B380","bridge_nam":"Loro","link_no":"C963_Link02","link_name":"Lokitanyara-Loro-Amudat","road_no":"C963","road_class":"C","district":"21","region":"North Eastern","station":"Moroto","surface_ty":"Unpaved","river":"LORO","chainage_km":28.5,"bridge_len":7,"bridge_wid":6,"no_of_spans":1,"overall_rating":5,"condition":"Good","status":"Operational","recommended_intervention":"Preventive Repair","priority_score":90,"aadt_2026":126.84,"inspection_date":"2022-11-08","location_status":"Placed on exact national road host link"}},{"type":"Feature","id":"bridge-351","geometry":{"type":"Point","coordinates":[34.911124,2.174466]},"properties":{"structure_type":"Bridges","bridge_no":"B381","bridge_nam":"Kanyangaren","link_no":"C963_Link02","link_name":"Lokitanyara-Loro-Amudat","road_no":"C963","road_class":"C","district":"21","region":"North Eastern","station":"Moroto","surface_ty":"Unpaved","river":"KANYANGAREN","chainage_km":62.855,"bridge_len":37.65,"bridge_wid":5.02,"no_of_spans":5,"overall_rating":5,"condition":"Good","status":"Operational","recommended_intervention":"Preventive Repair","priority_score":90,"aadt_2026":126.84,"inspection_date":"2021-11-03","location_status":"Placed on exact national road host link"}},{"type":"Feature","id":"bridge-352","geometry":{"type":"Point","coordinates":[34.94455,1.95503]},"properties":{"structure_type":"Bridges","bridge_no":"B382","bridge_nam":"Dingidinga","link_no":"C963_Link03","link_name":"Amudat-Alakasi-Kalita","road_no":"C963","road_class":"C","district":"21","region":"North Eastern","station":"Moroto","surface_ty":"Unpaved","river":"KANYANGAREN","chainage_km":90.933,"bridge_len":7.94,"bridge_wid":5.5,"no_of_spans":1,"overall_rating":4,"condition":"Marginal","status":"","recommended_intervention":"","priority_score":0,"aadt_2026":325.31,"inspection_date":"2021-11-03 00:00:00","location_status":"Placed on exact national road host link"}},{"type":"Feature","id":"bridge-353","geometry":{"type":"Point","coordinates":[34.058383,1.755826]},"properties":{"structure_type":"Bridges","bridge_no":"B383","bridge_nam":"Omongo","link_no":"C964_Link02","link_name":"Toroma-Magoro","road_no":"C964","road_class":"C","district":"20","region":"North Eastern","station":"Soroti","surface_ty":"Unpaved","river":"OMONGO","chainage_km":48.9,"bridge_len":12.1,"bridge_wid":4.44,"no_of_spans":2,"overall_rating":1,"condition":"Critical","status":"Operational","recommended_intervention":"Bridge Replacement","priority_score":330,"aadt_2026":840.13,"inspection_date":"2021-11-03","location_status":"Placed on exact national road host link"}},{"type":"Feature","id":"bridge-354","geometry":{"type":"Point","coordinates":[34.3596,2.55043]},"properties":{"structure_type":"Bridges","bridge_no":"B384","bridge_nam":"Nakodongot","link_no":"C967_Link01","link_name":"Kokeris - Lopei","road_no":"C967","road_class":"C","district":"21","region":"North Eastern","station":"Moroto","surface_ty":"Unpaved","river":"NAKODONGOT","chainage_km":17.517,"bridge_len":4.35,"bridge_wid":3.69,"no_of_spans":1,"overall_rating":7,"condition":"Good","status":"Operational","recommended_intervention":"Routine Maintenance","priority_score":46,"aadt_2026":581.97,"inspection_date":"2021-11-03","location_status":"Placed on exact national road host link"}},{"type":"Feature","id":"bridge-355","geometry":{"type":"Point","coordinates":[32.75137,0.3583]},"properties":{"structure_type":"Bridges","bridge_no":"B390","bridge_nam":"Namboole Flyover","link_no":"A001_Link01","link_name":"Kampala - Mukono","road_no":"A001","road_class":"A","district":"01","region":"Central","station":"Kampala","surface_ty":"Paved","river":"Road Over Road","chainage_km":17.737,"bridge_len":21,"bridge_wid":11.9,"no_of_spans":1,"overall_rating":7,"condition":"Good","status":"Operational","recommended_intervention":"Routine Maintenance","priority_score":41.2,"aadt_2026":56641.47,"inspection_date":"","location_status":"Placed on exact national road host link"}},{"type":"Feature","id":"bridge-356","geometry":{"type":"Point","coordinates":[32.75137,0.3583]},"properties":{"structure_type":"Bridges","bridge_no":"B391","bridge_nam":"Namboole Flyover","link_no":"A001_Link01","link_name":"Kampala - Mukono","road_no":"A001","road_class":"A","district":"01","region":"Central","station":"Kampala","surface_ty":"Paved","river":"Road Over Road","chainage_km":17.737,"bridge_len":42,"bridge_wid":11.9,"no_of_spans":1,"overall_rating":7,"condition":"Good","status":"Operational","recommended_intervention":"Routine Maintenance","priority_score":41.2,"aadt_2026":56641.47,"inspection_date":"","location_status":"Placed on exact national road host link"}},{"type":"Feature","id":"bridge-357","geometry":{"type":"Point","coordinates":[32.647646,0.362969]},"properties":{"structure_type":"Bridges","bridge_no":"B392","bridge_nam":"Kyaliwajjala Bridge","link_no":"C152_Link01","link_name":"Kireka-Namugongo-Misindye-Seeta","road_no":"C152","road_class":"C","district":"01","region":"Central","station":"Kampala","surface_ty":"Paved","river":"Road Over Road","chainage_km":2.1,"bridge_len":63,"bridge_wid":9.8,"no_of_spans":4,"overall_rating":7,"condition":"Good","status":"Operational","recommended_intervention":"Routine Maintenance","priority_score":34,"aadt_2026":28945.02,"inspection_date":"","location_status":"Placed on exact national road host link"}},{"type":"Feature","id":"bridge-358","geometry":{"type":"Point","coordinates":[32.027846,2.815861]},"properties":{"structure_type":"Bridges","bridge_no":"B406","bridge_nam":"Olwal","link_no":"C686_Link01","link_name":"Lamogi - Amuru Junction","road_no":"C686","road_class":"C","district":"10","region":"Northern","station":"Gulu","surface_ty":"Unpaved","river":"OLWAL","chainage_km":19.397,"bridge_len":2.6,"bridge_wid":4.7,"no_of_spans":1,"overall_rating":1,"condition":"Critical","status":"Operational","recommended_intervention":"Bridge Replacement","priority_score":410,"aadt_2026":1835.66,"inspection_date":"2021-11-03","location_status":"Placed on exact national road host link"}},{"type":"Feature","id":"bridge-359","geometry":{"type":"Point","coordinates":[31.993019,2.811258]},"properties":{"structure_type":"Bridges","bridge_no":"B407","bridge_nam":"Ashaw","link_no":"C686_Link01","link_name":"Lamogi - Amuru Junction","road_no":"C686","road_class":"C","district":"13","region":"Northern","station":"Gulu","surface_ty":"Unpaved","river":"ASHAW","chainage_km":23.42,"bridge_len":7.3,"bridge_wid":5.6,"no_of_spans":1,"overall_rating":5,"condition":"Good","status":"Operational","recommended_intervention":"Preventive Repair","priority_score":90,"aadt_2026":1835.66,"inspection_date":"2022-03-12","location_status":"Placed on exact national road host link"}},{"type":"Feature","id":"bridge-360","geometry":{"type":"Point","coordinates":[33.92256,1.1943]},"properties":{"structure_type":"Bridges","bridge_no":"B410","bridge_nam":"Nakaloke-Kabwangasi-Butebo","link_no":"C878_Link01","link_name":"Nakaloke-Kabwangasi-Butebo","road_no":"C878","road_class":"C","district":"19","region":"Eastern","station":"Mbale","surface_ty":"Unpaved","river":"","chainage_km":28.988,"bridge_len":4.5,"bridge_wid":6.5,"no_of_spans":1,"overall_rating":5,"condition":"Fair","status":"","recommended_intervention":"","priority_score":0,"aadt_2026":1909.69,"inspection_date":"2023-06-20 00:00:00","location_status":"Placed on exact national road host link"}},{"type":"Feature","id":"bridge-361","geometry":{"type":"Point","coordinates":[34.276162,0.948962]},"properties":{"structure_type":"Bridges","bridge_no":"B411","bridge_nam":"Shikoye","link_no":"C867_Link01","link_name":"Bumbobi-Bubulo","road_no":"C867","road_class":"C","district":"19","region":"Eastern","station":"Mbale","surface_ty":"Paved","river":"MANAFA","chainage_km":15.4,"bridge_len":18.700001,"bridge_wid":6.6,"no_of_spans":2,"overall_rating":7,"condition":"Good","status":"Operational","recommended_intervention":"Routine Maintenance","priority_score":46,"aadt_2026":2272.7,"inspection_date":"2023-06-20","location_status":"Placed on exact national road host link"}},{"type":"Feature","id":"bridge-362","geometry":{"type":"Point","coordinates":[31.896319,3.308437]},"properties":{"structure_type":"Bridges","bridge_no":"B413","bridge_nam":"Aragi","link_no":"C689_Link01","link_name":"Pakele - Pabbo","road_no":"C689","road_class":"C","district":"15","region":"Northern","station":"Moyo","surface_ty":"Unpaved","river":"ARAGI","chainage_km":50.4,"bridge_len":11.4,"bridge_wid":7,"no_of_spans":4,"overall_rating":5,"condition":"Good","status":"Operational","recommended_intervention":"Preventive Repair","priority_score":90,"aadt_2026":1085.14,"inspection_date":"2021-11-03","location_status":"Placed on exact national road host link"}},{"type":"Feature","id":"bridge-363","geometry":{"type":"Point","coordinates":[32.15316,3.01449]},"properties":{"structure_type":"Bridges","bridge_no":"B414","bridge_nam":"Laimon","link_no":"C689_Link01","link_name":"Pakele - Pabbo","road_no":"C689","road_class":"C","district":0,"region":"Northern","station":"Moyo","surface_ty":"Unpaved","river":0,"chainage_km":0,"bridge_len":2.4,"bridge_wid":6.8,"no_of_spans":"1","overall_rating":1,"condition":"Poor","status":"Development","recommended_intervention":"Bridge Replacement","priority_score":322,"aadt_2026":1085.14,"inspection_date":"2021-11-03","location_status":"Placed on exact national road host link"}},{"type":"Feature","id":"bridge-364","geometry":{"type":"Point","coordinates":[31.814956,3.152365]},"properties":{"structure_type":"Bridges","bridge_no":"B415","bridge_nam":"Asiya Bridge","link_no":"C688_Link02","link_name":"Mungula - Adjumani","road_no":"C688","road_class":"C","district":"15","region":"Northern","station":"Moyo","surface_ty":"Unpaved","river":"ASIYA RIVER","chainage_km":56.2,"bridge_len":4.2,"bridge_wid":7.1,"no_of_spans":1,"overall_rating":1,"condition":"Critical","status":"Operational","recommended_intervention":"Bridge Replacement","priority_score":410,"aadt_2026":1208.24,"inspection_date":"2022-03-06","location_status":"Placed on exact national road host link"}},{"type":"Feature","id":"bridge-365","geometry":{"type":"Point","coordinates":[30.64832,-1.063897]},"properties":{"structure_type":"Bridges","bridge_no":"B430","bridge_nam":"Murongo Bridge","link_no":"C354_Link01","link_name":"Kikagati - Murungo bridge","road_no":"C354","road_class":"C","district":"06","region":"Southern","station":"Mbarara","surface_ty":"Paved","river":"RIVER KAGERA","chainage_km":2.7,"bridge_len":51.099998,"bridge_wid":7.9,"no_of_spans":1,"overall_rating":7,"condition":"Good","status":"Operational","recommended_intervention":"Routine Maintenance","priority_score":34,"aadt_2026":1874,"inspection_date":"2022-04-14","location_status":"Placed on exact national road host link"}},{"type":"Feature","id":"bridge-366","geometry":{"type":"Point","coordinates":[32.239953,0.536107]},"properties":{"structure_type":"Bridges","bridge_no":"B450","bridge_nam":"Busunju Bridge","link_no":"A009_Link02","link_name":"Nansana - Busunju","road_no":"A009","road_class":"A","district":"01","region":"Central","station":"Kampala","surface_ty":"Paved","river":"River Mayanja","chainage_km":46,"bridge_len":25.5,"bridge_wid":9,"no_of_spans":1,"overall_rating":7,"condition":"Good","status":"Operational","recommended_intervention":"Routine Maintenance","priority_score":41.2,"aadt_2026":24836.78,"inspection_date":"","location_status":"Placed on exact national road host link"}},{"type":"Feature","id":"bridge-367","geometry":{"type":"Point","coordinates":[32.142484,0.605556]},"properties":{"structure_type":"Bridges","bridge_no":"B451","bridge_nam":"Mate Bridge","link_no":"A009_Link03","link_name":"Busunju - Kiboga - Lwamata","road_no":"A009","road_class":"A","district":"01","region":"Central","station":"Kampala","surface_ty":"Paved","river":"River Mayanja","chainage_km":60,"bridge_len":60,"bridge_wid":9.3,"no_of_spans":5,"overall_rating":7,"condition":"Good","status":"Operational","recommended_intervention":"Routine Maintenance","priority_score":41.2,"aadt_2026":10893.97,"inspection_date":"","location_status":"Placed on exact national road host link"}},{"type":"Feature","id":"bridge-368","geometry":{"type":"Point","coordinates":[32.121124,0.625869]},"properties":{"structure_type":"Bridges","bridge_no":"B452","bridge_nam":"Nana Bridge","link_no":"A009_Link03","link_name":"Busunju - Kiboga - Lwamata","road_no":"A009","road_class":"A","district":"01","region":"Central","station":"Kampala","surface_ty":"Paved","river":"River Mayanja","chainage_km":63.8,"bridge_len":6,"bridge_wid":10,"no_of_spans":1,"overall_rating":7,"condition":"Good","status":"Operational","recommended_intervention":"Routine Maintenance","priority_score":41.2,"aadt_2026":10893.97,"inspection_date":"","location_status":"Placed on exact national road host link"}},{"type":"Feature","id":"bridge-369","geometry":{"type":"Point","coordinates":[32.235637,0.578316]},"properties":{"structure_type":"Bridges","bridge_no":"B453","bridge_nam":"Wamika 2","link_no":"C305_Link01","link_name":"Busunju - Kapeeka","road_no":"C305","road_class":"C","district":"05","region":"Central","station":"Luwero","surface_ty":"Unpaved","river":"River Mayanja","chainage_km":2.85,"bridge_len":15.5,"bridge_wid":6.5,"no_of_spans":1,"overall_rating":7,"condition":"Good","status":"Operational","recommended_intervention":"Routine Maintenance","priority_score":46,"aadt_2026":3068.94,"inspection_date":"","location_status":"Placed on exact national road host link"}},{"type":"Feature","id":"bridge-370","geometry":{"type":"Point","coordinates":[32.234461,0.577041]},"properties":{"structure_type":"Bridges","bridge_no":"B454","bridge_nam":"Wamika 1","link_no":"C305_Link01","link_name":"Busunju - Kapeeka","road_no":"C305","road_class":"C","district":"05","region":"Central","station":"Luwero","surface_ty":"Unpaved","river":"River Mayanja","chainage_km":2.65,"bridge_len":11,"bridge_wid":5.8,"no_of_spans":1,"overall_rating":7,"condition":"Good","status":"Operational","recommended_intervention":"Routine Maintenance","priority_score":46,"aadt_2026":3068.94,"inspection_date":"","location_status":"Placed on exact national road host link"}},{"type":"Feature","id":"bridge-371","geometry":{"type":"Point","coordinates":[32.94245,0.36864]},"properties":{"structure_type":"Bridges","bridge_no":"B455","bridge_nam":"Lugazi","link_no":"A001_Link02","link_name":"Mukono - Lugazi","road_no":"A001","road_class":"A","district":"01","region":"Central","station":"Kampala","surface_ty":"Paved","river":"","chainage_km":41.879,"bridge_len":6.8,"bridge_wid":10,"no_of_spans":1,"overall_rating":1,"condition":"Critical","status":"Operational","recommended_intervention":"Bridge Replacement","priority_score":530,"aadt_2026":23875.72,"inspection_date":"","location_status":"Placed on exact national road host link"}},{"type":"Feature","id":"bridge-372","geometry":{"type":"Point","coordinates":[32.517886,0.28445]},"properties":{"structure_type":"Bridges","bridge_no":"B456","bridge_nam":"Kee Nakawuka","link_no":"C178_Link01","link_name":"Natete - Nakawuka - Kisubi","road_no":"C178","road_class":"C","district":"01","region":"Central","station":"Kampala","surface_ty":"Unpaved","river":"Road Over Rail","chainage_km":2.7,"bridge_len":60,"bridge_wid":10,"no_of_spans":2,"overall_rating":7,"condition":"Good","status":"Operational","recommended_intervention":"Routine Maintenance","priority_score":22,"aadt_2026":7059.99,"inspection_date":"","location_status":"Placed on exact national road host link"}},{"type":"Feature","id":"bridge-373","geometry":{"type":"Point","coordinates":[32.961582,0.377971]},"properties":{"structure_type":"Bridges","bridge_no":"B457","bridge_nam":"Scoul Underpass","link_no":"A001_Link03","link_name":"Lugazi - Njeru","road_no":"A001","road_class":"A","district":"01","region":"Central","station":"Kampala","surface_ty":"Paved","river":"Road Underpass","chainage_km":44.479,"bridge_len":6.8,"bridge_wid":10,"no_of_spans":1,"overall_rating":1,"condition":"Critical","status":"Operational","recommended_intervention":"Bridge Replacement","priority_score":530,"aadt_2026":30477.36,"inspection_date":"","location_status":"Placed on exact national road host link"}},{"type":"Feature","id":"bridge-374","geometry":{"type":"Point","coordinates":[32.059473,0.678914]},"properties":{"structure_type":"Bridges","bridge_no":"B458","bridge_nam":"Matagi","link_no":"A009_Link03","link_name":"Busunju - Kiboga - Lwamata","road_no":"A009","road_class":"A","district":"01","region":"Central","station":"Kampala","surface_ty":"Paved","river":"","chainage_km":74.064,"bridge_len":6,"bridge_wid":10,"no_of_spans":1,"overall_rating":7,"condition":"Good","status":"Operational","recommended_intervention":"Routine Maintenance","priority_score":56.8,"aadt_2026":10893.97,"inspection_date":"","location_status":"Placed on exact national road host link"}},{"type":"Feature","id":"bridge-375","geometry":{"type":"Point","coordinates":[31.988851,1.165066]},"properties":{"structure_type":"Bridges","bridge_no":"B459","bridge_nam":"Kabaale Bridge","link_no":"C315_Link01","link_name":"Kyankwazi - Ngoma","road_no":"C315","road_class":"C","district":"05","region":"Central","station":"Luwero","surface_ty":"Unpaved","river":"Kabaale Bridge","chainage_km":3.2,"bridge_len":102,"bridge_wid":12,"no_of_spans":3,"overall_rating":7,"condition":"Good","status":"Operational","recommended_intervention":"Routine Maintenance","priority_score":22,"aadt_2026":1137.02,"inspection_date":"","location_status":"Placed on exact national road host link"}},{"type":"Feature","id":"bridge-376","geometry":{"type":"Point","coordinates":[31.953253,0.428676]},"properties":{"structure_type":"Bridges","bridge_no":"B460","bridge_nam":"Mityana-Naama-Myanzi","link_no":"A005_Link03","link_name":"Mityana - Naama - Myanzi","road_no":"A005","road_class":"A","district":"04","region":"Central","station":"Mubende","surface_ty":"Paved","river":"Road Over Rail","chainage_km":69.139,"bridge_len":14.5,"bridge_wid":24,"no_of_spans":1,"overall_rating":7,"condition":"Good","status":"Operational","recommended_intervention":"Routine Maintenance","priority_score":25.6,"aadt_2026":4535.12,"inspection_date":"","location_status":"Placed on exact national road host link"}},{"type":"Feature","id":"bridge-377","geometry":{"type":"Point","coordinates":[31.58112,-0.897714]},"properties":{"structure_type":"Bridges","bridge_no":"B461","bridge_nam":"Bukoola","link_no":"C224_Link01","link_name":"Kyapa - Kasensero","road_no":"C224","road_class":"C","district":"03","region":"Central","station":"Masaka","surface_ty":"Unpaved","river":"Bukoola River","chainage_km":13.5,"bridge_len":33,"bridge_wid":4.1,"no_of_spans":1,"overall_rating":7,"condition":"Good","status":"Operational","recommended_intervention":"Routine Maintenance","priority_score":46,"aadt_2026":1314.51,"inspection_date":"","location_status":"Placed on exact national road host link"}},{"type":"Feature","id":"bridge-378","geometry":{"type":"Point","coordinates":[32.00763,-0.034141]},"properties":{"structure_type":"Bridges","bridge_no":"B462","bridge_nam":"Katonga Bridge","link_no":"A002_Link04","link_name":"Buwama - Lukaya","road_no":"A002","road_class":"A","district":"20","region":"Central","station":"Mpigi","surface_ty":"Paved","river":"Katonga","chainage_km":79.45,"bridge_len":25,"bridge_wid":11,"no_of_spans":1,"overall_rating":7,"condition":"Good","status":"Operational","recommended_intervention":"Routine Maintenance","priority_score":41.2,"aadt_2026":8993.24,"inspection_date":"2022-03-22","location_status":"Placed on exact national road host link"}},{"type":"Feature","id":"bridge-379","geometry":{"type":"Point","coordinates":[30.153908,-0.673714]},"properties":{"structure_type":"Bridges","bridge_no":"B540","bridge_nam":"Rwamuganga-02","link_no":"C447_Link01","link_name":"Kabwohe - Kitagata - Kabira(Mitooma)","road_no":"C447","road_class":"C","district":"06","region":"Southern","station":"Mbarara","surface_ty":"Unpaved","river":"RWAMUGANGA SWAMP","chainage_km":29.243,"bridge_len":8.3,"bridge_wid":5.5,"no_of_spans":2,"overall_rating":1,"condition":"Critical","status":"Operational","recommended_intervention":"Bridge Replacement","priority_score":410,"aadt_2026":698.1,"inspection_date":"2022-03-09","location_status":"Placed on exact national road host link"}},{"type":"Feature","id":"bridge-380","geometry":{"type":"Point","coordinates":[30.64825,-1.06405]},"properties":{"structure_type":"Bridges","bridge_no":"B541","bridge_nam":"Murongo Bridge","link_no":"C354_Link01","link_name":"Kikagati - Murungo bridge","road_no":"C354","road_class":"C","district":"22","region":"Southern","station":"Mbarara","surface_ty":"Paved","river":"River Kagera","chainage_km":2.719,"bridge_len":31,"bridge_wid":4.8,"no_of_spans":1,"overall_rating":7,"condition":"Good","status":"Development","recommended_intervention":"Routine Maintenance","priority_score":31.6,"aadt_2026":1874,"inspection_date":"2021-11-03","location_status":"Placed on exact national road host link"}},{"type":"Feature","id":"bridge-381","geometry":{"type":"Point","coordinates":[30.459332,-1.051396]},"properties":{"structure_type":"Bridges","bridge_no":"B542","bridge_nam":"Mirama Border 02","link_no":"C417_Link03","link_name":"Kafunzo-Kakitumba","road_no":"C417","road_class":"C","district":"07","region":"Southern","station":"Kabale","surface_ty":"Paved","river":"RIVER KAGERA","chainage_km":35.71,"bridge_len":21.700001,"bridge_wid":12.1,"no_of_spans":1,"overall_rating":7,"condition":"Good","status":"Operational","recommended_intervention":"Routine Maintenance","priority_score":34,"aadt_2026":2744.3,"inspection_date":"2022-02-20","location_status":"Placed on exact national road host link"}},{"type":"Feature","id":"bridge-382","geometry":{"type":"Point","coordinates":[30.752018,-0.061447]},"properties":{"structure_type":"Bridges","bridge_no":"B543","bridge_nam":"Kyambu Bridge","link_no":"C356_Link01","link_name":"Ibanda-Kanoni-Kazo","road_no":"C356","road_class":"C","district":"06","region":"Southern","station":"Ibanda","surface_ty":"Paved","river":"KYAMBU RIVER","chainage_km":32,"bridge_len":31.85,"bridge_wid":11.43,"no_of_spans":1,"overall_rating":7,"condition":"Good","status":"Operational","recommended_intervention":"Routine Maintenance","priority_score":34,"aadt_2026":2213.75,"inspection_date":"2022-03-10","location_status":"Placed on exact national road host link"}},{"type":"Feature","id":"bridge-383","geometry":{"type":"Point","coordinates":[30.753599,-0.058327]},"properties":{"structure_type":"Bridges","bridge_no":"B558","bridge_nam":"Nyamashekye Bridge","link_no":"C356_Link01","link_name":"Ibanda-Kanoni-Kazo","road_no":"C356","road_class":"C","district":"06","region":"Southern","station":"Ibanda","surface_ty":"Paved","river":"NYAMASHEKYE","chainage_km":32.4,"bridge_len":34.200001,"bridge_wid":11.42,"no_of_spans":1,"overall_rating":7,"condition":"Good","status":"Operational","recommended_intervention":"Routine Maintenance","priority_score":34,"aadt_2026":2213.75,"inspection_date":"2021-11-03","location_status":"Placed on exact national road host link"}},{"type":"Feature","id":"bridge-384","geometry":{"type":"Point","coordinates":[30.753599,-0.058327]},"properties":{"structure_type":"Bridges","bridge_no":"B545","bridge_nam":"Nyamashekye Bridge","link_no":"C356_Link01","link_name":"Ibanda-Kanoni-Kazo","road_no":"C356","road_class":"C","district":"22","region":"Southern","station":"Ibanda","surface_ty":"Paved","river":"NYAMASHEKYE","chainage_km":32.4,"bridge_len":18.799999,"bridge_wid":4.5,"no_of_spans":1,"overall_rating":7,"condition":"Good","status":"Operational","recommended_intervention":"Routine Maintenance","priority_score":34,"aadt_2026":2213.75,"inspection_date":"2021-11-03","location_status":"Placed on exact national road host link"}},{"type":"Feature","id":"bridge-385","geometry":{"type":"Point","coordinates":[30.457277,0.101422]},"properties":{"structure_type":"Bridges","bridge_no":"B546","bridge_nam":"Mpanga Bridge","link_no":"B150_Link03","link_name":"Ibanda - Muziza - Kamwenge","road_no":"B150","road_class":"B","district":"06","region":"Southern","station":"Ibanda","surface_ty":"Paved","river":"MPANGA RIVER","chainage_km":98,"bridge_len":47.299999,"bridge_wid":11.31,"no_of_spans":1,"overall_rating":7,"condition":"Good","status":"Development","recommended_intervention":"Routine Maintenance","priority_score":44.5,"aadt_2026":3474.98,"inspection_date":"2022-04-14","location_status":"Placed on exact national road host link"}},{"type":"Feature","id":"bridge-386","geometry":{"type":"Point","coordinates":[30.547793,-0.243404]},"properties":{"structure_type":"Bridges","bridge_no":"B547","bridge_nam":"Ibanda","link_no":"B150_Link02","link_name":"Bwizibwera - Ibanda","road_no":"B150","road_class":"B","district":"06","region":"Southern","station":"Ibanda","surface_ty":"Paved","river":"","chainage_km":45.81,"bridge_len":18,"bridge_wid":8.3,"no_of_spans":1,"overall_rating":7,"condition":"Good","status":"Operational","recommended_intervention":"Routine Maintenance","priority_score":51.4,"aadt_2026":3474.98,"inspection_date":"2022-04-15","location_status":"Placed on exact national road host link"}},{"type":"Feature","id":"bridge-387","geometry":{"type":"Point","coordinates":[29.896644,0.07218]},"properties":{"structure_type":"Bridges","bridge_no":"B549","bridge_nam":"Rwembyo Bridge","link_no":"C513_Link01","link_name":"Kinyamaseke-Kisinga","road_no":"C513","road_class":"C","district":"08","region":"Southern","station":"Kasese","surface_ty":"Unpaved","river":"RWEMBYO","chainage_km":12.2,"bridge_len":10,"bridge_wid":4.4,"no_of_spans":1,"overall_rating":7,"condition":"Good","status":"Operational","recommended_intervention":"Routine Maintenance","priority_score":46,"aadt_2026":1287.6,"inspection_date":"2022-04-15","location_status":"Placed on exact national road host link"}},{"type":"Feature","id":"bridge-388","geometry":{"type":"Point","coordinates":[29.871027,0.062433]},"properties":{"structure_type":"Bridges","bridge_no":"B550","bridge_nam":"Kajwenge Bridge","link_no":"C513_Link01","link_name":"Kinyamaseke-Kisinga","road_no":"C513","road_class":"C","district":"08","region":"Southern","station":"Kasese","surface_ty":"Unpaved","river":"KAJWENGE RIVER","chainage_km":8.9,"bridge_len":5.6,"bridge_wid":4.5,"no_of_spans":1,"overall_rating":7,"condition":"Good","status":"Operational","recommended_intervention":"Routine Maintenance","priority_score":34,"aadt_2026":1287.6,"inspection_date":"2022-03-18","location_status":"Placed on exact national road host link"}},{"type":"Feature","id":"bridge-389","geometry":{"type":"Point","coordinates":[30.00748,0.20924]},"properties":{"structure_type":"Bridges","bridge_no":"B551","bridge_nam":"Kyanjuki","link_no":"C511_Link01","link_name":"Kasese - Kilembe mines","road_no":"C511","road_class":"C","district":"22","region":"Southern","station":"Kasese","surface_ty":"Paved","river":"NYAMWAMBA RIVER","chainage_km":11.734,"bridge_len":21.5,"bridge_wid":4.5,"no_of_spans":1,"overall_rating":7,"condition":"Good","status":"Operational","recommended_intervention":"Routine Maintenance","priority_score":22,"aadt_2026":1287.6,"inspection_date":"2021-11-03","location_status":"Placed on exact national road host link"}},{"type":"Feature","id":"bridge-390","geometry":{"type":"Point","coordinates":[30.08557,0.172]},"properties":{"structure_type":"Bridges","bridge_no":"B552","bridge_nam":"Delta Bridge","link_no":"A005_Link13","link_name":"Mubuku - Kasese","road_no":"A005","road_class":"A","district":"08","region":"Southern","station":"Kasese","surface_ty":"Paved","river":"STREAM","chainage_km":357.13,"bridge_len":10.25,"bridge_wid":9.95,"no_of_spans":1,"overall_rating":7,"condition":"Good","status":"Operational","recommended_intervention":"Routine Maintenance","priority_score":41.2,"aadt_2026":5246.59,"inspection_date":"2022-04-15","location_status":"Placed on exact national road host link"}},{"type":"Feature","id":"bridge-391","geometry":{"type":"Point","coordinates":[30.063292,-1.298719]},"properties":{"structure_type":"Bridges","bridge_no":"B553","bridge_nam":"Omukabare Bridge","link_no":"C424_Link01","link_name":"Old Kabale Road (Kigata - Kabunyonyi - N","road_no":"C424","road_class":"C","district":"07","region":"Southern","station":"Kabale","surface_ty":"Unpaved","river":"","chainage_km":13,"bridge_len":6.2,"bridge_wid":6.3,"no_of_spans":1,"overall_rating":1,"condition":"Critical","status":"Operational","recommended_intervention":"Bridge Replacement","priority_score":410,"aadt_2026":716.71,"inspection_date":"2022-02-25","location_status":"Placed on exact national road host link"}},{"type":"Feature","id":"bridge-392","geometry":{"type":"Point","coordinates":[30.187853,-1.019176]},"properties":{"structure_type":"Bridges","bridge_no":"B554","bridge_nam":"Rukiri Bridge","link_no":"A002_Link10","link_name":"Rubaale - Muhanga - Kabale","road_no":"A002","road_class":"A","district":"?","region":"Southern","station":"Kabale","surface_ty":"Paved","river":"RUKIRI RIVER","chainage_km":344.27,"bridge_len":14,"bridge_wid":11,"no_of_spans":1,"overall_rating":7,"condition":"Good","status":"Operational","recommended_intervention":"Routine Maintenance","priority_score":56.8,"aadt_2026":2333.2,"inspection_date":"2022-04-15","location_status":"Placed on exact national road host link"}},{"type":"Feature","id":"bridge-393","geometry":{"type":"Point","coordinates":[30.30637,-1.14614]},"properties":{"structure_type":"Bridges","bridge_no":"B555","bridge_nam":"Kizinga Bridge","link_no":"C422_Link01","link_name":"Rwentobo - Ngoma - Kizinga","road_no":"C422","road_class":"C","district":"22","region":"Southern","station":"Kabale","surface_ty":"Unpaved","river":"OMUYANJA","chainage_km":18.188,"bridge_len":15.8,"bridge_wid":4.5,"no_of_spans":1,"overall_rating":5,"condition":"Good","status":"Operational","recommended_intervention":"Preventive Repair","priority_score":110,"aadt_2026":8031.23,"inspection_date":"2021-11-03","location_status":"Placed on exact national road host link"}},{"type":"Feature","id":"bridge-394","geometry":{"type":"Point","coordinates":[29.633676,-0.938462]},"properties":{"structure_type":"Bridges","bridge_no":"B556","bridge_nam":"Munyanga Bridge","link_no":"C456_Link01","link_name":"Rwabuteera-Kanyansande spur","road_no":"C456","road_class":"C","district":"07","region":"Southern","station":"Kabale","surface_ty":"Unpaved","river":"MUTANGA RIVER","chainage_km":3.8,"bridge_len":13.6,"bridge_wid":5.5,"no_of_spans":1,"overall_rating":3,"condition":"Fair","status":"Operational","recommended_intervention":"Major Rehabilitation","priority_score":190,"aadt_2026":1255.02,"inspection_date":"2022-03-04","location_status":"Placed on exact national road host link"}},{"type":"Feature","id":"bridge-395","geometry":{"type":"Point","coordinates":[29.950729,0.122015]},"properties":{"structure_type":"Bridges","bridge_no":"B560","bridge_nam":"Kisinga-Kyarumba-Kibirizi","link_no":"C513_Link02","link_name":"Kisinga-Kyarumba-Kibirizi","road_no":"C513","road_class":"C","district":"08","region":"Southern","station":"Kasese","surface_ty":"Unpaved","river":"DUNGULUHA","chainage_km":21.4,"bridge_len":17.360001,"bridge_wid":8.45,"no_of_spans":1,"overall_rating":7,"condition":"Good","status":"Operational","recommended_intervention":"Routine Maintenance","priority_score":34,"aadt_2026":1287.6,"inspection_date":"2022-04-27","location_status":"Placed on exact national road host link"}},{"type":"Feature","id":"bridge-396","geometry":{"type":"Point","coordinates":[29.847285,-0.917736]},"properties":{"structure_type":"Bridges","bridge_no":"B561","bridge_nam":"Birara Bridge","link_no":"C432_Link01","link_name":"Kanungu - Rugyeyo - Kabaranga","road_no":"C432","road_class":"C","district":"07","region":"Southern","station":"Kabale","surface_ty":"Unpaved","river":"BIRARA","chainage_km":12.472,"bridge_len":32.299999,"bridge_wid":9,"no_of_spans":2,"overall_rating":7,"condition":"Good","status":"Operational","recommended_intervention":"Routine Maintenance","priority_score":34,"aadt_2026":631.39,"inspection_date":"2022-04-22","location_status":"Placed on exact national road host link"}},{"type":"Feature","id":"bridge-397","geometry":{"type":"Point","coordinates":[34.113326,0.88312]},"properties":{"structure_type":"Bridges","bridge_no":"B600","bridge_nam":"Kidoko - Kachonga","link_no":"C838_Link02","link_name":"Kidoko - Kachonga","road_no":"C838","road_class":"C","district":"18","region":"Eastern","station":"Tororo","surface_ty":"Unpaved","river":"","chainage_km":8.5,"bridge_len":11.2,"bridge_wid":3.5,"no_of_spans":2,"overall_rating":5,"condition":"Good","status":"Development","recommended_intervention":"Preventive Repair","priority_score":98,"aadt_2026":5179.88,"inspection_date":"2022-11-10","location_status":"Placed on exact national road host link"}},{"type":"Feature","id":"bridge-398","geometry":{"type":"Point","coordinates":[33.77821,1.460197]},"properties":{"structure_type":"Bridges","bridge_no":"B601","bridge_nam":"Kapir - Ngora","link_no":"C930_Link01","link_name":"Kapir - Ngora","road_no":"C930","road_class":"C","district":"20","region":"North Eastern","station":"Soroti","surface_ty":"Unpaved","river":"","chainage_km":19.5,"bridge_len":24,"bridge_wid":14.4,"no_of_spans":2,"overall_rating":5,"condition":"Good","status":"Development","recommended_intervention":"Preventive Repair","priority_score":92,"aadt_2026":3855.92,"inspection_date":"2022-11-10","location_status":"Placed on exact national road host link"}},{"type":"Feature","id":"bridge-399","geometry":{"type":"Point","coordinates":[34.010772,0.693282]},"properties":{"structure_type":"Bridges","bridge_no":"B602","bridge_nam":"Mulanda - Nagongera","link_no":"C836_Link02","link_name":"Mulanda - Nagongera","road_no":"C836","road_class":"C","district":"18","region":"Eastern","station":"Tororo","surface_ty":"Unpaved","river":"","chainage_km":19,"bridge_len":4.5,"bridge_wid":4.2,"no_of_spans":1,"overall_rating":3,"condition":"Fair","status":"Development","recommended_intervention":"Major Rehabilitation","priority_score":202,"aadt_2026":5179.88,"inspection_date":"2023-05-11","location_status":"Placed on exact national road host link"}},{"type":"Feature","id":"bridge-400","geometry":{"type":"Point","coordinates":[34.621132,1.414204]},"properties":{"structure_type":"Bridges","bridge_no":"B603","bridge_nam":"Kaserem-Kapchorwa-Suam","link_no":"B304_Link02","link_name":"Kapchorwa-Suam","road_no":"B304","road_class":"B","district":"19","region":"Eastern","station":"Mbale","surface_ty":"Paved","river":"","chainage_km":52.91,"bridge_len":14,"bridge_wid":15,"no_of_spans":1,"overall_rating":5,"condition":"Good","status":"Development","recommended_intervention":"Preventive Repair","priority_score":99.7,"aadt_2026":1695.6,"inspection_date":"2023-06-20","location_status":"Placed on exact national road host link"}},{"type":"Feature","id":"bridge-401","geometry":{"type":"Point","coordinates":[34.01114,0.692333]},"properties":{"structure_type":"Bridges","bridge_no":"B605","bridge_nam":"Rubongi - Mulanda","link_no":"C844_Link01","link_name":"Rubongi - Mulanda","road_no":"C844","road_class":"C","district":"18","region":"Eastern","station":"Tororo","surface_ty":"Unpaved","river":"","chainage_km":17,"bridge_len":4,"bridge_wid":4.5,"no_of_spans":1,"overall_rating":1,"condition":"Poor","status":"Development","recommended_intervention":"Bridge Replacement","priority_score":298,"aadt_2026":1177.46,"inspection_date":"2023-05-11","location_status":"Placed on exact national road host link"}},{"type":"Feature","id":"bridge-402","geometry":{"type":"Point","coordinates":[34.599635,1.420318]},"properties":{"structure_type":"Bridges","bridge_no":"B606","bridge_nam":"Kaserem-Kapchorwa-Suam","link_no":"B304_Link02","link_name":"Kapchorwa-Suam","road_no":"B304","road_class":"B","district":"?","region":"Eastern","station":"Mbale","surface_ty":"Paved","river":"","chainage_km":49.649,"bridge_len":11.5,"bridge_wid":15,"no_of_spans":1,"overall_rating":7,"condition":"Good","status":"Development","recommended_intervention":"Routine Maintenance","priority_score":48.6,"aadt_2026":1695.6,"inspection_date":"2023-06-20","location_status":"Placed on exact national road host link"}},{"type":"Feature","id":"bridge-403","geometry":{"type":"Point","coordinates":[34.281843,1.118726]},"properties":{"structure_type":"Bridges","bridge_no":"B608","bridge_nam":"Mbale-Bufumbo","link_no":"C880_Link01","link_name":"Mbale-Bufumbo","road_no":"C880","road_class":"C","district":"19","region":"Eastern","station":"Mbale","surface_ty":"Unpaved","river":"","chainage_km":16,"bridge_len":7,"bridge_wid":5.8,"no_of_spans":1,"overall_rating":0,"condition":"Beyond Repair","status":"","recommended_intervention":"","priority_score":0,"aadt_2026":2272.7,"inspection_date":"2022-11-10 00:00:00","location_status":"Placed on exact national road host link"}},{"type":"Feature","id":"bridge-404","geometry":{"type":"Point","coordinates":[34.599533,1.420258]},"properties":{"structure_type":"Bridges","bridge_no":"B609","bridge_nam":"Kapchorwa- Suam","link_no":"B304_Link02","link_name":"Kapchorwa-Suam","road_no":"B304","road_class":"B","district":"20","region":"Eastern","station":"Mbale","surface_ty":"Paved","river":"","chainage_km":49.635,"bridge_len":19.1,"bridge_wid":15.1,"no_of_spans":1,"overall_rating":7,"condition":"Good","status":"Development","recommended_intervention":"Routine Maintenance","priority_score":48.6,"aadt_2026":1695.6,"inspection_date":"2023-06-20","location_status":"Placed on exact national road host link"}},{"type":"Feature","id":"bridge-405","geometry":{"type":"Point","coordinates":[33.920686,1.412421]},"properties":{"structure_type":"Bridges","bridge_no":"B610","bridge_nam":"Kanyango Bridge - Kumi","link_no":"B305_Link03","link_name":"Kanyago Bridge - Kumi","road_no":"B305","road_class":"B","district":"20","region":"North Eastern","station":"Soroti","surface_ty":"Paved","river":"","chainage_km":58.875,"bridge_len":34.5,"bridge_wid":13.5,"no_of_spans":2,"overall_rating":7,"condition":"Good","status":"Development","recommended_intervention":"Routine Maintenance","priority_score":48.6,"aadt_2026":3609.7,"inspection_date":"2022-11-25","location_status":"Placed on exact national road host link"}},{"type":"Feature","id":"bridge-406","geometry":{"type":"Point","coordinates":[34.743551,1.266852]},"properties":{"structure_type":"Bridges","bridge_no":"B611","bridge_nam":"Kaserem-Kapchorwa-Suam","link_no":"B304_Link02","link_name":"Kapchorwa-Suam","road_no":"B304","road_class":"B","district":"19","region":"Eastern","station":"Mbale","surface_ty":"Paved","river":"","chainage_km":98.366,"bridge_len":30,"bridge_wid":14,"no_of_spans":1,"overall_rating":5,"condition":"Good","status":"Development","recommended_intervention":"Preventive Repair","priority_score":104.3,"aadt_2026":1695.6,"inspection_date":"2023-06-20","location_status":"Placed on exact national road host link"}},{"type":"Feature","id":"bridge-407","geometry":{"type":"Point","coordinates":[34.633584,1.348123]},"properties":{"structure_type":"Bridges","bridge_no":"B612","bridge_nam":"Kaserem-Kapchorwa-Suam","link_no":"B304_Link02","link_name":"Kapchorwa-Suam","road_no":"B304","road_class":"B","district":"19","region":"Eastern","station":"Mbale","surface_ty":"Paved","river":"","chainage_km":64.864,"bridge_len":35,"bridge_wid":15.5,"no_of_spans":1,"overall_rating":7,"condition":"Good","status":"Development","recommended_intervention":"Routine Maintenance","priority_score":48.6,"aadt_2026":1695.6,"inspection_date":"2023-06-20","location_status":"Placed on exact national road host link"}},{"type":"Feature","id":"bridge-408","geometry":{"type":"Point","coordinates":[31.826388,1.074871]},"properties":{"structure_type":"Bridges","bridge_no":"B630","bridge_nam":"Mayanja","link_no":"C608_Link01","link_name":"Kyenda-Banda-River Mayanja","road_no":"C608","road_class":"C","district":"10","region":"Western","station":"Hoima","surface_ty":"Unpaved","river":"","chainage_km":16.324,"bridge_len":101.4,"bridge_wid":11.73,"no_of_spans":3,"overall_rating":7,"condition":"Good","status":"Operational","recommended_intervention":"Routine Maintenance","priority_score":22,"aadt_2026":2559.17,"inspection_date":"2021-11-03","location_status":"Placed on exact national road host link"}},{"type":"Feature","id":"bridge-409","geometry":{"type":"Point","coordinates":[31.181913,1.364526]},"properties":{"structure_type":"Bridges","bridge_no":"B631","bridge_nam":"Rutoha Bridge","link_no":"C596_Link01","link_name":"Kiziranfumbi - Kabaale","road_no":"C596","road_class":"C","district":"10","region":"Western","station":"Hoima","surface_ty":"Paved","river":"","chainage_km":5.01,"bridge_len":12.7,"bridge_wid":11.01,"no_of_spans":1,"overall_rating":7,"condition":"Good","status":"","recommended_intervention":"","priority_score":0,"aadt_2026":1559.08,"inspection_date":"2022-03-07 00:00:00","location_status":"Placed on exact national road host link"}},{"type":"Feature","id":"bridge-410","geometry":{"type":"Point","coordinates":[30.767483,1.226231]},"properties":{"structure_type":"Bridges","bridge_no":"B632","bridge_nam":"Kingfisher","link_no":"C591_Link01","link_name":"Kabwoya - Kituti","road_no":"C591","road_class":"C","district":"10","region":"Western","station":"Hoima","surface_ty":"Unpaved","river":"King Fisher","chainage_km":41.108,"bridge_len":40.099998,"bridge_wid":10,"no_of_spans":2,"overall_rating":7,"condition":"Good","status":"Operational","recommended_intervention":"Routine Maintenance","priority_score":46,"aadt_2026":1106.1,"inspection_date":"2022-05-17","location_status":"Placed on exact national road host link"}},{"type":"Feature","id":"bridge-411","geometry":{"type":"Point","coordinates":[30.490207,0.158282]},"properties":{"structure_type":"Bridges","bridge_no":"B634","bridge_nam":"Mpanga","link_no":"C571_Link01","link_name":"Kamwenge - Kabambiro - Bigusyo - Bihanga","road_no":"C571","road_class":"C","district":"09","region":"Western","station":"Fort Portal","surface_ty":"Unpaved","river":"MPANGA","chainage_km":6,"bridge_len":32.200001,"bridge_wid":10,"no_of_spans":1,"overall_rating":7,"condition":"Good","status":"Operational","recommended_intervention":"Routine Maintenance","priority_score":22,"aadt_2026":426.62,"inspection_date":"2022-03-14","location_status":"Placed on exact national road host link"}},{"type":"Feature","id":"bridge-412","geometry":{"type":"Point","coordinates":[31.374771,1.707702]},"properties":{"structure_type":"Bridges","bridge_no":"B635","bridge_nam":"Waaki Bridge","link_no":"C590_Link01","link_name":"Hoima (Parajwoki) -Biso","road_no":"C590","road_class":"C","district":"10","region":"Western","station":"Hoima","surface_ty":"Paved","river":"WAAKI RIVER","chainage_km":35.46,"bridge_len":27.700001,"bridge_wid":14.1,"no_of_spans":1,"overall_rating":7,"condition":"Good","status":"Operational","recommended_intervention":"Routine Maintenance","priority_score":46,"aadt_2026":2600.03,"inspection_date":"2022-03-10","location_status":"Placed on exact national road host link"}},{"type":"Feature","id":"bridge-413","geometry":{"type":"Point","coordinates":[32.041732,1.542539]},"properties":{"structure_type":"Bridges","bridge_no":"B637","bridge_nam":"Kafu","link_no":"A006_Link06","link_name":"Nakasongola - Kafu","road_no":"A006","road_class":"A","district":"11","region":"Central","station":"Luwero","surface_ty":"Paved","river":"","chainage_km":167.585,"bridge_len":71,"bridge_wid":8,"no_of_spans":3,"overall_rating":5,"condition":"Good","status":"Development","recommended_intervention":"Preventive Repair","priority_score":132.2,"aadt_2026":3799.64,"inspection_date":"2022-02-22","location_status":"Placed on exact national road host link"}},{"type":"Feature","id":"bridge-414","geometry":{"type":"Point","coordinates":[30.25401,0.418831]},"properties":{"structure_type":"Bridges","bridge_no":"B638","bridge_nam":"Sonja","link_no":"C557_Link01","link_name":"Kasisi - Rutete -Kabata-Rwenkenzi-Kyanga","road_no":"C557","road_class":"C","district":"09","region":"Western","station":"Fort Portal","surface_ty":"Unpaved","river":"SONJA","chainage_km":5.538,"bridge_len":21.690001,"bridge_wid":9.89,"no_of_spans":1,"overall_rating":7,"condition":"Good","status":"Operational","recommended_intervention":"Routine Maintenance","priority_score":22,"aadt_2026":4005.53,"inspection_date":"2022-03-18","location_status":"Placed on exact national road host link"}},{"type":"Feature","id":"bridge-415","geometry":{"type":"Point","coordinates":[30.01438,0.686215]},"properties":{"structure_type":"Bridges","bridge_no":"B639","bridge_nam":"Buryambwa","link_no":"C545_Link01","link_name":"Nyahuka - Busalu - Butoogo","road_no":"C545","road_class":"C","district":"09","region":"Western","station":"Fort Portal","surface_ty":"Unpaved","river":"BURYAMBWA","chainage_km":2.84,"bridge_len":7.4,"bridge_wid":5.9,"no_of_spans":1,"overall_rating":7,"condition":"Good","status":"Operational","recommended_intervention":"Routine Maintenance","priority_score":46,"aadt_2026":4005.53,"inspection_date":"2022-03-15","location_status":"Placed on exact national road host link"}},{"type":"Feature","id":"bridge-416","geometry":{"type":"Point","coordinates":[32.916814,3.726142]},"properties":{"structure_type":"Bridges","bridge_no":"B720","bridge_nam":"Lakupe Bridge","link_no":"C706_Link02","link_name":"Potika - Lututur","road_no":"C706","road_class":"C","district":"14","region":"Northern","station":"Kitgum","surface_ty":"Unpaved","river":"LAKUPE RIVER","chainage_km":22.107,"bridge_len":5.2,"bridge_wid":3.04,"no_of_spans":1,"overall_rating":1,"condition":"Critical","status":"Operational","recommended_intervention":"Bridge Replacement","priority_score":410,"aadt_2026":365.7,"inspection_date":"2022-03-21","location_status":"Placed on exact national road host link"}},{"type":"Feature","id":"bridge-417","geometry":{"type":"Point","coordinates":[31.079881,3.163065]},"properties":{"structure_type":"Bridges","bridge_no":"B731","bridge_nam":"Odro Bridge","link_no":"C762_Link02","link_name":"Biliafe - Otrevu","road_no":"C762","road_class":"C","district":"16","region":"Northern","station":"Arua","surface_ty":"Unpaved","river":"ODRO RIVER","chainage_km":35,"bridge_len":14.8,"bridge_wid":11.1,"no_of_spans":1,"overall_rating":7,"condition":"Good","status":"Operational","recommended_intervention":"Routine Maintenance","priority_score":22,"aadt_2026":348.07,"inspection_date":"2022-04-10","location_status":"Placed on exact national road host link"}},{"type":"Feature","id":"bridge-418","geometry":{"type":"Point","coordinates":[31.087651,3.124799]},"properties":{"structure_type":"Bridges","bridge_no":"B732","bridge_nam":"Isa Bridge","link_no":"C762_Link02","link_name":"Biliafe - Otrevu","road_no":"C762","road_class":"C","district":"16","region":"Northern","station":"Arua","surface_ty":"Unpaved","river":"ISA RIVER","chainage_km":30.541,"bridge_len":11.65,"bridge_wid":4.1,"no_of_spans":1,"overall_rating":1,"condition":"Critical","status":"Operational","recommended_intervention":"Bridge Replacement","priority_score":410,"aadt_2026":348.07,"inspection_date":"2022-04-10","location_status":"Placed on exact national road host link"}},{"type":"Feature","id":"bridge-419","geometry":{"type":"Point","coordinates":[31.086333,3.140963]},"properties":{"structure_type":"Bridges","bridge_no":"B733","bridge_nam":"Naara","link_no":"C762_Link02","link_name":"Biliafe - Otrevu","road_no":"C762","road_class":"C","district":0,"region":"Northern","station":"Arua","surface_ty":"Unpaved","river":0,"chainage_km":32.372,"bridge_len":0,"bridge_wid":0,"no_of_spans":1,"overall_rating":5,"condition":"Good","status":"Operational","recommended_intervention":"Preventive Repair","priority_score":110,"aadt_2026":348.07,"inspection_date":"2021-11-03","location_status":"Placed on exact national road host link"}},{"type":"Feature","id":"bridge-420","geometry":{"type":"Point","coordinates":[31.243425,2.890738]},"properties":{"structure_type":"Bridges","bridge_no":"B735","bridge_nam":"Gazi (Alla)","link_no":"C742_Link01","link_name":"Rhino camp-Ogoko-Inde","road_no":"C742","road_class":"C","district":0,"region":"Northern","station":"Arua","surface_ty":"Unpaved","river":"GAZI","chainage_km":20.406,"bridge_len":0,"bridge_wid":0,"no_of_spans":1,"overall_rating":5,"condition":"Good","status":"Operational","recommended_intervention":"Preventive Repair","priority_score":90,"aadt_2026":988.34,"inspection_date":"2021-11-03","location_status":"Placed on exact national road host link"}},{"type":"Feature","id":"bridge-421","geometry":{"type":"Point","coordinates":[30.965306,2.409695]},"properties":{"structure_type":"Bridges","bridge_no":"B736","bridge_nam":"Ayuala Bridge","link_no":"C763_Link01","link_name":"Paidha-Zombo","road_no":"C763","road_class":"C","district":"16","region":"Northern","station":"Arua","surface_ty":"Unpaved","river":"AYUDA RIVER","chainage_km":10.498,"bridge_len":8,"bridge_wid":4.3,"no_of_spans":1,"overall_rating":7,"condition":"Good","status":"Operational","recommended_intervention":"Routine Maintenance","priority_score":46,"aadt_2026":510.3,"inspection_date":"2022-04-11","location_status":"Placed on exact national road host link"}},{"type":"Feature","id":"bridge-422","geometry":{"type":"Point","coordinates":[30.958748,2.425622]},"properties":{"structure_type":"Bridges","bridge_no":"B737","bridge_nam":"Nyagak Bridge","link_no":"C763_Link01","link_name":"Paidha-Zombo","road_no":"C763","road_class":"C","district":"16","region":"Northern","station":"Arua","surface_ty":"Unpaved","river":"NYAGAK RIVER","chainage_km":13.159,"bridge_len":10.6,"bridge_wid":4.57,"no_of_spans":2,"overall_rating":5,"condition":"Good","status":"Operational","recommended_intervention":"Preventive Repair","priority_score":110,"aadt_2026":510.3,"inspection_date":"2022-04-11","location_status":"Placed on exact national road host link"}},{"type":"Feature","id":"bridge-423","geometry":{"type":"Point","coordinates":[30.845748,2.643874]},"properties":{"structure_type":"Bridges","bridge_no":"B738","bridge_nam":"Ora Bridge","link_no":"C763_Link02","link_name":"Zombo-Vurra","road_no":"C763","road_class":"C","district":"16","region":"Northern","station":"Arua","surface_ty":"Unpaved","river":"ORA RIVER","chainage_km":51.175,"bridge_len":6.6,"bridge_wid":4.4,"no_of_spans":1,"overall_rating":7,"condition":"Good","status":"","recommended_intervention":"","priority_score":0,"aadt_2026":510.3,"inspection_date":"2022-04-11 00:00:00","location_status":"Placed on exact national road host link"}},{"type":"Feature","id":"bridge-424","geometry":{"type":"Point","coordinates":[30.858522,2.671608]},"properties":{"structure_type":"Bridges","bridge_no":"B739","bridge_nam":"Aniza Bridge","link_no":"C763_Link02","link_name":"Zombo-Vurra","road_no":"C763","road_class":"C","district":"16","region":"Northern","station":"Arua","surface_ty":"Unpaved","river":"ANIZA RIVER","chainage_km":56.073,"bridge_len":6.1,"bridge_wid":4.8,"no_of_spans":1,"overall_rating":3,"condition":"Fair","status":"Operational","recommended_intervention":"Major Rehabilitation","priority_score":190,"aadt_2026":510.3,"inspection_date":"2022-04-11","location_status":"Placed on exact national road host link"}},{"type":"Feature","id":"bridge-425","geometry":{"type":"Point","coordinates":[30.848765,2.706317]},"properties":{"structure_type":"Bridges","bridge_no":"B740","bridge_nam":"Omolo Bridge","link_no":"C763_Link02","link_name":"Zombo-Vurra","road_no":"C763","road_class":"C","district":"16","region":"Northern","station":"Arua","surface_ty":"Unpaved","river":"OMOLO RIVER","chainage_km":60.466,"bridge_len":10.1,"bridge_wid":4.4,"no_of_spans":1,"overall_rating":3,"condition":"Fair","status":"Operational","recommended_intervention":"Major Rehabilitation","priority_score":190,"aadt_2026":510.3,"inspection_date":"2022-04-11","location_status":"Placed on exact national road host link"}},{"type":"Feature","id":"bridge-426","geometry":{"type":"Point","coordinates":[30.868198,2.790273]},"properties":{"structure_type":"Bridges","bridge_no":"B741","bridge_nam":"Odrua River","link_no":"C763_Link02","link_name":"Zombo-Vurra","road_no":"C763","road_class":"C","district":"16","region":"Northern","station":"Arua","surface_ty":"Unpaved","river":"ODRUA RIVER","chainage_km":70.959,"bridge_len":13.6,"bridge_wid":3.92,"no_of_spans":2,"overall_rating":1,"condition":"Critical","status":"Operational","recommended_intervention":"Bridge Replacement","priority_score":410,"aadt_2026":510.3,"inspection_date":"2022-04-12","location_status":"Placed on exact national road host link"}},{"type":"Feature","id":"bridge-427","geometry":{"type":"Point","coordinates":[30.915644,2.934559]},"properties":{"structure_type":"Bridges","bridge_no":"B743","bridge_nam":"Alla","link_no":"C749_Link01","link_name":"Eruba - Logiri","road_no":"C749","road_class":"C","district":"16","region":"Northern","station":"Arua","surface_ty":"Unpaved","river":"ALLA","chainage_km":2.194,"bridge_len":7.5,"bridge_wid":4.3,"no_of_spans":1,"overall_rating":5,"condition":"Good","status":"Operational","recommended_intervention":"Preventive Repair","priority_score":90,"aadt_2026":988.34,"inspection_date":"2021-11-03","location_status":"Placed on exact national road host link"}},{"type":"Feature","id":"bridge-428","geometry":{"type":"Point","coordinates":[32.44115,2.405493]},"properties":{"structure_type":"Bridges","bridge_no":"B750","bridge_nam":"Tochi 2 Bridge","link_no":"C665_Link02","link_name":"Anyeke-Minakulu","road_no":"C665","road_class":"C","district":"13","region":"Northern","station":"Gulu","surface_ty":"Unpaved","river":"TOCHI 2 RIVER","chainage_km":23.93,"bridge_len":5.6,"bridge_wid":3.9,"no_of_spans":1,"overall_rating":1,"condition":"Critical","status":"Operational","recommended_intervention":"Bridge Replacement","priority_score":410,"aadt_2026":1291.9,"inspection_date":"2022-03-14","location_status":"Placed on exact national road host link"}},{"type":"Feature","id":"bridge-429","geometry":{"type":"Point","coordinates":[32.692597,2.061318]},"properties":{"structure_type":"Bridges","bridge_no":"B751","bridge_nam":"Okole Bridge 2","link_no":"C662_Link01","link_name":"Aduku-Teboke-Loro","road_no":"C662","road_class":"C","district":0,"region":"Northern","station":"Lira","surface_ty":"Unpaved","river":"Okole River","chainage_km":28.28,"bridge_len":0,"bridge_wid":0,"no_of_spans":1,"overall_rating":3,"condition":"Fair","status":"Operational","recommended_intervention":"Major Rehabilitation","priority_score":190,"aadt_2026":1801,"inspection_date":"2021-11-03","location_status":"Placed on exact national road host link"}},{"type":"Feature","id":"bridge-430","geometry":{"type":"Point","coordinates":[32.38587,2.05402]},"properties":{"structure_type":"Bridges","bridge_no":"B752","bridge_nam":"Tochi Bridge","link_no":"C693_Link01","link_name":"Atapara-Aber-Atura-Kidilani","road_no":"C693","road_class":"C","district":"08","region":"Northern","station":"Lira","surface_ty":"Unpaved","river":"TOCHI RIVER","chainage_km":23.087,"bridge_len":10,"bridge_wid":4.4,"no_of_spans":1,"overall_rating":3,"condition":"Poor","status":"","recommended_intervention":"","priority_score":0,"aadt_2026":1291.9,"inspection_date":"2022-04-12 00:00:00","location_status":"Placed on exact national road host link"}},{"type":"Feature","id":"bridge-431","geometry":{"type":"Point","coordinates":[31.659487,3.270427]},"properties":{"structure_type":"Bridges","bridge_no":"B760","bridge_nam":"Itirikwa","link_no":"C726_Link01","link_name":"Adjumani - Sinyanya Ferry landing","road_no":"C726","road_class":"C","district":"15","region":"Northern","station":"Moyo","surface_ty":"Unpaved","river":"ITIRIKWA","chainage_km":22.56,"bridge_len":8.05,"bridge_wid":4.27,"no_of_spans":4,"overall_rating":1,"condition":"Critical","status":"Operational","recommended_intervention":"Bridge Replacement","priority_score":410,"aadt_2026":1208.24,"inspection_date":"2022-03-21","location_status":"Placed on exact national road host link"}},{"type":"Feature","id":"bridge-432","geometry":{"type":"Point","coordinates":[32.97404,2.23975]},"properties":{"structure_type":"Bridges","bridge_no":"B761","bridge_nam":"Aloi Bridge","link_no":"C650_Link01","link_name":"Lira - Akia","road_no":"C650","road_class":"C","district":"12","region":"Northern","station":"Lira","surface_ty":"Paved","river":"ALOI","chainage_km":8.2,"bridge_len":3.93,"bridge_wid":4.88,"no_of_spans":1,"overall_rating":7,"condition":"Good","status":"Operational","recommended_intervention":"Routine Maintenance","priority_score":46,"aadt_2026":469.76,"inspection_date":"2022-03-16","location_status":"Placed on exact national road host link"}},{"type":"Feature","id":"bridge-433","geometry":{"type":"Point","coordinates":[33.482485,2.865966]},"properties":{"structure_type":"Bridges","bridge_no":"B762","bridge_nam":"Namukora","link_no":"C678_Link01","link_name":"Naamokora - Lokapel","road_no":"C678","road_class":"C","district":"14","region":"Northern","station":"Kitgum","surface_ty":"Unpaved","river":"PAGER","chainage_km":13.859,"bridge_len":13.65,"bridge_wid":4.7,"no_of_spans":2,"overall_rating":6,"condition":"Satisfactory","status":"","recommended_intervention":"","priority_score":0,"aadt_2026":296.38,"inspection_date":"2022-03-23 00:00:00","location_status":"Placed on exact national road host link"}},{"type":"Feature","id":"bridge-434","geometry":{"type":"Point","coordinates":[30.90545,3.014505]},"properties":{"structure_type":"Bridges","bridge_no":"B763","bridge_nam":"Enyau","link_no":"C751_Link01","link_name":"Arua - Girigiri - Ovisoni","road_no":"C751","road_class":"C","district":"16","region":"Northern","station":"Arua","surface_ty":"Unpaved","river":"ENYAU","chainage_km":0.917,"bridge_len":15,"bridge_wid":11.3,"no_of_spans":1,"overall_rating":7,"condition":"Good","status":"Operational","recommended_intervention":"Routine Maintenance","priority_score":34,"aadt_2026":988.34,"inspection_date":"2022-04-12","location_status":"Placed on exact national road host link"}},{"type":"Feature","id":"bridge-435","geometry":{"type":"Point","coordinates":[31.727379,2.8537]},"properties":{"structure_type":"Bridges","bridge_no":"B764","bridge_nam":"Amuru Junction - Awee","link_no":"C686_Link02","link_name":"Amuru Junction - Awee","road_no":"C686","road_class":"C","district":"13","region":"Northern","station":"Gulu","surface_ty":"Unpaved","river":"","chainage_km":55.7,"bridge_len":4,"bridge_wid":7,"no_of_spans":1,"overall_rating":1,"condition":"Critical","status":"Operational","recommended_intervention":"Bridge Replacement","priority_score":410,"aadt_2026":1835.66,"inspection_date":"2022-03-29","location_status":"Placed on exact national road host link"}},{"type":"Feature","id":"bridge-436","geometry":{"type":"Point","coordinates":[31.727379,2.8537]},"properties":{"structure_type":"Bridges","bridge_no":"B765","bridge_nam":"Amuru Junction - Awee","link_no":"C686_Link02","link_name":"Amuru Junction - Awee","road_no":"C686","road_class":"C","district":"13","region":"Northern","station":"Gulu","surface_ty":"Unpaved","river":"","chainage_km":55.7,"bridge_len":4,"bridge_wid":7,"no_of_spans":1,"overall_rating":1,"condition":"Critical","status":"Operational","recommended_intervention":"Bridge Replacement","priority_score":410,"aadt_2026":1835.66,"inspection_date":"2022-03-11","location_status":"Placed on exact national road host link"}},{"type":"Feature","id":"bridge-437","geometry":{"type":"Point","coordinates":[31.713149,2.862597]},"properties":{"structure_type":"Bridges","bridge_no":"B766","bridge_nam":"Amuru Junction - Awee","link_no":"C686_Link02","link_name":"Amuru Junction - Awee","road_no":"C686","road_class":"C","district":"13","region":"Northern","station":"Gulu","surface_ty":"Unpaved","river":"","chainage_km":57.65,"bridge_len":3.7,"bridge_wid":7,"no_of_spans":1,"overall_rating":1,"condition":"Critical","status":"Operational","recommended_intervention":"Bridge Replacement","priority_score":410,"aadt_2026":1835.66,"inspection_date":"2022-03-11","location_status":"Placed on exact national road host link"}},{"type":"Feature","id":"bridge-438","geometry":{"type":"Point","coordinates":[33.28486,0.4861]},"properties":{"structure_type":"Bridges","bridge_no":"B861","bridge_nam":"Road Over Sugarcane Plantation","link_no":"A001_Link06","link_name":"Kakira junction - Iganga","road_no":"A001","road_class":"A","district":"17","region":"Eastern","station":"Jinja","surface_ty":"Paved","river":"","chainage_km":86.144,"bridge_len":5.3,"bridge_wid":13.6,"no_of_spans":1,"overall_rating":3,"condition":"Poor","status":"Operational","recommended_intervention":"Major Rehabilitation","priority_score":283,"aadt_2026":12039.86,"inspection_date":"2023-05-11","location_status":"Placed on exact national road host link"}},{"type":"Feature","id":"bridge-439","geometry":{"type":"Point","coordinates":[33.28486,0.4861]},"properties":{"structure_type":"Bridges","bridge_no":"B862","bridge_nam":"Road Over Sugarcane Plantation","link_no":"A001_Link06","link_name":"Kakira junction - Iganga","road_no":"A001","road_class":"A","district":"17","region":"Eastern","station":"Jinja","surface_ty":"Paved","river":"","chainage_km":86.144,"bridge_len":5.4,"bridge_wid":13.2,"no_of_spans":1,"overall_rating":6,"condition":"Satisfactory","status":"","recommended_intervention":"","priority_score":0,"aadt_2026":12039.86,"inspection_date":"2023-05-11 00:00:00","location_status":"Placed on exact national road host link"}},{"type":"Feature","id":"bridge-440","geometry":{"type":"Point","coordinates":[34.094877,0.465697]},"properties":{"structure_type":"Bridges","bridge_no":"B863","bridge_nam":"Malawa","link_no":"B308_Link01","link_name":"Namutere - Busia","road_no":"B308","road_class":"B","district":"18","region":"Eastern","station":"Tororo","surface_ty":"Paved","river":"MALAWA","chainage_km":16.5,"bridge_len":40.599998,"bridge_wid":11,"no_of_spans":2,"overall_rating":7,"condition":"Good","status":"Operational","recommended_intervention":"Routine Maintenance","priority_score":37.6,"aadt_2026":6096.72,"inspection_date":"2023-06-20","location_status":"Placed on exact national road host link"}},{"type":"Feature","id":"bridge-441","geometry":{"type":"Point","coordinates":[34.33581,1.17053]},"properties":{"structure_type":"Bridges","bridge_no":"B864","bridge_nam":"Kiguli Bridge","link_no":"C862_Link01","link_name":"Namagumba - Budadiri","road_no":"C862","road_class":"C","district":"19","region":"Eastern","station":"Mbale","surface_ty":"Unpaved","river":"SIRONKO","chainage_km":18.427,"bridge_len":18.200001,"bridge_wid":7.7,"no_of_spans":1,"overall_rating":3,"condition":"Poor","status":"Operational","recommended_intervention":"Major Rehabilitation","priority_score":220,"aadt_2026":1929.85,"inspection_date":"2023-06-20","location_status":"Placed on exact national road host link"}},{"type":"Feature","id":"bridge-442","geometry":{"type":"Point","coordinates":[33.92727,0.850405]},"properties":{"structure_type":"Bridges","bridge_no":"B865","bridge_nam":"Leresi","link_no":"C833_Link01","link_name":"Nabumali junction-Busolwe","road_no":"C833","road_class":"C","district":"18","region":"Eastern","station":"Tororo","surface_ty":"Unpaved","river":"MANAFA","chainage_km":34.5,"bridge_len":26,"bridge_wid":9.5,"no_of_spans":1,"overall_rating":3,"condition":"Poor","status":"Operational","recommended_intervention":"Major Rehabilitation","priority_score":220,"aadt_2026":4210.82,"inspection_date":"2021-11-03","location_status":"Placed on exact national road host link"}},{"type":"Feature","id":"bridge-443","geometry":{"type":"Point","coordinates":[34.181152,0.695212]},"properties":{"structure_type":"Bridges","bridge_no":"B866","bridge_nam":"Manafa","link_no":"A007_Link02","link_name":"Tororo - Magodes - Nabumali","road_no":"A007","road_class":"A","district":"18","region":"Eastern","station":"Tororo","surface_ty":"Paved","river":"MAGODES","chainage_km":4,"bridge_len":26.4,"bridge_wid":10.6,"no_of_spans":1,"overall_rating":7,"condition":"Good","status":"Operational","recommended_intervention":"Routine Maintenance","priority_score":56.8,"aadt_2026":23460.74,"inspection_date":"2022-10-02","location_status":"Placed on exact national road host link"}},{"type":"Feature","id":"bridge-444","geometry":{"type":"Point","coordinates":[34.326436,1.032512]},"properties":{"structure_type":"Bridges","bridge_no":"B867","bridge_nam":"Buwangani","link_no":"C867_Link02","link_name":"Bubulo-Bududa Circle road","road_no":"C867","road_class":"C","district":"?","region":"Eastern","station":"Mbale","surface_ty":"Unpaved","river":"TSUTSU","chainage_km":28.4,"bridge_len":6.4,"bridge_wid":7.8,"no_of_spans":1,"overall_rating":5,"condition":"Good","status":"Operational","recommended_intervention":"Preventive Repair","priority_score":110,"aadt_2026":1588.56,"inspection_date":"2023-06-20","location_status":"Placed on exact national road host link"}},{"type":"Feature","id":"bridge-445","geometry":{"type":"Point","coordinates":[33.65981,2.71145]},"properties":{"structure_type":"Bridges","bridge_no":"B868","bridge_nam":"Dopeth","link_no":"B302_Link01","link_name":"Kotido - Abim","road_no":"B302","road_class":"B","district":"16","region":"North Eastern","station":"Kotido","surface_ty":"Unpaved","river":"","chainage_km":63.821,"bridge_len":10.1,"bridge_wid":4.4,"no_of_spans":1,"overall_rating":7,"condition":"Good","status":"Operational","recommended_intervention":"Routine Maintenance","priority_score":37.6,"aadt_2026":1022.18,"inspection_date":"2021-11-03","location_status":"Placed on exact national road host link"}},{"type":"Feature","id":"bridge-446","geometry":{"type":"Point","coordinates":[33.486561,2.740379]},"properties":{"structure_type":"Bridges","bridge_no":"B869","bridge_nam":"Ameta Bridge","link_no":"B302_Link02","link_name":"Abim - Kilak","road_no":"B302","road_class":"B","district":"14","region":"Northern","station":"Kitgum","surface_ty":"Unpaved","river":"AGAGO RIVER","chainage_km":83.821,"bridge_len":8.7,"bridge_wid":5.94,"no_of_spans":4,"overall_rating":1,"condition":"Critical","status":"Operational","recommended_intervention":"Bridge Replacement","priority_score":470,"aadt_2026":861.37,"inspection_date":"2022-03-17","location_status":"Placed on exact national road host link"}},{"type":"Feature","id":"bridge-447","geometry":{"type":"Point","coordinates":[34.335592,1.170617]},"properties":{"structure_type":"Bridges","bridge_no":"B870","bridge_nam":"Wasita","link_no":"C862_Link01","link_name":"Namagumba - Budadiri","road_no":"C862","road_class":"C","district":"19","region":"Eastern","station":"Mbale","surface_ty":"Unpaved","river":"WASITA","chainage_km":18.4,"bridge_len":15,"bridge_wid":4.6,"no_of_spans":1,"overall_rating":7,"condition":"Good","status":"Operational","recommended_intervention":"Routine Maintenance","priority_score":34,"aadt_2026":1929.85,"inspection_date":"2023-06-20","location_status":"Placed on exact national road host link"}},{"type":"Feature","id":"bridge-448","geometry":{"type":"Point","coordinates":[34.559562,1.412882]},"properties":{"structure_type":"Bridges","bridge_no":"B871","bridge_nam":"Road Over River","link_no":"B304_Link02","link_name":"Kapchorwa-Suam","road_no":"B304","road_class":"B","district":"19","region":"Eastern","station":"Mbale","surface_ty":"Paved","river":"MANAFA RIVER","chainage_km":44.157,"bridge_len":19.5,"bridge_wid":17,"no_of_spans":1,"overall_rating":4,"condition":"Marginal","status":"","recommended_intervention":"","priority_score":0,"aadt_2026":1695.6,"inspection_date":"2022-10-02 00:00:00","location_status":"Placed on exact national road host link"}},{"type":"Feature","id":"bridge-449","geometry":{"type":"Point","coordinates":[34.662858,1.336452]},"properties":{"structure_type":"Bridges","bridge_no":"B872","bridge_nam":"Siti","link_no":"B304_Link02","link_name":"Kapchorwa-Suam","road_no":"B304","road_class":"B","district":"19","region":"Eastern","station":"Mbale","surface_ty":"Paved","river":"SITI","chainage_km":69.979,"bridge_len":17,"bridge_wid":12,"no_of_spans":1,"overall_rating":7,"condition":"Good","status":"Operational","recommended_intervention":"Routine Maintenance","priority_score":37.6,"aadt_2026":1695.6,"inspection_date":"2023-06-20","location_status":"Placed on exact national road host link"}},{"type":"Feature","id":"bridge-450","geometry":{"type":"Point","coordinates":[34.71723,1.449245]},"properties":{"structure_type":"Bridges","bridge_no":"B873","bridge_nam":"Girik","link_no":"C889_Link01","link_name":"Chepsikunya -Girik","road_no":"C889","road_class":"C","district":"19","region":"Eastern","station":"Mbale","surface_ty":"Unpaved","river":"","chainage_km":26,"bridge_len":30,"bridge_wid":7.2,"no_of_spans":2,"overall_rating":5,"condition":"Good","status":"Operational","recommended_intervention":"Preventive Repair","priority_score":90,"aadt_2026":1929.85,"inspection_date":"2023-06-20","location_status":"Placed on exact national road host link"}},{"type":"Feature","id":"bridge-451","geometry":{"type":"Point","coordinates":[34.743208,1.264127]},"properties":{"structure_type":"Bridges","bridge_no":"B874","bridge_nam":"Bukwo","link_no":"B304_Link02","link_name":"Kapchorwa-Suam","road_no":"B304","road_class":"B","district":"19","region":"Eastern","station":"Mbale","surface_ty":"Paved","river":"BUKWO","chainage_km":98.69,"bridge_len":24,"bridge_wid":14,"no_of_spans":1,"overall_rating":1,"condition":"Critical","status":"Operational","recommended_intervention":"Bridge Replacement","priority_score":378,"aadt_2026":1695.6,"inspection_date":"2023-06-20","location_status":"Placed on exact national road host link"}},{"type":"Feature","id":"bridge-452","geometry":{"type":"Point","coordinates":[34.743203,1.264085]},"properties":{"structure_type":"Bridges","bridge_no":"B877","bridge_nam":"Suam Bridge","link_no":"B304_Link02","link_name":"Kapchorwa-Suam","road_no":"B304","road_class":"B","district":"14","region":"Eastern","station":"Mbale","surface_ty":"Paved","river":"RIVER SUAM","chainage_km":98.695,"bridge_len":13.65,"bridge_wid":4.7,"no_of_spans":2,"overall_rating":7,"condition":"Good","status":"Operational","recommended_intervention":"Routine Maintenance","priority_score":51.4,"aadt_2026":1695.6,"inspection_date":"2021-11-03","location_status":"Placed on exact national road host link"}},{"type":"Feature","id":"bridge-453","geometry":{"type":"Point","coordinates":[34.820883,2.380458]},"properties":{"structure_type":"Bridges","bridge_no":"B878","bridge_nam":"Amudat - Loroo","link_no":"C963_Link02","link_name":"Lokitanyara-Loro-Amudat","road_no":"C963","road_class":"C","district":"21","region":"North Eastern","station":"Moroto","surface_ty":"Unpaved","river":"KANYANGAREN","chainage_km":28.5,"bridge_len":37,"bridge_wid":5,"no_of_spans":3,"overall_rating":3,"condition":"Good","status":"Development","recommended_intervention":"Major Rehabilitation","priority_score":169,"aadt_2026":126.84,"inspection_date":"2022-11-08","location_status":"Placed on exact national road host link"}},{"type":"Feature","id":"bridge-454","geometry":{"type":"Point","coordinates":[34.035384,3.012864]},"properties":{"structure_type":"Bridges","bridge_no":"B880","bridge_nam":"Kotido-Kailong","link_no":"B302_Link01","link_name":"Kotido - Abim","road_no":"B302","road_class":"B","district":"22","region":"North Eastern","station":"Kotido","surface_ty":"Unpaved","river":"RIVER MANAFA","chainage_km":5.3,"bridge_len":21,"bridge_wid":5,"no_of_spans":1,"overall_rating":6,"condition":"Satisfactory","status":"","recommended_intervention":"","priority_score":0,"aadt_2026":1022.18,"inspection_date":"2022-11-08 00:00:00","location_status":"Placed on exact national road host link"}},{"type":"Feature","id":"bridge-455","geometry":{"type":"Point","coordinates":[34.019997,0.691743]},"properties":{"structure_type":"Bridges","bridge_no":"B881","bridge_nam":"Musukule","link_no":"C844_Link01","link_name":"Rubongi - Mulanda","road_no":"C844","road_class":"C","district":"18","region":"Eastern","station":"Tororo","surface_ty":"Unpaved","river":"OSYA","chainage_km":16,"bridge_len":4,"bridge_wid":4.5,"no_of_spans":1,"overall_rating":3,"condition":"Fair","status":"Operational","recommended_intervention":"Major Rehabilitation","priority_score":190,"aadt_2026":1177.46,"inspection_date":"2023-05-11","location_status":"Placed on exact national road host link"}},{"type":"Feature","id":"bridge-456","geometry":{"type":"Point","coordinates":[34.023419,0.754539]},"properties":{"structure_type":"Bridges","bridge_no":"B882","bridge_nam":"Adeyo","link_no":"C836_Link02","link_name":"Mulanda - Nagongera","road_no":"C836","road_class":"C","district":"18","region":"Eastern","station":"Tororo","surface_ty":"Unpaved","river":"RIVER KORUBUDE","chainage_km":26,"bridge_len":4,"bridge_wid":4.2,"no_of_spans":1,"overall_rating":3,"condition":"Poor","status":"Operational","recommended_intervention":"Major Rehabilitation","priority_score":220,"aadt_2026":5179.88,"inspection_date":"2023-05-11","location_status":"Placed on exact national road host link"}},{"type":"Feature","id":"bridge-457","geometry":{"type":"Point","coordinates":[34.093801,0.476283]},"properties":{"structure_type":"Bridges","bridge_no":"B883","bridge_nam":"Okame","link_no":"B306_Link01","link_name":"Tororo(Malaba junction) - Busia","road_no":"B306","road_class":"B","district":"18","region":"Eastern","station":"Tororo","surface_ty":"Unpaved","river":"OKAME","chainage_km":23,"bridge_len":21,"bridge_wid":5.2,"no_of_spans":2,"overall_rating":7,"condition":"Good","status":"Operational","recommended_intervention":"Routine Maintenance","priority_score":51.4,"aadt_2026":2480.57,"inspection_date":"2022-10-02","location_status":"Placed on exact national road host link"}},{"type":"Feature","id":"bridge-458","geometry":{"type":"Point","coordinates":[34.093801,0.476283]},"properties":{"structure_type":"Bridges","bridge_no":"B884","bridge_nam":"Akatenyani","link_no":"B306_Link01","link_name":"Tororo(Malaba junction) - Busia","road_no":"B306","road_class":"B","district":"18","region":"Eastern","station":"Tororo","surface_ty":"Unpaved","river":"MALABA","chainage_km":23,"bridge_len":6,"bridge_wid":5,"no_of_spans":1,"overall_rating":7,"condition":"Good","status":"Operational","recommended_intervention":"Routine Maintenance","priority_score":51.4,"aadt_2026":2480.57,"inspection_date":"2022-10-02","location_status":"Placed on exact national road host link"}},{"type":"Feature","id":"bridge-459","geometry":{"type":"Point","coordinates":[34.089703,0.468289]},"properties":{"structure_type":"Bridges","bridge_no":"B885","bridge_nam":"Angolo","link_no":"B306_Link01","link_name":"Tororo(Malaba junction) - Busia","road_no":"B306","road_class":"B","district":"18","region":"Eastern","station":"Tororo","surface_ty":"Unpaved","river":"MALABA","chainage_km":24,"bridge_len":4,"bridge_wid":5,"no_of_spans":1,"overall_rating":5,"condition":"Good","status":"Operational","recommended_intervention":"Preventive Repair","priority_score":102,"aadt_2026":2480.57,"inspection_date":"2021-11-03","location_status":"Placed on exact national road host link"}},{"type":"Feature","id":"bridge-460","geometry":{"type":"Point","coordinates":[32.244949,0.823386]},"properties":{"structure_type":"Bridges","bridge_no":"B886","bridge_nam":"Kwakiteza","link_no":"C306_Link01","link_name":"Luwero-Kiwoko-Butalangu","road_no":"C306","road_class":"C","district":"18","region":"Central","station":"Luwero","surface_ty":"Unpaved","river":"KWAKITEZA","chainage_km":28.5,"bridge_len":10.5,"bridge_wid":5.1,"no_of_spans":1,"overall_rating":4,"condition":"Marginal","status":"","recommended_intervention":"","priority_score":0,"aadt_2026":2686.27,"inspection_date":"2022-10-02 00:00:00","location_status":"Placed on exact national road host link"}},{"type":"Feature","id":"bridge-461","geometry":{"type":"Point","coordinates":[34.139265,3.313196]},"properties":{"structure_type":"Bridges","bridge_no":"B887","bridge_nam":"Nataracha Bridge","link_no":"C992_Link01","link_name":"Kapelimoru-Loyoro - Apaan","road_no":"C992","road_class":"C","district":"22","region":"North Eastern","station":"Kotido","surface_ty":"Unpaved","river":"RIVER LOYORO","chainage_km":49,"bridge_len":30.85,"bridge_wid":4.8,"no_of_spans":1,"overall_rating":7,"condition":"Good","status":"Operational","recommended_intervention":"Routine Maintenance","priority_score":34,"aadt_2026":53.72,"inspection_date":"2021-11-03","location_status":"Placed on exact national road host link"}},{"type":"Feature","id":"bridge-462","geometry":{"type":"Point","coordinates":[32.65356,0.34894]},"properties":{"structure_type":"Bridges","bridge_no":"B376","bridge_nam":"Namboole B1","link_no":"M20","link_name":"Kampala NorthernBypass","road_no":"M20","road_class":"M","district":"","region":"Central","station":"Kampala","surface_ty":"Paved","river":"Road Over Road","chainage_km":0,"bridge_len":null,"bridge_wid":null,"no_of_spans":"","overall_rating":7,"condition":"Good","status":"","recommended_intervention":"","priority_score":0,"aadt_2026":46450.56,"inspection_date":"2025-08-07 00:00:00","location_status":"Placed on exact national road host link"}},{"type":"Feature","id":"bridge-463","geometry":{"type":"Point","coordinates":[32.624709,0.368988]},"properties":{"structure_type":"Bridges","bridge_no":"B385","bridge_nam":"Old Kira Road Over Bridge","link_no":"M20","link_name":"Kampala NorthernBypass","road_no":"M20","road_class":"M","district":"","region":"Central","station":"Kampala","surface_ty":"Paved","river":"Road Over Road","chainage_km":5.156,"bridge_len":null,"bridge_wid":null,"no_of_spans":"","overall_rating":7,"condition":"Good","status":"","recommended_intervention":"","priority_score":0,"aadt_2026":46450.56,"inspection_date":"2025-08-07 00:00:00","location_status":"Placed on exact national road host link"}},{"type":"Feature","id":"bridge-464","geometry":{"type":"Point","coordinates":[32.610435,0.366989]},"properties":{"structure_type":"Bridges","bridge_no":"B386","bridge_nam":"Ntinda Foot Bridge","link_no":"M20","link_name":"Kampala NorthernBypass","road_no":"M20","road_class":"M","district":"","region":"Central","station":"Kampala","surface_ty":"Paved","river":"Pedestrian Crossing","chainage_km":6.809,"bridge_len":null,"bridge_wid":null,"no_of_spans":"","overall_rating":7,"condition":"Good","status":"","recommended_intervention":"","priority_score":0,"aadt_2026":46450.56,"inspection_date":"2025-08-07 00:00:00","location_status":"Placed on exact national road host link"}},{"type":"Feature","id":"bridge-465","geometry":{"type":"Point","coordinates":[32.604677,0.364987]},"properties":{"structure_type":"Bridges","bridge_no":"B398","bridge_nam":"Ntinda B1","link_no":"M20","link_name":"Kampala NorthernBypass","road_no":"M20","road_class":"M","district":"","region":"Central","station":"Kampala","surface_ty":"Paved","river":"Road Over Road","chainage_km":7.512,"bridge_len":null,"bridge_wid":null,"no_of_spans":"","overall_rating":7,"condition":"Good","status":"","recommended_intervention":"","priority_score":0,"aadt_2026":46450.56,"inspection_date":"2025-08-07 00:00:00","location_status":"Placed on exact national road host link"}},{"type":"Feature","id":"bridge-466","geometry":{"type":"Point","coordinates":[32.605139,0.365363]},"properties":{"structure_type":"Bridges","bridge_no":"B400","bridge_nam":"Ntinda B2","link_no":"M20","link_name":"Kampala NorthernBypass","road_no":"M20","road_class":"M","district":"","region":"Central","station":"Kampala","surface_ty":"Paved","river":"Road Over Road","chainage_km":7.44,"bridge_len":null,"bridge_wid":null,"no_of_spans":"","overall_rating":7,"condition":"Good","status":"","recommended_intervention":"","priority_score":0,"aadt_2026":46450.56,"inspection_date":"2025-08-07 00:00:00","location_status":"Placed on exact national road host link"}},{"type":"Feature","id":"bridge-467","geometry":{"type":"Point","coordinates":[32.598497,0.358724]},"properties":{"structure_type":"Bridges","bridge_no":"B403","bridge_nam":"Bukoto-Kisasi Over Bridge","link_no":"M20","link_name":"Kampala NorthernBypass","road_no":"M20","road_class":"M","district":"","region":"Central","station":"Kampala","surface_ty":"Paved","river":"Road Over Road","chainage_km":8.574,"bridge_len":null,"bridge_wid":null,"no_of_spans":"","overall_rating":7,"condition":"Good","status":"","recommended_intervention":"","priority_score":0,"aadt_2026":46450.56,"inspection_date":"2025-08-07 00:00:00","location_status":"Placed on exact national road host link"}},{"type":"Feature","id":"bridge-468","geometry":{"type":"Point","coordinates":[32.588896,0.352818]},"properties":{"structure_type":"Bridges","bridge_no":"B404","bridge_nam":"Bukoto-Kyebando B1 Rhs","link_no":"M20","link_name":"Kampala NorthernBypass","road_no":"M20","road_class":"M","district":"","region":"Central","station":"Kampala","surface_ty":"Paved","river":"Road Over Road","chainage_km":9.935,"bridge_len":null,"bridge_wid":null,"no_of_spans":"","overall_rating":7,"condition":"Good","status":"","recommended_intervention":"","priority_score":0,"aadt_2026":46450.56,"inspection_date":"2025-08-07 00:00:00","location_status":"Placed on exact national road host link"}},{"type":"Feature","id":"bridge-469","geometry":{"type":"Point","coordinates":[32.588907,0.352832]},"properties":{"structure_type":"Bridges","bridge_no":"B405","bridge_nam":"Bukoto-Kyebando B1 Lhs","link_no":"M20","link_name":"Kampala NorthernBypass","road_no":"M20","road_class":"M","district":"","region":"Central","station":"Kampala","surface_ty":"Paved","river":"Road Over Road","chainage_km":9.933,"bridge_len":null,"bridge_wid":null,"no_of_spans":"","overall_rating":7,"condition":"Good","status":"","recommended_intervention":"","priority_score":0,"aadt_2026":46450.56,"inspection_date":"2025-08-07 00:00:00","location_status":"Placed on exact national road host link"}},{"type":"Feature","id":"bridge-470","geometry":{"type":"Point","coordinates":[32.588545,0.352378]},"properties":{"structure_type":"Bridges","bridge_no":"B409","bridge_nam":"Bukoto-Kyebando B2 Lhs","link_no":"M20","link_name":"Kampala NorthernBypass","road_no":"M20","road_class":"M","district":"","region":"Central","station":"Kampala","surface_ty":"Paved","river":"Road Over Road","chainage_km":9.999,"bridge_len":null,"bridge_wid":null,"no_of_spans":"","overall_rating":7,"condition":"Good","status":"","recommended_intervention":"","priority_score":0,"aadt_2026":46450.56,"inspection_date":"2025-08-07 00:00:00","location_status":"Placed on exact national road host link"}},{"type":"Feature","id":"bridge-471","geometry":{"type":"Point","coordinates":[32.588545,0.352378]},"properties":{"structure_type":"Bridges","bridge_no":"B412","bridge_nam":"Bukoto-Kyebando B2 Rhs","link_no":"M20","link_name":"Kampala NorthernBypass","road_no":"M20","road_class":"M","district":"","region":"Central","station":"Kampala","surface_ty":"Paved","river":"Road Over Road","chainage_km":9.999,"bridge_len":null,"bridge_wid":null,"no_of_spans":"","overall_rating":7,"condition":"Good","status":"","recommended_intervention":"","priority_score":0,"aadt_2026":46450.56,"inspection_date":"2025-08-07 00:00:00","location_status":"Placed on exact national road host link"}},{"type":"Feature","id":"bridge-472","geometry":{"type":"Point","coordinates":[32.586483,0.349789]},"properties":{"structure_type":"Bridges","bridge_no":"B242","bridge_nam":"Kyebando Foot Bridge","link_no":"M20","link_name":"Kampala NorthernBypass","road_no":"M20","road_class":"M","district":"","region":"Central","station":"Kampala","surface_ty":"Paved","river":"Pedestrian Crossing","chainage_km":10.376,"bridge_len":null,"bridge_wid":null,"no_of_spans":"","overall_rating":7,"condition":"Good","status":"","recommended_intervention":"","priority_score":0,"aadt_2026":46450.56,"inspection_date":"2025-08-08 00:00:00","location_status":"Placed on exact national road host link"}},{"type":"Feature","id":"bridge-473","geometry":{"type":"Point","coordinates":[32.65356,0.34894]},"properties":{"structure_type":"Bridges","bridge_no":"B416","bridge_nam":"Namboole B2","link_no":"M20","link_name":"Kampala NorthernBypass","road_no":"M20","road_class":"M","district":"","region":"Central","station":"Kampala","surface_ty":"Paved","river":"Road Over Road","chainage_km":0,"bridge_len":null,"bridge_wid":null,"no_of_spans":"","overall_rating":7,"condition":"Good","status":"","recommended_intervention":"","priority_score":0,"aadt_2026":46450.56,"inspection_date":"2025-08-07 00:00:00","location_status":"Placed on exact national road host link"}},{"type":"Feature","id":"bridge-474","geometry":{"type":"Point","coordinates":[32.579564,0.350865]},"properties":{"structure_type":"Bridges","bridge_no":"B204","bridge_nam":"Kyebando Over Bridge","link_no":"M20","link_name":"Kampala NorthernBypass","road_no":"M20","road_class":"M","district":"","region":"Central","station":"Kampala","surface_ty":"Paved","river":"Road Over Road","chainage_km":11.187,"bridge_len":null,"bridge_wid":null,"no_of_spans":"","overall_rating":7,"condition":"Good","status":"","recommended_intervention":"","priority_score":0,"aadt_2026":46450.56,"inspection_date":"2025-08-08 00:00:00","location_status":"Placed on exact national road host link"}},{"type":"Feature","id":"bridge-475","geometry":{"type":"Point","coordinates":[32.572234,0.352223]},"properties":{"structure_type":"Bridges","bridge_no":"B417","bridge_nam":"Kalerwe B1 Rhs","link_no":"M20","link_name":"Kampala NorthernBypass","road_no":"M20","road_class":"M","district":"12","region":"Central","station":"Kampala","surface_ty":"Paved","river":"Aguar","chainage_km":12.036,"bridge_len":null,"bridge_wid":null,"no_of_spans":-1,"overall_rating":7,"condition":"Good","status":"","recommended_intervention":"","priority_score":0,"aadt_2026":46450.56,"inspection_date":"2025-08-08 00:00:00","location_status":"Placed on exact national road host link"}},{"type":"Feature","id":"bridge-476","geometry":{"type":"Point","coordinates":[32.571457,0.352367]},"properties":{"structure_type":"Bridges","bridge_no":"B418","bridge_nam":"Kalerwe B2 Rhs","link_no":"M20","link_name":"Kampala NorthernBypass","road_no":"M20","road_class":"M","district":"","region":"Central","station":"Kampala","surface_ty":"Paved","river":"Road Over Road","chainage_km":12.126,"bridge_len":null,"bridge_wid":null,"no_of_spans":"","overall_rating":7,"condition":"Good","status":"","recommended_intervention":"","priority_score":0,"aadt_2026":46450.56,"inspection_date":"2025-08-08 00:00:00","location_status":"Placed on exact national road host link"}},{"type":"Feature","id":"bridge-477","geometry":{"type":"Point","coordinates":[32.571457,0.352367]},"properties":{"structure_type":"Bridges","bridge_no":"B219","bridge_nam":"Kalerwe B2 Lhs","link_no":"M20","link_name":"Kampala NorthernBypass","road_no":"M20","road_class":"M","district":"","region":"Central","station":"Kampala","surface_ty":"Paved","river":"Road Over Road","chainage_km":12.126,"bridge_len":null,"bridge_wid":null,"no_of_spans":"","overall_rating":7,"condition":"Good","status":"","recommended_intervention":"","priority_score":0,"aadt_2026":46450.56,"inspection_date":"2025-08-08 00:00:00","location_status":"Placed on exact national road host link"}},{"type":"Feature","id":"bridge-478","geometry":{"type":"Point","coordinates":[32.572234,0.352223]},"properties":{"structure_type":"Bridges","bridge_no":"B221","bridge_nam":"Kalerwe B1 Lhs","link_no":"M20","link_name":"Kampala NorthernBypass","road_no":"M20","road_class":"M","district":"","region":"Central","station":"Kampala","surface_ty":"Paved","river":"Road Over Road","chainage_km":12.036,"bridge_len":null,"bridge_wid":null,"no_of_spans":"","overall_rating":7,"condition":"Good","status":"","recommended_intervention":"","priority_score":0,"aadt_2026":46450.56,"inspection_date":"2025-08-08 00:00:00","location_status":"Placed on exact national road host link"}},{"type":"Feature","id":"bridge-479","geometry":{"type":"Point","coordinates":[32.569134,0.352471]},"properties":{"structure_type":"Bridges","bridge_no":"B224","bridge_nam":"Kalerwe Foot Bridge","link_no":"M20","link_name":"Kampala NorthernBypass","road_no":"M20","road_class":"M","district":"","region":"Central","station":"Kampala","surface_ty":"Paved","river":"Pedestrian Crossing","chainage_km":12.397,"bridge_len":null,"bridge_wid":null,"no_of_spans":"","overall_rating":7,"condition":"Good","status":"","recommended_intervention":"","priority_score":0,"aadt_2026":46450.56,"inspection_date":"2025-08-08 00:00:00","location_status":"Placed on exact national road host link"}},{"type":"Feature","id":"bridge-480","geometry":{"type":"Point","coordinates":[32.562935,0.350676]},"properties":{"structure_type":"Bridges","bridge_no":"B244","bridge_nam":"Bwayise B1 Rhs","link_no":"M20","link_name":"Kampala NorthernBypass","road_no":"M20","road_class":"M","district":"","region":"Central","station":"Kampala","surface_ty":"Paved","river":"Road Over Road","chainage_km":13.132,"bridge_len":null,"bridge_wid":null,"no_of_spans":"","overall_rating":7,"condition":"Good","status":"","recommended_intervention":"","priority_score":0,"aadt_2026":46450.56,"inspection_date":"2025-08-08 00:00:00","location_status":"Placed on exact national road host link"}},{"type":"Feature","id":"bridge-481","geometry":{"type":"Point","coordinates":[32.56226,0.350481]},"properties":{"structure_type":"Bridges","bridge_no":"B245","bridge_nam":"Bwayise B2 Rhs","link_no":"M20","link_name":"Kampala NorthernBypass","road_no":"M20","road_class":"M","district":"","region":"Central","station":"Kampala","surface_ty":"Paved","river":"Road Over Road","chainage_km":13.212,"bridge_len":null,"bridge_wid":null,"no_of_spans":"","overall_rating":7,"condition":"Good","status":"","recommended_intervention":"","priority_score":0,"aadt_2026":46450.56,"inspection_date":"2025-08-08 00:00:00","location_status":"Placed on exact national road host link"}},{"type":"Feature","id":"bridge-482","geometry":{"type":"Point","coordinates":[32.56226,0.350481]},"properties":{"structure_type":"Bridges","bridge_no":"B247","bridge_nam":"Bwayise B1 Lhs","link_no":"M20","link_name":"Kampala NorthernBypass","road_no":"M20","road_class":"M","district":"","region":"Central","station":"Kampala","surface_ty":"Paved","river":"Road Over Road","chainage_km":13.212,"bridge_len":null,"bridge_wid":null,"no_of_spans":"","overall_rating":7,"condition":"Good","status":"","recommended_intervention":"","priority_score":0,"aadt_2026":46450.56,"inspection_date":"2025-08-08 00:00:00","location_status":"Placed on exact national road host link"}},{"type":"Feature","id":"bridge-483","geometry":{"type":"Point","coordinates":[32.56226,0.350481]},"properties":{"structure_type":"Bridges","bridge_no":"B250","bridge_nam":"Bwayise B2 Lhs","link_no":"M20","link_name":"Kampala NorthernBypass","road_no":"M20","road_class":"M","district":"","region":"Central","station":"Kampala","surface_ty":"Paved","river":"Road Over Road","chainage_km":13.212,"bridge_len":null,"bridge_wid":null,"no_of_spans":"","overall_rating":7,"condition":"Good","status":"","recommended_intervention":"","priority_score":0,"aadt_2026":46450.56,"inspection_date":"2025-08-08 00:00:00","location_status":"Placed on exact national road host link"}},{"type":"Feature","id":"bridge-484","geometry":{"type":"Point","coordinates":[32.648038,0.363727]},"properties":{"structure_type":"Bridges","bridge_no":"B254","bridge_nam":"Namugongo Overbridge","link_no":"M20","link_name":"Kampala NorthernBypass","road_no":"M20","road_class":"M","district":"","region":"Central","station":"Kampala","surface_ty":"Paved","river":"Road Over Road","chainage_km":1.855,"bridge_len":null,"bridge_wid":null,"no_of_spans":"","overall_rating":7,"condition":"Good","status":"","recommended_intervention":"","priority_score":0,"aadt_2026":46450.56,"inspection_date":"2025-08-07 00:00:00","location_status":"Placed on exact national road host link"}},{"type":"Feature","id":"bridge-485","geometry":{"type":"Point","coordinates":[32.553186,0.347853]},"properties":{"structure_type":"Bridges","bridge_no":"B257","bridge_nam":"Kawaala Bridge","link_no":"M20","link_name":"Kampala NorthernBypass","road_no":"M20","road_class":"M","district":"","region":"Central","station":"Kampala","surface_ty":"Paved","river":"Road Over Road","chainage_km":14.288,"bridge_len":null,"bridge_wid":null,"no_of_spans":"","overall_rating":7,"condition":"Good","status":"","recommended_intervention":"","priority_score":0,"aadt_2026":46450.56,"inspection_date":"2025-08-08 00:00:00","location_status":"Placed on exact national road host link"}},{"type":"Feature","id":"bridge-486","geometry":{"type":"Point","coordinates":[32.542897,0.344873]},"properties":{"structure_type":"Bridges","bridge_no":"B262","bridge_nam":"Namungoona B2","link_no":"M20","link_name":"Kampala NorthernBypass","road_no":"M20","road_class":"M","district":"","region":"Central","station":"Kampala","surface_ty":"Paved","river":"Road Over Road","chainage_km":15.508,"bridge_len":null,"bridge_wid":null,"no_of_spans":"","overall_rating":7,"condition":"Good","status":"","recommended_intervention":"","priority_score":0,"aadt_2026":46450.56,"inspection_date":"2025-08-11 00:00:00","location_status":"Placed on exact national road host link"}},{"type":"Feature","id":"bridge-487","geometry":{"type":"Point","coordinates":[32.542897,0.344873]},"properties":{"structure_type":"Bridges","bridge_no":"B419","bridge_nam":"Namungoona B22","link_no":"M20","link_name":"Kampala NorthernBypass","road_no":"M20","road_class":"M","district":"","region":"Central","station":"Kampala","surface_ty":"Paved","river":"Road Over Road","chainage_km":15.508,"bridge_len":null,"bridge_wid":null,"no_of_spans":"","overall_rating":7,"condition":"Good","status":"","recommended_intervention":"","priority_score":0,"aadt_2026":46450.56,"inspection_date":"2025-08-11 00:00:00","location_status":"Placed on exact national road host link"}},{"type":"Feature","id":"bridge-488","geometry":{"type":"Point","coordinates":[32.54229,0.344697]},"properties":{"structure_type":"Bridges","bridge_no":"B280","bridge_nam":"Namungoona B1","link_no":"M20","link_name":"Kampala NorthernBypass","road_no":"M20","road_class":"M","district":"","region":"Central","station":"Kampala","surface_ty":"Paved","river":"Road Over Road","chainage_km":15.58,"bridge_len":null,"bridge_wid":null,"no_of_spans":"","overall_rating":7,"condition":"Good","status":"","recommended_intervention":"","priority_score":0,"aadt_2026":46450.56,"inspection_date":"2025-08-11 00:00:00","location_status":"Placed on exact national road host link"}},{"type":"Feature","id":"bridge-489","geometry":{"type":"Point","coordinates":[32.54229,0.344697]},"properties":{"structure_type":"Bridges","bridge_no":"B304","bridge_nam":"Namungoona B12","link_no":"M20","link_name":"Kampala NorthernBypass","road_no":"M20","road_class":"M","district":"","region":"Central","station":"Kampala","surface_ty":"Paved","river":"Road Over Road","chainage_km":15.58,"bridge_len":null,"bridge_wid":null,"no_of_spans":"","overall_rating":7,"condition":"Good","status":"","recommended_intervention":"","priority_score":0,"aadt_2026":46450.56,"inspection_date":"2025-08-11 00:00:00","location_status":"Placed on exact national road host link"}},{"type":"Feature","id":"bridge-490","geometry":{"type":"Point","coordinates":[32.527544,0.332126]},"properties":{"structure_type":"Bridges","bridge_no":"B305","bridge_nam":"Sentema B2","link_no":"M20","link_name":"Kampala NorthernBypass","road_no":"M20","road_class":"M","district":"","region":"Central","station":"Kampala","surface_ty":"Paved","river":"Road Over Road","chainage_km":17.869,"bridge_len":null,"bridge_wid":null,"no_of_spans":"","overall_rating":7,"condition":"Good","status":"","recommended_intervention":"","priority_score":0,"aadt_2026":46450.56,"inspection_date":"2025-08-11 00:00:00","location_status":"Placed on exact national road host link"}},{"type":"Feature","id":"bridge-491","geometry":{"type":"Point","coordinates":[32.527544,0.332126]},"properties":{"structure_type":"Bridges","bridge_no":"B306","bridge_nam":"Sentema B22","link_no":"M20","link_name":"Kampala NorthernBypass","road_no":"M20","road_class":"M","district":"","region":"Central","station":"Kampala","surface_ty":"Paved","river":"Road Over Road","chainage_km":17.869,"bridge_len":null,"bridge_wid":null,"no_of_spans":"","overall_rating":7,"condition":"Good","status":"","recommended_intervention":"","priority_score":0,"aadt_2026":46450.56,"inspection_date":"2025-08-11 00:00:00","location_status":"Placed on exact national road host link"}},{"type":"Feature","id":"bridge-492","geometry":{"type":"Point","coordinates":[32.527211,0.331487]},"properties":{"structure_type":"Bridges","bridge_no":"B307","bridge_nam":"Sentema B1","link_no":"M20","link_name":"Kampala NorthernBypass","road_no":"M20","road_class":"M","district":"","region":"Central","station":"Kampala","surface_ty":"Paved","river":"Road Over Road","chainage_km":17.951,"bridge_len":null,"bridge_wid":null,"no_of_spans":"","overall_rating":7,"condition":"Good","status":"","recommended_intervention":"","priority_score":0,"aadt_2026":46450.56,"inspection_date":"2025-08-11 00:00:00","location_status":"Placed on exact national road host link"}},{"type":"Feature","id":"bridge-493","geometry":{"type":"Point","coordinates":[32.527211,0.331487]},"properties":{"structure_type":"Bridges","bridge_no":"B309","bridge_nam":"Sentema B12","link_no":"M20","link_name":"Kampala NorthernBypass","road_no":"M20","road_class":"M","district":"","region":"Central","station":"Kampala","surface_ty":"Paved","river":"Road Over Road","chainage_km":17.951,"bridge_len":null,"bridge_wid":null,"no_of_spans":"","overall_rating":7,"condition":"Good","status":"","recommended_intervention":"","priority_score":0,"aadt_2026":46450.56,"inspection_date":"2025-08-11 00:00:00","location_status":"Placed on exact national road host link"}},{"type":"Feature","id":"bridge-494","geometry":{"type":"Point","coordinates":[32.642162,0.364389]},"properties":{"structure_type":"Bridges","bridge_no":"B310","bridge_nam":"Nalya-Kamuli Flyover Foot Bridge","link_no":"M20","link_name":"Kampala NorthernBypass","road_no":"M20","road_class":"M","district":"","region":"Central","station":"Kampala","surface_ty":"Paved","river":"Pedestrian Crossing","chainage_km":2.691,"bridge_len":null,"bridge_wid":null,"no_of_spans":"","overall_rating":7,"condition":"Good","status":"","recommended_intervention":"","priority_score":0,"aadt_2026":46450.56,"inspection_date":"2025-08-07 00:00:00","location_status":"Placed on exact national road host link"}},{"type":"Feature","id":"bridge-495","geometry":{"type":"Point","coordinates":[32.633979,0.363452]},"properties":{"structure_type":"Bridges","bridge_no":"B311","bridge_nam":"Nalya B1 Lhs","link_no":"M20","link_name":"Kampala NorthernBypass","road_no":"M20","road_class":"M","district":"","region":"Central","station":"Kampala","surface_ty":"Paved","river":"Road Over Road","chainage_km":3.815,"bridge_len":null,"bridge_wid":null,"no_of_spans":"","overall_rating":7,"condition":"Good","status":"","recommended_intervention":"","priority_score":0,"aadt_2026":46450.56,"inspection_date":"2025-08-07 00:00:00","location_status":"Placed on exact national road host link"}},{"type":"Feature","id":"bridge-496","geometry":{"type":"Point","coordinates":[32.635032,0.362321]},"properties":{"structure_type":"Bridges","bridge_no":"B322","bridge_nam":"Nalya B2 Lhs","link_no":"M20","link_name":"Kampala NorthernBypass","road_no":"M20","road_class":"M","district":"","region":"Central","station":"Kampala","surface_ty":"Paved","river":"Road Over Road","chainage_km":3.639,"bridge_len":null,"bridge_wid":null,"no_of_spans":"","overall_rating":7,"condition":"Good","status":"","recommended_intervention":"","priority_score":0,"aadt_2026":46450.56,"inspection_date":"2025-08-07 00:00:00","location_status":"Placed on exact national road host link"}},{"type":"Feature","id":"bridge-497","geometry":{"type":"Point","coordinates":[32.63359,0.36387]},"properties":{"structure_type":"Bridges","bridge_no":"B329","bridge_nam":"Nalya B1 Rhs","link_no":"M20","link_name":"Kampala NorthernBypass","road_no":"M20","road_class":"M","district":"","region":"Central","station":"Kampala","surface_ty":"Paved","river":"Road Over Road","chainage_km":3.88,"bridge_len":null,"bridge_wid":null,"no_of_spans":"","overall_rating":7,"condition":"Good","status":"","recommended_intervention":"","priority_score":0,"aadt_2026":46450.56,"inspection_date":"2025-08-07 00:00:00","location_status":"Placed on exact national road host link"}},{"type":"Feature","id":"bridge-498","geometry":{"type":"Point","coordinates":[32.633985,0.363446]},"properties":{"structure_type":"Bridges","bridge_no":"B341","bridge_nam":"Nalya B2 Rhs","link_no":"M20","link_name":"Kampala NorthernBypass","road_no":"M20","road_class":"M","district":"","region":"Central","station":"Kampala","surface_ty":"Paved","river":"Road Over Road","chainage_km":3.814,"bridge_len":null,"bridge_wid":null,"no_of_spans":"","overall_rating":7,"condition":"Good","status":"","recommended_intervention":"","priority_score":0,"aadt_2026":46450.56,"inspection_date":"2025-08-07 00:00:00","location_status":"Placed on exact national road host link"}},{"type":"Feature","id":"bridge-499","geometry":{"type":"Point","coordinates":[32.627707,0.369142]},"properties":{"structure_type":"Bridges","bridge_no":"B342","bridge_nam":"Kiwatule Under-Pass","link_no":"M20","link_name":"Kampala NorthernBypass","road_no":"M20","road_class":"M","district":"","region":"Central","station":"Kampala","surface_ty":"Paved","river":"Road Underpass","chainage_km":4.814,"bridge_len":null,"bridge_wid":null,"no_of_spans":"","overall_rating":7,"condition":"Good","status":"","recommended_intervention":"","priority_score":0,"aadt_2026":46450.56,"inspection_date":"2025-08-07 00:00:00","location_status":"Placed on exact national road host link"}},{"type":"Feature","id":"bridge-500","geometry":{"type":"Point","coordinates":[32.517018,0.312877]},"properties":{"structure_type":"Bridges","bridge_no":"B343","bridge_nam":"Busega","link_no":"M3_Link01","link_name":"Kampala - Entebbe Expressway","road_no":"M3","road_class":"M","district":"","region":"Central","station":"Kampala","surface_ty":"Paved","river":"Road Over Road","chainage_km":0.366,"bridge_len":null,"bridge_wid":null,"no_of_spans":"","overall_rating":6,"condition":"Satisfactory","status":"","recommended_intervention":"","priority_score":0,"aadt_2026":20711.35,"inspection_date":"2025-08-11 00:00:00","location_status":"Placed on exact national road host link"}},{"type":"Feature","id":"bridge-501","geometry":{"type":"Point","coordinates":[32.517018,0.312877]},"properties":{"structure_type":"Bridges","bridge_no":"B350","bridge_nam":"Busega","link_no":"M3_Link01","link_name":"Kampala - Entebbe Expressway","road_no":"M3","road_class":"M","district":"","region":"Central","station":"Kampala","surface_ty":"Paved","river":"Road Over Road","chainage_km":0.366,"bridge_len":null,"bridge_wid":null,"no_of_spans":"","overall_rating":6,"condition":"Satisfactory","status":"","recommended_intervention":"","priority_score":0,"aadt_2026":20711.35,"inspection_date":"2025-08-11 00:00:00","location_status":"Placed on exact national road host link"}},{"type":"Feature","id":"bridge-502","geometry":{"type":"Point","coordinates":[32.512642,0.303293]},"properties":{"structure_type":"Bridges","bridge_no":"B351","bridge_nam":"Kee B1","link_no":"M3_Link01","link_name":"Kampala - Entebbe Expressway","road_no":"M3","road_class":"M","district":"","region":"Central","station":"Kampala","surface_ty":"Paved","river":"Road Over Road","chainage_km":1.581,"bridge_len":null,"bridge_wid":null,"no_of_spans":"","overall_rating":6,"condition":"Satisfactory","status":"","recommended_intervention":"","priority_score":0,"aadt_2026":20711.35,"inspection_date":"2025-08-11 00:00:00","location_status":"Placed on exact national road host link"}},{"type":"Feature","id":"bridge-503","geometry":{"type":"Point","coordinates":[32.512642,0.303293]},"properties":{"structure_type":"Bridges","bridge_no":"B353","bridge_nam":"Kee B12","link_no":"M3_Link01","link_name":"Kampala - Entebbe Expressway","road_no":"M3","road_class":"M","district":"","region":"Central","station":"Kampala","surface_ty":"Paved","river":"Road Over Road","chainage_km":1.581,"bridge_len":null,"bridge_wid":null,"no_of_spans":"","overall_rating":6,"condition":"Satisfactory","status":"","recommended_intervention":"","priority_score":0,"aadt_2026":20711.35,"inspection_date":"2025-08-11 00:00:00","location_status":"Placed on exact national road host link"}},{"type":"Feature","id":"bridge-504","geometry":{"type":"Point","coordinates":[32.512358,0.299916]},"properties":{"structure_type":"Bridges","bridge_no":"B358","bridge_nam":"Kee B2","link_no":"M3_Link01","link_name":"Kampala - Entebbe Expressway","road_no":"M3","road_class":"M","district":"","region":"Central","station":"Kampala","surface_ty":"Paved","river":"Road Over Road","chainage_km":1.959,"bridge_len":null,"bridge_wid":null,"no_of_spans":"","overall_rating":6,"condition":"Satisfactory","status":"","recommended_intervention":"","priority_score":0,"aadt_2026":20711.35,"inspection_date":"2025-08-11 00:00:00","location_status":"Placed on exact national road host link"}},{"type":"Feature","id":"bridge-505","geometry":{"type":"Point","coordinates":[32.512358,0.299916]},"properties":{"structure_type":"Bridges","bridge_no":"B356","bridge_nam":"Kee B22","link_no":"M3_Link01","link_name":"Kampala - Entebbe Expressway","road_no":"M3","road_class":"M","district":"","region":"Central","station":"Kampala","surface_ty":"Paved","river":"Road Over Road","chainage_km":1.959,"bridge_len":null,"bridge_wid":null,"no_of_spans":"","overall_rating":6,"condition":"Satisfactory","status":"","recommended_intervention":"","priority_score":0,"aadt_2026":20711.35,"inspection_date":"2025-08-11 00:00:00","location_status":"Placed on exact national road host link"}},{"type":"Feature","id":"bridge-506","geometry":{"type":"Point","coordinates":[32.513887,0.282134]},"properties":{"structure_type":"Bridges","bridge_no":"B371","bridge_nam":"Kee B3 Overpass","link_no":"M3_Link01","link_name":"Kampala - Entebbe Expressway","road_no":"M3","road_class":"M","district":"","region":"Central","station":"Kampala","surface_ty":"Paved","river":"Road Over Road","chainage_km":4.024,"bridge_len":null,"bridge_wid":null,"no_of_spans":"","overall_rating":6,"condition":"Satisfactory","status":"","recommended_intervention":"","priority_score":0,"aadt_2026":20711.35,"inspection_date":"2025-08-11 00:00:00","location_status":"Placed on exact national road host link"}},{"type":"Feature","id":"bridge-507","geometry":{"type":"Point","coordinates":[32.516033,0.278281]},"properties":{"structure_type":"Bridges","bridge_no":"B374","bridge_nam":"Kee B4 Overpass","link_no":"M3_Link01","link_name":"Kampala - Entebbe Expressway","road_no":"M3","road_class":"M","district":"","region":"Central","station":"Kampala","surface_ty":"Paved","river":"Road Over Road","chainage_km":4.516,"bridge_len":null,"bridge_wid":null,"no_of_spans":"","overall_rating":6,"condition":"Satisfactory","status":"","recommended_intervention":"","priority_score":0,"aadt_2026":20711.35,"inspection_date":"2025-08-11 00:00:00","location_status":"Placed on exact national road host link"}},{"type":"Feature","id":"bridge-508","geometry":{"type":"Point","coordinates":[32.520068,0.271037]},"properties":{"structure_type":"Bridges","bridge_no":"B377","bridge_nam":"Kee B5","link_no":"M3_Link01","link_name":"Kampala - Entebbe Expressway","road_no":"M3","road_class":"M","district":"","region":"Central","station":"Kampala","surface_ty":"Paved","river":"Road Over Road","chainage_km":5.441,"bridge_len":null,"bridge_wid":null,"no_of_spans":"","overall_rating":6,"condition":"Satisfactory","status":"","recommended_intervention":"","priority_score":0,"aadt_2026":20711.35,"inspection_date":"2025-08-11 00:00:00","location_status":"Placed on exact national road host link"}},{"type":"Feature","id":"bridge-509","geometry":{"type":"Point","coordinates":[32.520594,0.266383]},"properties":{"structure_type":"Bridges","bridge_no":"B226","bridge_nam":"Kee B6 Underpass","link_no":"M3_Link01","link_name":"Kampala - Entebbe Expressway","road_no":"M3","road_class":"M","district":"","region":"Central","station":"Kampala","surface_ty":"Paved","river":"Road Underpass","chainage_km":5.966,"bridge_len":null,"bridge_wid":null,"no_of_spans":"","overall_rating":6,"condition":"Satisfactory","status":"","recommended_intervention":"","priority_score":0,"aadt_2026":20711.35,"inspection_date":"2025-08-11 00:00:00","location_status":"Placed on exact national road host link"}},{"type":"Feature","id":"bridge-510","geometry":{"type":"Point","coordinates":[31.56416,2.28311]},"properties":{"structure_type":"Bridges","bridge_no":"B636","bridge_nam":"Paraa Bridge","link_no":"C626_Link01","link_name":"Park junction - Paraa","road_no":"C626","road_class":"C","district":"","region":"Western","station":"Masindi","surface_ty":"Paved","river":"","chainage_km":7.701,"bridge_len":null,"bridge_wid":null,"no_of_spans":"","overall_rating":7,"condition":"Good","status":"","recommended_intervention":"","priority_score":0,"aadt_2026":722.92,"inspection_date":"2025-08-18 00:00:00","location_status":"Placed on exact national road host link"}},{"type":"Feature","id":"bridge-511","geometry":{"type":"Point","coordinates":[31.564473,2.284958]},"properties":{"structure_type":"Bridges","bridge_no":"B889","bridge_nam":"Paraa Bridge 2","link_no":"C626_Link02","link_name":"Paraa - Packwach","road_no":"C626","road_class":"C","district":"11","region":"Western","station":"Masindi","surface_ty":"Paved","river":"","chainage_km":7.906,"bridge_len":71,"bridge_wid":8,"no_of_spans":3,"overall_rating":7,"condition":"Good","status":"","recommended_intervention":"","priority_score":0,"aadt_2026":722.92,"inspection_date":"2025-08-18 00:00:00","location_status":"Placed on exact national road host link"}},{"type":"Feature","id":"bridge-512","geometry":{"type":"Point","coordinates":[31.564473,2.284958]},"properties":{"structure_type":"Bridges","bridge_no":"B640","bridge_nam":"Sambia Bridge","link_no":"C626_Link02","link_name":"Paraa - Packwach","road_no":"C626","road_class":"C","district":"","region":"Western","station":"Masindi","surface_ty":"Paved","river":"","chainage_km":7.906,"bridge_len":null,"bridge_wid":null,"no_of_spans":"","overall_rating":7,"condition":"Good","status":"","recommended_intervention":"","priority_score":0,"aadt_2026":722.92,"inspection_date":"2025-08-18 00:00:00","location_status":"Placed on exact national road host link"}},{"type":"Feature","id":"bridge-513","geometry":{"type":"Point","coordinates":[31.564473,2.284958]},"properties":{"structure_type":"Bridges","bridge_no":"B641","bridge_nam":"B3(K-P5)","link_no":"C626_Link02","link_name":"Paraa - Packwach","road_no":"C626","road_class":"C","district":"","region":"Western","station":"Masindi","surface_ty":"Paved","river":"","chainage_km":7.906,"bridge_len":null,"bridge_wid":null,"no_of_spans":"","overall_rating":7,"condition":"Good","status":"","recommended_intervention":"","priority_score":0,"aadt_2026":722.92,"inspection_date":"2025-08-18 00:00:00","location_status":"Placed on exact national road host link"}},{"type":"Feature","id":"bridge-514","geometry":{"type":"Point","coordinates":[31.564473,2.284958]},"properties":{"structure_type":"Bridges","bridge_no":"B642","bridge_nam":"B2(K-P5)","link_no":"C626_Link02","link_name":"Paraa - Packwach","road_no":"C626","road_class":"C","district":"","region":"Western","station":"Masindi","surface_ty":"Paved","river":"","chainage_km":7.906,"bridge_len":null,"bridge_wid":null,"no_of_spans":"","overall_rating":7,"condition":"Good","status":"","recommended_intervention":"","priority_score":0,"aadt_2026":722.92,"inspection_date":"2025-08-18 00:00:00","location_status":"Placed on exact national road host link"}},{"type":"Feature","id":"bridge-515","geometry":{"type":"Point","coordinates":[31.564473,2.284958]},"properties":{"structure_type":"Bridges","bridge_no":"B643","bridge_nam":"B1(K-P5)","link_no":"C626_Link02","link_name":"Paraa - Packwach","road_no":"C626","road_class":"C","district":"","region":"Western","station":"Masindi","surface_ty":"Paved","river":"","chainage_km":7.906,"bridge_len":null,"bridge_wid":null,"no_of_spans":"","overall_rating":7,"condition":"Good","status":"","recommended_intervention":"","priority_score":0,"aadt_2026":722.92,"inspection_date":"2025-08-18 00:00:00","location_status":"Placed on exact national road host link"}},{"type":"Feature","id":"bridge-516","geometry":{"type":"Point","coordinates":[34.165218,1.139788]},"properties":{"structure_type":"Bridges","bridge_no":"B027","bridge_nam":"Nabuyonga Bridge","link_no":"A007_Link04","link_name":"Mbale - Namunsi - Kumi","road_no":"A007","road_class":"A","district":"","region":"Eastern","station":"Mbale","surface_ty":"Paved","river":"Nabuyonga River","chainage_km":55.686,"bridge_len":17.15,"bridge_wid":18.3,"no_of_spans":3,"overall_rating":5,"condition":"Good","status":"Operational","recommended_intervention":"Preventive Repair","priority_score":114,"aadt_2026":10667.71,"inspection_date":"","location_status":"Placed on exact national road host link"}},{"type":"Feature","id":"bridge-517","geometry":{"type":"Point","coordinates":[31.813737,3.553564]},"properties":{"structure_type":"Bridges","bridge_no":"B128","bridge_nam":"Eyiagwea","link_no":"B250_Link01","link_name":"Laropi - Moyo","road_no":"B250","road_class":"B","district":"","region":"Northern","station":"Moyo","surface_ty":"Unpaved","river":"Eyiagwea","chainage_km":3.368,"bridge_len":7.5,"bridge_wid":3.65,"no_of_spans":1,"overall_rating":3,"condition":"Fair","status":"Development","recommended_intervention":"Major Rehabilitation","priority_score":230.8,"aadt_2026":7586.69,"inspection_date":"2021-11-03","location_status":"Placed on exact national road host link"}},{"type":"Feature","id":"bridge-518","geometry":{"type":"Point","coordinates":[31.814588,3.609385]},"properties":{"structure_type":"Bridges","bridge_no":"B130","bridge_nam":"Surumu","link_no":"B250_Link01","link_name":"Laropi - Moyo","road_no":"B250","road_class":"B","district":"","region":"Northern","station":"Moyo","surface_ty":"Unpaved","river":"River Surumu","chainage_km":32.865,"bridge_len":6.85,"bridge_wid":3.45,"no_of_spans":1,"overall_rating":1,"condition":"Critical","status":"Operational","recommended_intervention":"Bridge Replacement","priority_score":470,"aadt_2026":7586.69,"inspection_date":"2021-11-03","location_status":"Placed on exact national road host link"}},{"type":"Feature","id":"bridge-519","geometry":{"type":"Point","coordinates":[31.821177,3.562214]},"properties":{"structure_type":"Bridges","bridge_no":"B131","bridge_nam":"Cala","link_no":"B250_Link01","link_name":"Laropi - Moyo","road_no":"B250","road_class":"B","district":"","region":"Northern","station":"Moyo","surface_ty":"Unpaved","river":"Cala River","chainage_km":8.192,"bridge_len":14,"bridge_wid":3.45,"no_of_spans":2,"overall_rating":3,"condition":"Good","status":"Development","recommended_intervention":"Major Rehabilitation","priority_score":186,"aadt_2026":7586.69,"inspection_date":"2021-11-03","location_status":"Placed on exact national road host link"}},{"type":"Feature","id":"bridge-520","geometry":{"type":"Point","coordinates":[31.163809,3.287915]},"properties":{"structure_type":"Bridges","bridge_no":"B140","bridge_nam":"Ozoro","link_no":"B250_Link03","link_name":"Yumbe - Manibe","road_no":"B250","road_class":"B","district":"","region":"Northern","station":"Arua","surface_ty":"Unpaved","river":"Ozoro","chainage_km":189.175,"bridge_len":3.4,"bridge_wid":3.4,"no_of_spans":1,"overall_rating":1,"condition":"Poor","status":"Development","recommended_intervention":"Bridge Replacement","priority_score":355,"aadt_2026":1796.22,"inspection_date":"2021-11-03","location_status":"Placed on exact national road host link"}},{"type":"Feature","id":"bridge-521","geometry":{"type":"Point","coordinates":[31.150181,3.278513]},"properties":{"structure_type":"Bridges","bridge_no":"B141","bridge_nam":"Nvetre","link_no":"B250_Link03","link_name":"Yumbe - Manibe","road_no":"B250","road_class":"B","district":"","region":"Northern","station":"Arua","surface_ty":"Unpaved","river":"River Nvetre","chainage_km":191.107,"bridge_len":3.2,"bridge_wid":3.2,"no_of_spans":1,"overall_rating":1,"condition":"Poor","status":"Development","recommended_intervention":"Bridge Replacement","priority_score":355,"aadt_2026":1796.22,"inspection_date":"2021-11-03","location_status":"Placed on exact national road host link"}},{"type":"Feature","id":"bridge-522","geometry":{"type":"Point","coordinates":[32.914347,3.146069]},"properties":{"structure_type":"Bridges","bridge_no":"B152","bridge_nam":"Acholibur Bridge","link_no":"B252_Link03","link_name":"Acholibur - Kitgum","road_no":"B252","road_class":"B","district":"","region":"Northern","station":"Kitgum","surface_ty":"Paved","river":"Acholibur","chainage_km":104.76,"bridge_len":4.4,"bridge_wid":7.9,"no_of_spans":1,"overall_rating":5,"condition":"Good","status":"Development","recommended_intervention":"Preventive Repair","priority_score":106.6,"aadt_2026":2841.93,"inspection_date":"2021-11-03","location_status":"Placed on exact national road host link"}},{"type":"Feature","id":"bridge-523","geometry":{"type":"Point","coordinates":[32.926111,3.211001]},"properties":{"structure_type":"Bridges","bridge_no":"B153","bridge_nam":"Dure Bridge","link_no":"B252_Link03","link_name":"Acholibur - Kitgum","road_no":"B252","road_class":"B","district":"","region":"Northern","station":"Kitgum","surface_ty":"Paved","river":"Dure Stream","chainage_km":112.25,"bridge_len":5.4,"bridge_wid":7.9,"no_of_spans":1,"overall_rating":5,"condition":"Good","status":"Development","recommended_intervention":"Preventive Repair","priority_score":104.3,"aadt_2026":2841.93,"inspection_date":"2021-11-03","location_status":"Placed on exact national road host link"}},{"type":"Feature","id":"bridge-524","geometry":{"type":"Point","coordinates":[32.958027,3.367155]},"properties":{"structure_type":"Bridges","bridge_no":"B155","bridge_nam":"Lanyang Bridge","link_no":"B252_Link04","link_name":"Kitgum - Madi Opei","road_no":"B252","road_class":"B","district":"","region":"Northern","station":"Kitgum","surface_ty":"Paved","river":"Lanyang Stream","chainage_km":135.736,"bridge_len":14.2,"bridge_wid":4.65,"no_of_spans":2,"overall_rating":5,"condition":"Good","status":"Development","recommended_intervention":"Preventive Repair","priority_score":83.6,"aadt_2026":3267.38,"inspection_date":"2021-11-03","location_status":"Placed on exact national road host link"}},{"type":"Feature","id":"bridge-525","geometry":{"type":"Point","coordinates":[33.0357,3.438119]},"properties":{"structure_type":"Bridges","bridge_no":"B157","bridge_nam":"Agwapoke","link_no":"B252_Link04","link_name":"Kitgum - Madi Opei","road_no":"B252","road_class":"B","district":"","region":"Northern","station":"Kitgum","surface_ty":"Paved","river":"Agwapoke Stream","chainage_km":148.1,"bridge_len":null,"bridge_wid":null,"no_of_spans":"","overall_rating":0,"condition":"No Data","status":"","recommended_intervention":"","priority_score":0,"aadt_2026":3267.38,"inspection_date":"","location_status":"Placed on exact national road host link"}},{"type":"Feature","id":"bridge-526","geometry":{"type":"Point","coordinates":[33.349197,2.754982]},"properties":{"structure_type":"Bridges","bridge_no":"B180","bridge_nam":"Agago Bridge","link_no":"B302_Link02","link_name":"Abim - Kilak","road_no":"B302","road_class":"B","district":"","region":"Northern","station":"Kitgum","surface_ty":"Unpaved","river":"Agago River","chainage_km":99.544,"bridge_len":14.7,"bridge_wid":3.45,"no_of_spans":2,"overall_rating":7,"condition":"Good","status":"Development","recommended_intervention":"Routine Maintenance","priority_score":44.5,"aadt_2026":861.37,"inspection_date":"2021-11-03","location_status":"Placed on exact national road host link"}},{"type":"Feature","id":"bridge-527","geometry":{"type":"Point","coordinates":[32.841743,3.081186]},"properties":{"structure_type":"Bridges","bridge_no":"B190","bridge_nam":"Atika Bridge","link_no":"C681_Link01","link_name":"Acholibur - Aswa","road_no":"C681","road_class":"C","district":"","region":"Northern","station":"Kitgum","surface_ty":"Paved","river":"Atika Stream","chainage_km":10.759,"bridge_len":5.5,"bridge_wid":5.13,"no_of_spans":1,"overall_rating":7,"condition":"Good","status":"Development","recommended_intervention":"Routine Maintenance","priority_score":41.2,"aadt_2026":1358.82,"inspection_date":"2021-11-03","location_status":"Placed on exact national road host link"}},{"type":"Feature","id":"bridge-528","geometry":{"type":"Point","coordinates":[32.78371,3.04594]},"properties":{"structure_type":"Bridges","bridge_no":"B191","bridge_nam":"Ogeng Bridge","link_no":"C681_Link01","link_name":"Acholibur - Aswa","road_no":"C681","road_class":"C","district":"","region":"Northern","station":"Kitgum","surface_ty":"Paved","river":"Ogeng Stream","chainage_km":18.44,"bridge_len":null,"bridge_wid":null,"no_of_spans":"","overall_rating":0,"condition":"No Data","status":"","recommended_intervention":"","priority_score":0,"aadt_2026":1358.82,"inspection_date":"","location_status":"Placed on exact national road host link"}},{"type":"Feature","id":"bridge-529","geometry":{"type":"Point","coordinates":[32.755656,3.019484]},"properties":{"structure_type":"Bridges","bridge_no":"B193","bridge_nam":"Atanga Bridge","link_no":"C681_Link01","link_name":"Acholibur - Aswa","road_no":"C681","road_class":"C","district":"","region":"Northern","station":"Kitgum","surface_ty":"Paved","river":"Atanga River","chainage_km":22.94,"bridge_len":null,"bridge_wid":null,"no_of_spans":"","overall_rating":0,"condition":"No Data","status":"","recommended_intervention":"","priority_score":0,"aadt_2026":1358.82,"inspection_date":"","location_status":"Placed on exact national road host link"}},{"type":"Feature","id":"bridge-530","geometry":{"type":"Point","coordinates":[32.345384,2.821144]},"properties":{"structure_type":"Bridges","bridge_no":"B194","bridge_nam":"Unyama","link_no":"C681_Link02","link_name":"Aswa - Gulu","road_no":"C681","road_class":"C","district":"","region":"Northern","station":"Gulu","surface_ty":"Paved","river":"Unyama","chainage_km":76.01,"bridge_len":null,"bridge_wid":null,"no_of_spans":"","overall_rating":0,"condition":"No Data","status":"","recommended_intervention":"","priority_score":0,"aadt_2026":1834.47,"inspection_date":"","location_status":"Placed on exact national road host link"}},{"type":"Feature","id":"bridge-531","geometry":{"type":"Point","coordinates":[33.091062,3.619288]},"properties":{"structure_type":"Bridges","bridge_no":"B205","bridge_nam":"Lakaye Bridge","link_no":"B252_Link04","link_name":"Kitgum - Madi Opei","road_no":"B252","road_class":"B","district":"","region":"Northern","station":"Kitgum","surface_ty":"Paved","river":"Lakaye Stream","chainage_km":169.365,"bridge_len":4.1,"bridge_wid":4.2,"no_of_spans":1,"overall_rating":5,"condition":"Good","status":"Development","recommended_intervention":"Preventive Repair","priority_score":81.3,"aadt_2026":3267.38,"inspection_date":"2021-11-03","location_status":"Placed on exact national road host link"}},{"type":"Feature","id":"bridge-532","geometry":{"type":"Point","coordinates":[34.089446,0.904873]},"properties":{"structure_type":"Bridges","bridge_no":"B357","bridge_nam":"Kapisa Bridge","link_no":"C838_Link02","link_name":"Kidoko - Kachonga","road_no":"C838","road_class":"C","district":"","region":"Eastern","station":"Tororo","surface_ty":"Unpaved","river":"Kapisa River","chainage_km":12.3,"bridge_len":6.67,"bridge_wid":4.85,"no_of_spans":1,"overall_rating":3,"condition":"Fair","status":"Operational","recommended_intervention":"Major Rehabilitation","priority_score":190,"aadt_2026":5179.88,"inspection_date":"2021-11-03","location_status":"Placed on exact national road host link"}},{"type":"Feature","id":"bridge-533","geometry":{"type":"Point","coordinates":[33.69344,1.05509]},"properties":{"structure_type":"Bridges","bridge_no":"B372","bridge_nam":"Methi","link_no":"C891_Link01","link_name":"Buseta - Bugiri","road_no":"C891","road_class":"C","district":"","region":"Eastern","station":"Mbale","surface_ty":"Unpaved","river":"Methi-Meru","chainage_km":7.55,"bridge_len":6.4,"bridge_wid":4.4,"no_of_spans":1,"overall_rating":3,"condition":"Fair","status":"Operational","recommended_intervention":"Major Rehabilitation","priority_score":190,"aadt_2026":1808.85,"inspection_date":"2021-11-03","location_status":"Placed on exact national road host link"}},{"type":"Feature","id":"bridge-534","geometry":{"type":"Point","coordinates":[33.88843,1.32607]},"properties":{"structure_type":"Bridges","bridge_no":"B378","bridge_nam":"Atoot","link_no":"C930_Link02","link_name":"Ngora - Mukongoro","road_no":"C930","road_class":"C","district":"","region":"North Eastern","station":"Soroti","surface_ty":"Unpaved","river":"Atoot","chainage_km":23.068,"bridge_len":9,"bridge_wid":4.82,"no_of_spans":1,"overall_rating":7,"condition":"Good","status":"Operational","recommended_intervention":"Routine Maintenance","priority_score":46,"aadt_2026":3855.92,"inspection_date":"2021-11-03","location_status":"Placed on exact national road host link"}},{"type":"Feature","id":"bridge-535","geometry":{"type":"Point","coordinates":[33.58077,2.33242]},"properties":{"structure_type":"Bridges","bridge_no":"B379","bridge_nam":"Opot","link_no":"C941_Link01","link_name":"Amuria (Kuju) - Obalang","road_no":"C941","road_class":"C","district":"","region":"North Eastern","station":"Soroti","surface_ty":"Unpaved","river":"Opot","chainage_km":33.058,"bridge_len":7,"bridge_wid":5,"no_of_spans":1,"overall_rating":7,"condition":"Good","status":"Operational","recommended_intervention":"Routine Maintenance","priority_score":34,"aadt_2026":2301.02,"inspection_date":"2021-11-03","location_status":"Placed on exact national road host link"}},{"type":"Feature","id":"bridge-536","geometry":{"type":"Point","coordinates":[32.626076,0.369058]},"properties":{"structure_type":"Bridges","bridge_no":"B393","bridge_nam":"Kiwatule Flyover","link_no":"M20","link_name":"Kampala NorthernBypass","road_no":"M20","road_class":"M","district":"","region":"Central","station":"Kampala","surface_ty":"Paved","river":"Road Over Road","chainage_km":5,"bridge_len":28.700001,"bridge_wid":9.72,"no_of_spans":1,"overall_rating":7,"condition":"Good","status":"Operational","recommended_intervention":"Routine Maintenance","priority_score":46,"aadt_2026":46450.56,"inspection_date":"","location_status":"Placed on exact national road host link"}},{"type":"Feature","id":"bridge-537","geometry":{"type":"Point","coordinates":[32.65356,0.34894]},"properties":{"structure_type":"Bridges","bridge_no":"B394","bridge_nam":"Najeera Flyover","link_no":"M20","link_name":"Kampala NorthernBypass","road_no":"M20","road_class":"M","district":"","region":"Central","station":"Kampala","surface_ty":"Paved","river":"Road Over Road","chainage_km":0,"bridge_len":54.799999,"bridge_wid":9.97,"no_of_spans":4,"overall_rating":7,"condition":"Good","status":"Operational","recommended_intervention":"Routine Maintenance","priority_score":34,"aadt_2026":46450.56,"inspection_date":"","location_status":"Placed on exact national road host link"}},{"type":"Feature","id":"bridge-538","geometry":{"type":"Point","coordinates":[32.65356,0.34894]},"properties":{"structure_type":"Bridges","bridge_no":"B396","bridge_nam":"Kyebando Flyover","link_no":"M20","link_name":"Kampala NorthernBypass","road_no":"M20","road_class":"M","district":"","region":"Central","station":"Kampala","surface_ty":"Paved","river":"Road Over Road","chainage_km":0,"bridge_len":33.200001,"bridge_wid":9.97,"no_of_spans":2,"overall_rating":7,"condition":"Good","status":"Operational","recommended_intervention":"Routine Maintenance","priority_score":34,"aadt_2026":46450.56,"inspection_date":"","location_status":"Placed on exact national road host link"}},{"type":"Feature","id":"bridge-539","geometry":{"type":"Point","coordinates":[32.65356,0.34894]},"properties":{"structure_type":"Bridges","bridge_no":"B397","bridge_nam":"Pedestrian Bridge at Kalerwe","link_no":"M20","link_name":"Kampala NorthernBypass","road_no":"M20","road_class":"M","district":"","region":"Central","station":"Kampala","surface_ty":"Paved","river":"Pedestrian Crossing","chainage_km":0,"bridge_len":212,"bridge_wid":2,"no_of_spans":4,"overall_rating":7,"condition":"Good","status":"Operational","recommended_intervention":"Routine Maintenance","priority_score":34,"aadt_2026":46450.56,"inspection_date":"2021-11-03","location_status":"Placed on exact national road host link"}},{"type":"Feature","id":"bridge-540","geometry":{"type":"Point","coordinates":[34.359734,0.895648]},"properties":{"structure_type":"Bridges","bridge_no":"B408","bridge_nam":"Kufu","link_no":"C870_Link03","link_name":"Munamba-Magale - Nangya","road_no":"C870","road_class":"C","district":"","region":"Eastern","station":"Tororo","surface_ty":"Unpaved","river":"Kufu","chainage_km":10.002,"bridge_len":null,"bridge_wid":null,"no_of_spans":1,"overall_rating":7,"condition":"Good","status":"Operational","recommended_intervention":"Routine Maintenance","priority_score":46,"aadt_2026":1588.56,"inspection_date":"","location_status":"Placed on exact national road host link"}},{"type":"Feature","id":"bridge-541","geometry":{"type":"Point","coordinates":[34.119052,0.893791]},"properties":{"structure_type":"Bridges","bridge_no":"B876","bridge_nam":"Lukha","link_no":"C837_Link02","link_name":"Kidoko - Busiu - Isikhoye","road_no":"C837","road_class":"C","district":"","region":"Eastern","station":"Tororo","surface_ty":"Unpaved","river":"Lukha River","chainage_km":1.311,"bridge_len":5.5,"bridge_wid":4.6,"no_of_spans":1,"overall_rating":3,"condition":"Poor","status":"Operational","recommended_intervention":"Major Rehabilitation","priority_score":220,"aadt_2026":1393.09,"inspection_date":"2021-11-03","location_status":"Placed on exact national road host link"}},{"type":"Feature","id":"bridge-556","geometry":{"type":"Point","coordinates":[32.512803,0.106383]},"properties":{"structure_type":"Bridges","bridge_no":"B421","bridge_nam":"Mpalla 1","link_no":"M3Int4_S2","link_name":"Mpala Interchange Slip 2","road_no":"M3","road_class":"M","district":"","region":"Central","station":"Kampala","surface_ty":"Paved","river":"Unknown","chainage_km":0.573,"bridge_len":68,"bridge_wid":7.3,"no_of_spans":1,"overall_rating":7,"condition":"Good","status":"","recommended_intervention":"","priority_score":0,"aadt_2026":20711.35,"inspection_date":"","location_status":"Placed on national road link from structure registry"}},{"type":"Feature","id":"bridge-558","geometry":{"type":"Point","coordinates":[32.512276,0.10576]},"properties":{"structure_type":"Bridges","bridge_no":"B422","bridge_nam":"Mpalla 2","link_no":"M3Int4_S1","link_name":"Mpala Interchange Slip 1","road_no":"M3","road_class":"M","district":"","region":"Central","station":"Kampala","surface_ty":"Paved","river":"Unknown","chainage_km":0.068,"bridge_len":78,"bridge_wid":7.3,"no_of_spans":1,"overall_rating":4,"condition":"Marginal","status":"","recommended_intervention":"","priority_score":0,"aadt_2026":20711.35,"inspection_date":"","location_status":"Placed on national road link from structure registry"}},{"type":"Feature","id":"bridge-579","geometry":{"type":"Point","coordinates":[30.676906,0.102989]},"properties":{"structure_type":"Bridges","bridge_no":"B562","bridge_nam":"Nyamashekye Bridge","link_no":"C357_Link01","link_name":"Muzizi-Buremba","road_no":"C357","road_class":"C","district":"","region":"Southern","station":"Ibanda","surface_ty":"Unpaved","river":"Nyamashekye","chainage_km":22.739,"bridge_len":18.8,"bridge_wid":4.5,"no_of_spans":1,"overall_rating":7,"condition":"Good","status":"Operational","recommended_intervention":"Routine Maintenance","priority_score":34,"aadt_2026":2213.75,"inspection_date":"2021-11-03","location_status":"Placed on national road link from structure registry"}},{"type":"Feature","id":"bridge-634","geometry":{"type":"Point","coordinates":[33.872329,1.267505]},"properties":{"structure_type":"Bridges","bridge_no":"B059","bridge_nam":"Ladot","link_no":"B305_Link03","link_name":"Kanyago Bridge - Kumi","road_no":"B305","road_class":"B","district":"","region":"North Eastern","station":"Soroti","surface_ty":"Paved","river":"Ladot River","chainage_km":0.222,"bridge_len":49,"bridge_wid":6,"no_of_spans":1,"overall_rating":1,"condition":"Critical","status":"Operational","recommended_intervention":"Bridge Replacement","priority_score":470,"aadt_2026":3609.7,"inspection_date":"2021-11-03","location_status":"Placed on national road link from structure registry"}},{"type":"Feature","id":"bridge-635","geometry":{"type":"Point","coordinates":[32.598589,0.358745]},"properties":{"structure_type":"Bridges","bridge_no":"B395","bridge_nam":"Kisaasi Flyover","link_no":"M20","link_name":"Kampala NorthernBypass","road_no":"M20","road_class":"M","district":"","region":"Central","station":"Kampala","surface_ty":"Paved","river":"Unknown","chainage_km":8.561,"bridge_len":56,"bridge_wid":7.3,"no_of_spans":2,"overall_rating":7,"condition":"Good","status":"Operational","recommended_intervention":"Routine Maintenance","priority_score":34,"aadt_2026":46450.56,"inspection_date":"2021-11-03","location_status":"Placed on national road link from structure registry"}}]}